latitude,longitude,time,TEMP,CNDU,PSAL,TUR4,DOXY
degrees_north,degrees_east,UTC,degree_C,mS/cm,1,FNU,umol/L
42.031,3.23671,2026-01-01T00:05:00Z,13.32,42.227,35.894,1.23,313.33
42.031,3.23671,2026-01-01T01:08:00Z,13.29,42.212,35.917,1.19,313.0
42.031,3.23671,2026-01-01T02:11:00Z,13.26,42.178,35.913,1.12,313.05
42.031,3.23671,2026-01-01T03:14:00Z,13.32,42.279,35.95,1.06,312.72
42.031,3.23671,2026-01-01T04:17:00Z,13.01,41.801,35.787,1.13,313.1
42.031,3.23671,2026-01-01T05:20:00Z,13.33,42.437,36.089,0.92,310.49
42.031,3.23671,2026-01-01T06:23:00Z,12.74,41.354,35.611,1.13,313.39
42.031,3.23671,2026-01-01T07:26:00Z,13.14,41.951,35.808,1.04,312.01
42.031,3.23671,2026-01-01T08:29:00Z,13.06,41.934,35.864,1.11,312.51
42.031,3.23671,2026-01-01T09:32:00Z,13.08,41.959,35.873,1.01,312.91
42.031,3.23671,2026-01-01T10:35:00Z,13.21,42.118,35.899,1.05,313.7
42.031,3.23671,2026-01-01T11:38:00Z,13.13,41.918,35.781,0.97,315.89
42.031,3.23671,2026-01-01T12:41:00Z,13.53,42.613,36.065,0.85,313.91
42.031,3.23671,2026-01-01T13:44:00Z,13.44,42.458,36.001,0.84,315.06
42.031,3.23671,2026-01-01T14:47:00Z,13.77,43.323,36.513,0.68,311.88
42.031,3.23671,2026-01-01T15:50:00Z,13.78,43.347,36.521,0.71,312.89
42.031,3.23671,2026-01-01T16:53:00Z,13.38,42.146,35.766,1.06,316.52
42.031,3.23671,2026-01-01T17:56:00Z,13.5,42.734,36.205,0.91,314.79
42.031,3.23671,2026-01-01T18:59:00Z,13.58,43.011,36.396,0.73,313.02
42.031,3.23671,2026-01-01T20:00:00Z,13.59,43.059,36.434,0.71,312.51
42.031,3.23671,2026-01-01T21:00:00Z,13.61,43.204,36.55,0.69,311.2
42.031,3.23671,2026-01-01T22:00:00Z,13.56,43.222,36.611,0.65,310.64
42.031,3.23671,2026-01-01T23:00:00Z,13.61,43.277,36.618,0.6,310.6
42.031,3.23671,2026-01-02T00:00:00Z,13.67,43.437,36.717,0.59,309.77
42.031,3.23671,2026-01-02T00:05:00Z,13.66,43.429,36.72,0.56,309.77
42.031,3.23671,2026-01-02T01:08:00Z,13.59,43.349,36.704,0.48,309.77
42.031,3.23671,2026-01-02T02:11:00Z,13.34,42.832,36.46,0.62,310.8
42.031,3.23671,2026-01-02T03:14:00Z,13.23,42.563,36.304,0.65,311.02
42.031,3.23671,2026-01-02T04:17:00Z,13.14,42.315,36.155,0.67,311.02
42.031,3.23671,2026-01-02T05:20:00Z,13.26,42.518,36.237,0.69,310.39
42.031,3.23671,2026-01-02T06:23:00Z,13.09,41.904,35.805,0.79,311.06
42.031,3.23671,2026-01-02T07:26:00Z,13.06,41.869,35.8,0.81,311.22
42.031,3.23671,2026-01-02T08:29:00Z,13.38,42.605,36.199,0.65,310.24
42.031,3.23671,2026-01-02T09:32:00Z,13.35,42.565,36.192,0.65,310.94
42.031,3.23671,2026-01-02T10:35:00Z,13.3,42.434,36.113,0.71,312.33
42.031,3.23671,2026-01-02T11:38:00Z,13.21,41.889,35.682,0.95,313.39
42.031,3.23671,2026-01-02T12:41:00Z,13.47,42.289,35.812,0.74,313.04
42.031,3.23671,2026-01-02T13:44:00Z,13.57,42.81,36.212,0.67,313.95
42.031,3.23671,2026-01-02T14:47:00Z,13.62,43.062,36.401,0.6,315.19
42.031,3.23671,2026-01-02T15:50:00Z,13.41,42.331,35.915,0.72,315.63
42.031,3.23671,2026-01-02T16:53:00Z,13.28,42.252,35.956,0.63,315.42
42.031,3.23671,2026-01-02T17:56:00Z,13.15,41.978,35.823,0.63,314.72
42.031,3.23671,2026-01-02T18:59:00Z,12.89,40.034,34.207,0.87,315.3
42.031,3.23671,2026-01-02T20:00:00Z,13.1,41.351,35.271,0.67,314.27
42.031,3.23671,2026-01-02T21:00:00Z,13.17,41.996,35.822,0.56,313.77
42.031,3.23671,2026-01-02T22:00:00Z,13.52,43.084,36.523,0.42,312.33
42.031,3.23671,2026-01-02T23:00:00Z,13.55,43.233,36.639,0.41,311.91
42.031,3.23671,2026-01-03T00:00:00Z,13.77,43.66,36.827,0.4,309.97
42.031,3.23671,2026-01-03T00:05:00Z,13.81,43.715,36.845,0.41,309.64
42.031,3.23671,2026-01-03T01:08:00Z,13.44,42.942,36.461,0.39,311.54
42.031,3.23671,2026-01-03T02:11:00Z,13.59,43.166,36.537,0.42,310.17
42.031,3.23671,2026-01-03T03:14:00Z,13.85,43.762,36.847,0.35,308.94
42.031,3.23671,2026-01-03T04:17:00Z,13.59,43.355,36.711,0.35,310.27
42.031,3.23671,2026-01-03T05:20:00Z,13.9,43.869,36.903,0.55,308.08
42.031,3.23671,2026-01-03T06:23:00Z,13.88,43.839,36.892,0.42,305.44
42.031,3.23671,2026-01-03T07:26:00Z,13.86,43.693,36.776,0.33,304.77
42.031,3.23671,2026-01-03T08:29:00Z,13.95,43.862,36.847,0.42,303.69
42.031,3.23671,2026-01-03T09:32:00Z,14.06,44.058,36.928,0.33,302.79
42.031,3.23671,2026-01-03T10:35:00Z,14.11,44.161,36.973,0.28,302.83
42.031,3.23671,2026-01-03T11:38:00Z,14.1,44.133,36.953,0.33,303.2
42.031,3.23671,2026-01-03T12:41:00Z,13.87,43.666,36.742,0.39,306.36
42.031,3.23671,2026-01-03T13:44:00Z,13.94,43.816,36.812,0.39,305.54
42.031,3.23671,2026-01-03T14:47:00Z,14.04,44.016,36.902,0.38,304.36
42.031,3.23671,2026-01-03T15:50:00Z,14.04,44.038,36.923,0.31,304.83
42.031,3.23671,2026-01-03T16:53:00Z,14.24,44.529,37.197,0.37,301.5
42.031,3.23671,2026-01-03T17:56:00Z,14.21,44.45,37.148,0.4,302.17
42.031,3.23671,2026-01-03T18:59:00Z,14.16,44.332,37.089,0.34,302.75
42.031,3.23671,2026-01-03T20:00:00Z,14.1,44.248,37.063,0.34,303.13
42.031,3.23671,2026-01-03T21:00:00Z,14.09,44.227,37.056,0.31,303.18
42.031,3.23671,2026-01-03T22:00:00Z,14.09,44.212,37.042,0.36,303.43
42.031,3.23671,2026-01-03T23:00:00Z,14.1,44.249,37.064,0.63,303.62
42.031,3.23671,2026-01-04T00:00:00Z,14.16,44.364,37.119,0.39,304.29
42.031,3.23671,2026-01-04T00:05:00Z,14.15,44.366,37.124,0.59,303.95
42.031,3.23671,2026-01-04T01:08:00Z,14.16,44.385,37.131,0.28,302.36
42.031,3.23671,2026-01-04T02:11:00Z,14.13,44.339,37.117,0.36,303.24
42.031,3.23671,2026-01-04T03:14:00Z,14.07,44.241,37.087,0.31,303.93
42.031,3.23671,2026-01-04T04:17:00Z,14.04,44.187,37.066,0.43,303.39
42.031,3.23671,2026-01-04T05:20:00Z,14.06,44.211,37.069,0.28,304.83
42.031,3.23671,2026-01-04T06:23:00Z,14.07,44.227,37.075,0.3,303.61
42.031,3.23671,2026-01-04T07:26:00Z,14.06,44.23,37.086,0.28,302.67
42.031,3.23671,2026-01-04T08:29:00Z,14.06,44.233,37.093,0.54,302.98
42.031,3.23671,2026-01-04T09:32:00Z,14.04,44.221,37.096,0.42,303.6
42.031,3.23671,2026-01-04T10:35:00Z,14.03,44.218,37.1,0.28,302.87
42.031,3.23671,2026-01-04T11:38:00Z,14.03,44.221,37.103,0.47,303.63
42.031,3.23671,2026-01-04T12:41:00Z,14.05,44.239,37.106,0.78,303.52
42.031,3.23671,2026-01-04T13:44:00Z,14.03,44.225,37.112,0.28,303.64
42.031,3.23671,2026-01-04T14:47:00Z,14.04,44.244,37.118,0.44,303.51
42.031,3.23671,2026-01-04T15:50:00Z,14.02,44.228,37.122,0.3,304.14
42.031,3.23671,2026-01-04T16:53:00Z,13.98,44.184,37.119,0.23,304.76
42.031,3.23671,2026-01-04T17:56:00Z,13.96,44.155,37.109,0.27,305.7
42.031,3.23671,2026-01-04T18:59:00Z,13.94,44.132,37.111,0.27,305.79
42.031,3.23671,2026-01-04T20:00:00Z,14.01,44.235,37.141,0.36,304.24
42.031,3.23671,2026-01-04T21:00:00Z,14.11,44.42,37.211,0.27,303.14
42.031,3.23671,2026-01-04T22:00:00Z,14.12,44.459,37.239,0.39,302.25
42.031,3.23671,2026-01-04T23:00:00Z,14.15,44.534,37.288,0.31,301.68
42.031,3.23671,2026-01-05T00:00:00Z,13.99,44.299,37.22,0.27,302.86
42.031,3.23671,2026-01-05T00:05:00Z,14.04,44.367,37.234,0.25,302.48
42.031,3.23671,2026-01-05T01:08:00Z,14.15,44.608,37.357,0.26,301.36
42.031,3.23671,2026-01-05T02:11:00Z,14.22,44.753,37.421,0.28,300.39
42.031,3.23671,2026-01-05T03:14:00Z,14.29,44.918,37.508,0.26,298.25
42.031,3.23671,2026-01-05T04:17:00Z,14.2,44.82,37.502,0.12,298.51
42.031,3.23671,2026-01-05T05:20:00Z,14.12,44.692,37.457,0.19,299.11
42.031,3.23671,2026-01-05T06:23:00Z,14.05,44.575,37.425,0.14,300.26
42.031,3.23671,2026-01-05T07:26:00Z,14.09,44.69,37.489,0.14,298.67
42.031,3.23671,2026-01-05T08:29:00Z,14.13,44.765,37.517,0.18,297.93
42.031,3.23671,2026-01-05T09:32:00Z,14.11,44.677,37.454,0.23,299.11
42.031,3.23671,2026-01-05T10:35:00Z,14.13,44.684,37.442,0.25,299.39
42.031,3.23671,2026-01-05T11:38:00Z,14.02,44.512,37.394,0.26,301.57
42.031,3.23671,2026-01-05T12:41:00Z,14.24,44.873,37.513,0.21,297.7
42.031,3.23671,2026-01-05T13:44:00Z,14.32,45.027,37.581,0.32,296.35
42.031,3.23671,2026-01-05T14:47:00Z,14.01,44.61,37.496,0.25,301.58
42.031,3.23671,2026-01-05T15:50:00Z,14.12,44.845,37.609,0.54,300.18
42.031,3.23671,2026-01-05T16:53:00Z,14.12,44.892,37.655,0.43,299.93
42.031,3.23671,2026-01-05T17:56:00Z,14.03,44.708,37.565,0.16,301.16
42.031,3.23671,2026-01-05T18:59:00Z,13.87,44.405,37.439,0.51,302.77
42.031,3.23671,2026-01-05T20:00:00Z,13.9,44.463,37.46,0.46,302.39
42.031,3.23671,2026-01-05T21:00:00Z,13.82,44.34,37.418,0.87,303.45
42.031,3.23671,2026-01-05T22:00:00Z,13.77,44.218,37.356,0.33,304.3
42.031,3.23671,2026-01-05T23:00:00Z,13.74,44.132,37.305,0.19,305.23
42.031,3.23671,2026-01-06T00:00:00Z,13.75,44.132,37.297,0.27,305.2
42.031,3.23671,2026-01-06T00:05:00Z,13.75,44.126,37.292,0.12,305.18
42.031,3.23671,2026-01-06T01:08:00Z,13.72,44.065,37.265,0.15,305.36
42.031,3.23671,2026-01-06T02:11:00Z,13.7,44.034,37.252,0.2,303.98
42.031,3.23671,2026-01-06T03:14:00Z,13.21,43.207,36.944,0.39,309.27
42.031,3.23671,2026-01-06T04:17:00Z,13.03,42.877,36.799,0.26,312.33
42.031,3.23671,2026-01-06T05:20:00Z,13.14,43.046,36.853,0.59,311.3
42.031,3.23671,2026-01-06T06:23:00Z,13.21,43.168,36.906,0.31,310.14
42.031,3.23671,2026-01-06T07:26:00Z,13.27,43.289,36.961,0.59,309.08
42.031,3.23671,2026-01-06T08:29:00Z,13.23,43.237,36.947,0.26,310.02
42.031,3.23671,2026-01-06T09:32:00Z,13.24,43.235,36.94,0.33,310.57
42.031,3.23671,2026-01-06T10:35:00Z,13.26,43.284,36.966,0.28,310.88
42.031,3.23671,2026-01-06T11:38:00Z,13.4,43.524,37.056,0.18,309.66
42.031,3.23671,2026-01-06T12:41:00Z,13.46,43.627,37.094,0.2,309.33
42.031,3.23671,2026-01-06T13:44:00Z,13.51,43.726,37.14,0.6,308.89
42.031,3.23671,2026-01-06T14:47:00Z,13.58,43.817,37.166,0.26,308.06
42.031,3.23671,2026-01-06T15:50:00Z,13.57,43.825,37.175,0.77,308.38
42.031,3.23671,2026-01-06T16:53:00Z,13.62,43.906,37.206,1.33,307.51
42.031,3.23671,2026-01-06T17:56:00Z,13.62,43.926,37.227,0.17,308.06
42.031,3.23671,2026-01-06T18:59:00Z,13.65,43.99,37.253,0.24,306.67
42.031,3.23671,2026-01-06T20:00:00Z,13.67,44.022,37.269,0.8,307.56
42.031,3.23671,2026-01-06T21:00:00Z,13.62,43.986,37.279,0.19,307.39
42.031,3.23671,2026-01-06T22:00:00Z,13.64,44.039,37.312,0.34,306.24
42.031,3.23671,2026-01-06T23:00:00Z,13.58,43.976,37.317,0.13,306.61
42.031,3.23671,2026-01-07T00:00:00Z,13.5,43.871,37.29,0.65,306.8
42.031,3.23671,2026-01-07T00:05:00Z,13.55,43.951,37.318,0.14,306.63
42.031,3.23671,2026-01-07T01:08:00Z,13.48,43.862,37.301,0.09,306.82
42.031,3.23671,2026-01-07T02:11:00Z,13.33,43.644,37.245,0.12,307.89
42.031,3.23671,2026-01-07T03:14:00Z,13.37,43.707,37.264,0.3,307.52
42.031,3.23671,2026-01-07T04:17:00Z,13.37,43.769,37.321,0.16,306.04
42.031,3.23671,2026-01-07T05:20:00Z,13.25,43.605,37.28,0.15,306.58
42.031,3.23671,2026-01-07T06:23:00Z,13.17,43.5,37.263,0.18,307.04
42.031,3.23671,2026-01-07T07:26:00Z,13.16,43.477,37.247,0.14,307.37
42.031,3.23671,2026-01-07T08:29:00Z,13.13,43.409,37.212,0.18,308.22
42.031,3.23671,2026-01-07T09:32:00Z,13.14,43.425,37.215,0.19,308.95
42.031,3.23671,2026-01-07T10:35:00Z,13.18,43.485,37.231,0.13,309.2
42.031,3.23671,2026-01-07T11:38:00Z,13.23,43.549,37.253,0.13,309.45
42.031,3.23671,2026-01-07T13:05:00Z,13.18,43.462,37.212,0.16,309.83
42.031,3.23671,2026-01-07T14:08:00Z,13.23,43.545,37.242,0.17,310.17
42.031,3.23671,2026-01-07T15:11:00Z,13.24,43.59,37.273,0.07,310.7
42.031,3.23671,2026-01-07T16:14:00Z,13.16,43.504,37.269,0.07,311.19
42.031,3.23671,2026-01-07T17:17:00Z,13.22,43.588,37.294,0.1,310.23
42.031,3.23671,2026-01-07T18:20:00Z,13.23,43.623,37.315,0.11,309.98
42.031,3.23671,2026-01-07T19:23:00Z,12.12,40.408,35.281,0.4,316.32
42.031,3.23671,2026-01-07T20:26:00Z,12.08,40.746,35.646,0.32,316.25
42.031,3.23671,2026-01-07T21:29:00Z,12.81,42.7,36.842,0.12,312.85
42.031,3.23671,2026-01-07T22:32:00Z,12.99,43.088,37.04,0.1,311.58
42.031,3.23671,2026-01-07T23:35:00Z,13.12,43.357,37.169,0.11,310.76
42.031,3.23671,2026-01-08T00:05:00Z,13.1,43.342,37.182,0.1,310.93
42.031,3.23671,2026-01-08T01:08:00Z,13.14,43.438,37.226,0.06,310.43
42.031,3.23671,2026-01-08T02:11:00Z,13.19,43.533,37.274,0.05,309.85
42.031,3.23671,2026-01-08T03:14:00Z,13.21,43.582,37.301,0.05,309.27
42.031,3.23671,2026-01-08T04:17:00Z,13.29,43.722,37.358,0.11,307.92
42.031,3.23671,2026-01-08T05:19:00Z,13.44,43.989,37.46,0.06,305.72
42.031,3.23671,2026-01-08T06:22:00Z,13.56,44.18,37.526,0.04,304.43
42.031,3.23671,2026-01-08T07:25:00Z,13.7,44.396,37.596,0.04,302.68
42.031,3.23671,2026-01-08T08:28:00Z,13.75,44.475,37.621,0.01,302.42
42.031,3.23671,2026-01-08T09:31:00Z,13.77,44.507,37.629,0.06,302.27
42.031,3.23671,2026-01-08T09:50:00Z,13.75,44.473,37.621,0.02,302.62
42.031,3.23671,2026-01-08T10:51:00Z,13.69,44.38,37.588,0.24,304.61
42.031,3.23671,2026-01-08T11:54:00Z,13.67,44.344,37.578,0.04,305.44
42.031,3.23671,2026-01-08T12:57:00Z,13.69,44.37,37.582,0.03,305.87
42.031,3.23671,2026-01-08T14:00:00Z,13.73,44.413,37.583,0.03,306.74
42.031,3.23671,2026-01-08T15:03:00Z,13.7,44.389,37.592,0.01,307.61
42.031,3.23671,2026-01-08T16:06:00Z,13.65,44.341,37.586,0.02,308.33
42.031,3.23671,2026-01-08T17:09:00Z,13.28,43.409,37.062,0.06,312.12
42.031,3.23671,2026-01-08T18:12:00Z,12.97,42.815,36.796,0.09,314.6
42.031,3.23671,2026-01-08T19:15:00Z,12.33,41.179,35.832,0.32,318.64
42.031,3.23671,2026-01-08T20:18:00Z,12.29,40.686,35.39,0.45,319.32
42.031,3.23671,2026-01-08T21:21:00Z,12.47,40.949,35.472,0.36,318.67
42.031,3.23671,2026-01-08T22:24:00Z,12.84,42.493,36.612,0.15,315.73
42.031,3.23671,2026-01-08T23:27:00Z,12.66,42.233,36.54,0.51,316.79
42.031,3.23671,2026-01-09T00:05:00Z,12.48,41.642,36.14,0.18,318.05
42.031,3.23671,2026-01-09T01:08:00Z,12.87,42.792,36.877,0.17,314.73
42.031,3.23671,2026-01-09T02:11:00Z,12.83,42.883,36.996,0.04,314.42
42.031,3.23671,2026-01-09T03:14:00Z,12.79,42.843,37.002,0.05,314.77
42.031,3.23671,2026-01-09T04:17:00Z,12.75,42.864,37.058,0.09,314.57
42.031,3.23671,2026-01-09T05:20:00Z,12.58,42.556,36.926,0.15,315.44
42.031,3.23671,2026-01-09T06:22:00Z,12.53,42.353,36.785,0.09,315.73
42.031,3.23671,2026-01-09T07:25:00Z,12.47,42.241,36.731,0.28,315.95
42.031,3.23671,2026-01-09T08:28:00Z,12.64,42.547,36.864,0.13,315.24
42.031,3.23671,2026-01-09T09:31:00Z,12.35,41.836,36.455,0.18,317.88
42.031,3.23671,2026-01-09T10:34:00Z,12.39,41.145,35.743,0.3,319.54
42.031,3.23671,2026-01-09T11:37:00Z,12.39,40.057,34.686,0.5,321.0
42.031,3.23671,2026-01-09T12:40:00Z,12.5,40.773,35.277,0.34,320.77
42.031,3.23671,2026-01-09T13:43:00Z,12.56,40.817,35.263,0.41,320.88
42.031,3.23671,2026-01-09T14:46:00Z,12.48,39.942,34.49,0.38,322.55
42.031,3.23671,2026-01-09T15:49:00Z,14.23,45.287,37.914,0.02,302.61
42.031,3.23671,2026-01-09T16:52:00Z,14.28,45.392,37.96,0.02,300.48
42.031,3.23671,2026-01-09T17:55:00Z,14.18,45.259,37.936,0.04,301.63
42.031,3.23671,2026-01-09T18:58:00Z,14.19,45.298,37.968,0.06,301.08
42.031,3.23671,2026-01-09T20:00:00Z,14.18,45.322,37.997,0.04,301.08
42.031,3.23671,2026-01-09T21:00:00Z,14.19,45.351,38.016,0.03,300.45
42.031,3.23671,2026-01-09T22:00:00Z,13.85,44.63,37.672,0.07,302.61
42.031,3.23671,2026-01-09T23:00:00Z,13.99,44.937,37.821,0.08,301.79
42.031,3.23671,2026-01-10T00:00:00Z,14.02,45.0,37.852,0.07,301.99
42.031,3.23671,2026-01-10T00:05:00Z,14.02,45.0,37.852,0.04,301.41
42.031,3.23671,2026-01-10T01:08:00Z,14.13,45.23,37.956,0.02,299.33
42.031,3.23671,2026-01-10T02:11:00Z,14.13,45.212,37.946,0.03,299.02
42.031,3.23671,2026-01-10T03:14:00Z,14.0,45.074,37.936,0.04,299.95
42.031,3.23671,2026-01-10T04:17:00Z,14.28,45.543,38.107,0.01,297.82
42.031,3.23671,2026-01-10T05:20:00Z,14.25,45.511,38.107,0.01,297.77
42.031,3.23671,2026-01-10T06:23:00Z,14.26,45.527,38.105,0.0,298.48
42.031,3.23671,2026-01-10T07:26:00Z,14.06,45.172,37.976,0.04,298.92
42.031,3.23671,2026-01-10T08:29:00Z,13.97,45.023,37.918,0.01,299.27
42.031,3.23671,2026-01-10T09:32:00Z,13.94,44.943,37.875,0.1,299.89
42.031,3.23671,2026-01-10T10:35:00Z,13.8,44.607,37.698,0.1,301.19
42.031,3.23671,2026-01-10T11:38:00Z,13.94,44.833,37.771,0.06,300.95
42.031,3.23671,2026-01-10T12:41:00Z,14.05,45.074,37.89,0.07,300.38
42.031,3.23671,2026-01-10T13:43:00Z,14.21,45.453,38.094,0.02,299.73
42.031,3.23671,2026-01-10T14:46:00Z,14.2,45.433,38.084,0.03,301.67
42.031,3.23671,2026-01-10T15:49:00Z,14.22,45.456,38.084,0.02,301.2
42.031,3.23671,2026-01-10T16:52:00Z,14.21,45.455,38.087,0.0,300.29
42.031,3.23671,2026-01-10T17:55:00Z,14.21,45.448,38.088,0.1,300.26
42.031,3.23671,2026-01-10T18:58:00Z,14.22,45.464,38.09,0.01,299.87
42.031,3.23671,2026-01-10T20:00:00Z,14.24,45.483,38.091,0.04,299.77
42.031,3.23671,2026-01-10T21:00:00Z,14.2,45.446,38.092,0.02,300.73
42.031,3.23671,2026-01-10T22:00:00Z,14.2,45.449,38.092,0.01,302.23
42.031,3.23671,2026-01-10T23:00:00Z,14.17,45.413,38.093,0.0,299.5
42.031,3.23671,2026-01-11T00:00:00Z,14.16,45.418,38.102,0.05,297.82
42.031,3.23671,2026-01-11T00:05:00Z,14.17,45.426,38.102,0.05,298.92
42.031,3.23671,2026-01-11T01:08:00Z,14.16,45.419,38.104,0.02,296.89
42.031,3.23671,2026-01-11T02:11:00Z,13.3,44.028,37.64,0.15,313.62
42.031,3.23671,2026-01-11T03:14:00Z,13.24,43.926,37.601,0.17,310.49
42.031,3.23671,2026-01-11T04:17:00Z,13.24,43.93,37.599,0.06,310.74
42.031,3.23671,2026-01-11T05:20:00Z,13.14,43.773,37.551,0.07,310.79
42.031,3.23671,2026-01-11T06:23:00Z,13.14,43.771,37.546,0.02,310.56
42.031,3.23671,2026-01-11T07:26:00Z,13.0,43.559,37.484,0.09,311.61
42.031,3.23671,2026-01-11T08:29:00Z,12.94,43.453,37.444,0.07,312.39
42.031,3.23671,2026-01-11T09:32:00Z,12.94,43.45,37.437,0.04,312.89
42.031,3.23671,2026-01-11T10:35:00Z,12.92,43.393,37.404,0.06,313.97
42.031,3.23671,2026-01-11T11:38:00Z,12.95,43.414,37.394,0.13,314.52
42.031,3.23671,2026-01-11T12:41:00Z,13.0,43.424,37.358,0.09,315.7
42.031,3.23671,2026-01-11T13:44:00Z,13.02,43.481,37.388,0.19,315.89
42.031,3.23671,2026-01-11T14:47:00Z,13.02,43.493,37.397,0.21,316.45
42.031,3.23671,2026-01-11T15:50:00Z,12.96,43.412,37.382,0.19,317.7
42.031,3.23671,2026-01-11T16:53:00Z,12.92,43.399,37.405,0.16,317.42
42.031,3.23671,2026-01-11T17:56:00Z,12.87,43.347,37.411,0.13,317.36
42.031,3.23671,2026-01-11T18:59:00Z,12.85,43.346,37.425,0.11,316.94
42.031,3.23671,2026-01-11T20:00:00Z,12.86,43.379,37.453,0.15,316.41
42.031,3.23671,2026-01-11T21:00:00Z,12.52,42.312,36.747,0.28,317.45
42.031,3.23671,2026-01-11T22:00:00Z,12.56,42.605,36.997,0.18,316.97
42.031,3.23671,2026-01-11T23:00:00Z,12.9,43.46,37.49,0.07,314.41
42.031,3.23671,2026-01-12T00:00:00Z,12.9,43.48,37.508,0.12,314.2
42.031,3.23671,2026-01-12T00:05:00Z,12.88,43.465,37.508,0.05,314.25
42.031,3.23671,2026-01-12T01:08:00Z,12.9,43.494,37.523,0.09,313.95
42.031,3.23671,2026-01-12T02:11:00Z,12.91,43.528,37.542,0.41,313.45
42.031,3.23671,2026-01-12T03:14:00Z,12.94,43.589,37.573,0.05,312.64
42.031,3.23671,2026-01-12T04:17:00Z,12.95,43.588,37.562,0.04,312.29
42.031,3.23671,2026-01-12T05:20:00Z,12.93,43.579,37.569,0.02,311.95
42.031,3.23671,2026-01-12T06:23:00Z,12.97,43.634,37.587,0.09,311.42
42.031,3.23671,2026-01-12T07:26:00Z,12.99,43.679,37.613,0.14,310.83
42.031,3.23671,2026-01-12T08:29:00Z,13.01,43.698,37.611,0.06,311.05
42.031,3.23671,2026-01-12T09:32:00Z,13.05,43.765,37.628,0.07,310.98
42.031,3.23671,2026-01-12T10:35:00Z,13.1,43.796,37.614,0.01,310.7
42.031,3.23671,2026-01-12T11:38:00Z,13.08,43.73,37.566,0.01,313.01
42.031,3.23671,2026-01-12T12:41:00Z,13.08,43.724,37.568,0.02,313.61
42.031,3.23671,2026-01-12T13:44:00Z,13.02,43.671,37.573,0.06,314.63
42.031,3.23671,2026-01-12T14:47:00Z,13.04,43.697,37.577,0.13,315.31
42.031,3.23671,2026-01-12T15:50:00Z,13.07,43.751,37.599,0.02,314.8
42.031,3.23671,2026-01-12T16:53:00Z,13.17,43.91,37.655,0.02,313.17
42.031,3.23671,2026-01-12T17:56:00Z,13.37,44.224,37.76,0.02,309.87
42.031,3.23671,2026-01-12T18:59:00Z,13.53,44.483,37.844,0.03,307.04
42.031,3.23671,2026-01-12T20:00:00Z,13.35,44.214,37.771,0.02,309.27
42.031,3.23671,2026-01-12T21:00:00Z,13.01,43.735,37.643,0.02,312.93
42.031,3.23671,2026-01-12T22:00:00Z,13.07,43.788,37.636,0.02,312.06
42.031,3.23671,2026-01-12T23:00:00Z,13.1,43.834,37.654,0.02,310.75
42.031,3.23671,2026-01-13T00:00:00Z,13.07,43.783,37.636,0.06,311.29
42.031,3.23671,2026-01-13T00:05:00Z,13.07,43.792,37.639,0.01,311.17
42.031,3.23671,2026-01-13T01:08:00Z,13.1,43.833,37.651,0.02,310.7
42.031,3.23671,2026-01-13T02:11:00Z,13.12,43.874,37.668,0.0,310.74
42.031,3.23671,2026-01-13T03:14:00Z,13.15,43.909,37.678,0.0,310.61
42.031,3.23671,2026-01-13T04:17:00Z,13.18,43.959,37.69,0.01,310.27
42.031,3.23671,2026-01-13T05:20:00Z,13.26,44.063,37.713,0.05,308.92
42.031,3.23671,2026-01-13T06:23:00Z,13.29,44.11,37.722,0.09,308.63
42.031,3.23671,2026-01-13T07:26:00Z,13.32,44.153,37.739,0.01,308.58
42.031,3.23671,2026-01-13T08:29:00Z,13.3,44.072,37.679,0.01,308.1
42.031,3.23671,2026-01-13T09:32:00Z,13.3,44.067,37.677,0.04,309.13
42.031,3.23671,2026-01-13T10:35:00Z,13.3,44.053,37.663,0.07,310.29
42.031,3.23671,2026-01-13T11:38:00Z,13.39,44.155,37.673,0.05,309.7
42.031,3.23671,2026-01-13T12:41:00Z,13.47,44.315,37.74,0.07,309.76
42.031,3.23671,2026-01-13T13:41:00Z,13.72,44.712,37.873,0.0,307.67
42.031,3.23671,2026-01-13T14:42:00Z,14.04,45.228,38.047,0.13,303.62
42.031,3.23671,2026-01-13T15:45:00Z,14.09,45.313,38.079,0.0,302.69
42.031,3.23671,2026-01-13T16:48:00Z,14.09,45.326,38.087,0.01,302.39
42.031,3.23671,2026-01-13T17:51:00Z,14.1,45.344,38.096,0.03,301.72
42.031,3.23671,2026-01-13T18:54:00Z,14.12,45.37,38.105,0.01,301.14
42.031,3.23671,2026-01-13T19:57:00Z,14.11,45.369,38.107,0.01,301.02
42.031,3.23671,2026-01-13T21:00:00Z,14.12,45.386,38.115,0.01,300.62
42.031,3.23671,2026-01-13T22:00:00Z,14.12,45.384,38.114,0.04,300.52
42.031,3.23671,2026-01-13T23:00:00Z,14.12,45.388,38.117,0.0,300.41
42.031,3.23671,2026-01-14T00:00:00Z,14.11,45.379,38.116,0.02,300.5
42.031,3.23671,2026-01-14T00:05:00Z,14.12,45.383,38.115,0.01,300.47
42.031,3.23671,2026-01-14T01:08:00Z,13.68,44.704,37.906,0.01,305.43
42.031,3.23671,2026-01-14T02:11:00Z,13.65,44.626,37.862,0.02,304.06
42.031,3.23671,2026-01-14T03:14:00Z,13.57,44.504,37.826,0.01,305.0
42.031,3.23671,2026-01-14T04:17:00Z,13.51,44.259,37.651,0.04,305.89
42.031,3.23671,2026-01-14T05:20:00Z,13.51,44.221,37.61,0.05,305.51
42.031,3.23671,2026-01-14T06:23:00Z,13.42,43.824,37.328,0.11,305.99
42.031,3.23671,2026-01-14T07:26:00Z,13.37,43.614,37.172,0.15,305.94
42.031,3.23671,2026-01-14T08:28:00Z,13.24,43.082,36.792,0.28,306.61
42.031,3.23671,2026-01-14T09:34:00Z,13.39,43.595,37.137,0.15,306.01
42.031,3.23671,2026-01-14T10:35:00Z,13.57,44.149,37.486,0.12,305.6
42.031,3.23671,2026-01-14T11:38:00Z,13.7,44.679,37.865,0.03,306.1
42.031,3.23671,2026-01-14T12:41:00Z,13.73,44.74,37.887,0.02,305.83
42.031,3.23671,2026-01-14T13:44:00Z,13.79,44.834,37.921,0.01,304.87
42.031,3.23671,2026-01-14T14:47:00Z,13.77,44.81,37.913,0.01,305.66
42.031,3.23671,2026-01-14T15:50:00Z,13.76,44.711,37.834,0.02,307.74
42.031,3.23671,2026-01-14T16:53:00Z,13.75,44.725,37.854,0.03,307.45
42.031,3.23671,2026-01-14T17:56:00Z,13.75,44.704,37.838,0.04,307.02
42.031,3.23671,2026-01-14T18:59:00Z,13.74,44.676,37.824,0.05,306.56
42.031,3.23671,2026-01-14T20:00:00Z,13.74,44.619,37.767,0.08,305.93
42.031,3.23671,2026-01-14T21:00:00Z,13.75,44.651,37.788,0.08,305.17
42.031,3.23671,2026-01-14T22:00:00Z,13.24,43.012,36.721,0.46,307.86
42.031,3.23671,2026-01-14T23:00:00Z,12.64,37.996,32.484,1.36,312.98
42.031,3.23671,2026-01-15T00:00:00Z,13.12,40.721,34.656,1.07,309.5
42.031,3.23671,2026-01-15T01:08:00Z,13.21,42.134,35.913,1.07,308.56
42.031,3.23671,2026-01-15T02:11:00Z,13.34,42.966,36.585,0.62,307.31
42.031,3.23671,2026-01-15T03:14:00Z,13.1,42.107,35.994,0.88,308.33
42.031,3.23671,2026-01-15T04:17:00Z,13.72,44.66,37.825,0.07,303.79
42.031,3.23671,2026-01-15T05:20:00Z,13.71,44.716,37.892,0.05,303.67
42.031,3.23671,2026-01-15T06:23:00Z,13.72,44.747,37.911,0.04,303.48
42.031,3.23671,2026-01-15T07:26:00Z,13.72,44.76,37.921,0.05,303.63
42.031,3.23671,2026-01-15T08:29:00Z,13.73,44.775,37.922,0.04,304.27
42.031,3.23671,2026-01-15T09:32:00Z,13.75,44.791,37.922,0.01,305.06
42.031,3.23671,2026-01-15T10:34:00Z,13.77,44.816,37.923,0.04,305.05
42.031,3.23671,2026-01-15T11:37:00Z,13.71,44.414,37.599,0.1,306.08
42.031,3.23671,2026-01-15T12:40:00Z,13.73,44.459,37.624,0.07,308.0
42.031,3.23671,2026-01-15T13:43:00Z,13.81,44.655,37.733,0.03,307.31
42.031,3.23671,2026-01-15T14:46:00Z,13.82,44.767,37.826,0.09,308.17
42.031,3.23671,2026-01-15T15:49:00Z,13.81,44.803,37.871,0.12,308.89
42.031,3.23671,2026-01-15T16:52:00Z,13.81,44.846,37.908,0.03,308.05
42.031,3.23671,2026-01-15T17:55:00Z,13.87,44.958,37.96,0.04,306.32
42.031,3.23671,2026-01-15T18:58:00Z,13.91,45.034,37.994,0.0,305.39
42.031,3.23671,2026-01-15T20:00:00Z,13.94,45.1,38.022,0.01,304.14
42.031,3.23671,2026-01-15T21:00:00Z,13.98,45.164,38.05,0.01,302.73
42.031,3.23671,2026-01-15T22:00:00Z,14.01,45.245,38.097,0.01,301.95
42.031,3.23671,2026-01-15T23:00:00Z,14.06,45.325,38.116,0.08,300.58
42.031,3.23671,2026-01-16T00:00:00Z,14.06,45.323,38.116,0.0,300.72
42.031,3.23671,2026-01-16T01:08:00Z,14.07,45.341,38.12,0.0,301.14
42.031,3.23671,2026-01-16T02:11:00Z,14.08,45.341,38.117,0.0,301.33
42.031,3.23671,2026-01-16T03:14:00Z,14.11,45.381,38.117,0.04,301.08
42.031,3.23671,2026-01-16T04:17:00Z,14.13,45.39,38.11,0.0,300.47
42.031,3.23671,2026-01-16T05:20:00Z,14.14,45.401,38.109,0.01,300.14
42.031,3.23671,2026-01-16T06:23:00Z,14.13,45.384,38.1,0.05,300.05
42.031,3.23671,2026-01-16T07:26:00Z,14.12,45.346,38.077,0.0,300.58
42.031,3.23671,2026-01-16T08:29:00Z,14.14,45.354,38.069,0.05,300.94
42.031,3.23671,2026-01-16T09:32:00Z,14.14,45.348,38.06,0.01,301.88
42.031,3.23671,2026-01-16T10:35:00Z,14.17,45.381,38.058,0.0,302.57
42.031,3.23671,2026-01-16T11:38:00Z,14.19,45.4,38.056,0.01,302.99
42.031,3.23671,2026-01-16T12:41:00Z,14.19,45.392,38.05,0.05,304.04
42.031,3.23671,2026-01-16T13:44:00Z,14.17,45.331,38.017,0.09,306.57
42.031,3.23671,2026-01-16T14:47:00Z,14.15,45.306,38.008,0.01,306.95
42.031,3.23671,2026-01-16T15:50:00Z,14.14,45.297,38.012,0.04,306.87
42.031,3.23671,2026-01-16T16:53:00Z,14.13,45.296,38.019,0.01,306.22
42.031,3.23671,2026-01-16T17:55:00Z,14.12,45.28,38.016,0.07,306.63
42.031,3.23671,2026-01-16T18:58:00Z,14.12,45.292,38.031,0.02,305.73
42.031,3.23671,2026-01-16T20:00:00Z,14.12,45.307,38.044,0.01,304.52
42.031,3.23671,2026-01-16T21:00:00Z,14.11,45.305,38.049,0.0,304.16
42.031,3.23671,2026-01-16T22:00:00Z,14.11,45.307,38.054,0.02,303.7
42.031,3.23671,2026-01-16T23:00:00Z,14.1,45.311,38.061,0.0,303.41
42.031,3.23671,2026-01-17T00:00:00Z,14.1,45.317,38.065,0.04,303.1
42.031,3.23671,2026-01-17T01:08:00Z,14.1,45.321,38.071,0.0,302.77
42.031,3.23671,2026-01-17T02:11:00Z,14.1,45.326,38.075,0.0,302.55
42.031,3.23671,2026-01-17T03:14:00Z,14.1,45.324,38.078,0.0,302.73
42.031,3.23671,2026-01-17T04:17:00Z,14.09,45.317,38.081,0.0,302.73
42.031,3.23671,2026-01-17T05:20:00Z,14.07,45.296,38.083,0.0,302.52
42.031,3.23671,2026-01-17T06:23:00Z,14.03,45.245,38.07,0.01,302.14
42.031,3.23671,2026-01-17T07:26:00Z,13.82,44.929,37.979,0.01,304.58
42.031,3.23671,2026-01-17T08:29:00Z,13.76,44.838,37.951,0.0,305.26
42.031,3.23671,2026-01-17T09:32:00Z,13.85,44.99,38.014,0.0,304.08
42.031,3.23671,2026-01-17T10:35:00Z,13.9,45.075,38.042,0.0,304.12
42.031,3.23671,2026-01-17T11:38:00Z,13.92,45.026,37.974,0.01,303.95
42.031,3.23671,2026-01-17T12:41:00Z,13.92,44.958,37.911,0.02,304.86
42.031,3.23671,2026-01-17T13:44:00Z,13.9,44.933,37.902,0.04,305.32
42.031,3.23671,2026-01-17T14:47:00Z,13.87,44.921,37.921,0.03,306.56
42.031,3.23671,2026-01-17T15:50:00Z,13.83,44.94,37.978,0.01,307.66
42.031,3.23671,2026-01-17T16:53:00Z,13.9,45.079,38.041,0.02,305.14
42.031,3.23671,2026-01-17T17:56:00Z,13.9,45.075,38.038,0.01,305.07
42.031,3.23671,2026-01-17T18:59:00Z,13.9,45.077,38.04,0.05,305.04
42.031,3.23671,2026-01-17T20:00:00Z,13.97,45.108,38.003,0.02,304.63
42.031,3.23671,2026-01-17T21:00:00Z,14.0,45.171,38.036,0.03,303.24
42.031,3.23671,2026-01-17T22:00:00Z,13.99,45.197,38.067,0.0,302.89
42.031,3.23671,2026-01-17T23:00:00Z,14.0,45.22,38.076,0.05,302.69
42.031,3.23671,2026-01-18T00:00:00Z,13.97,45.167,38.056,0.0,303.27
42.031,3.23671,2026-01-18T01:08:00Z,13.93,45.078,38.01,0.01,304.05
42.031,3.23671,2026-01-18T02:11:00Z,13.78,43.513,36.681,0.85,309.14
42.031,3.23671,2026-01-18T03:14:00Z,13.71,42.364,35.664,2.25,315.88
42.031,3.23671,2026-01-18T04:17:00Z,13.75,43.075,36.293,1.85,312.37
42.031,3.23671,2026-01-18T05:20:00Z,13.79,43.617,36.77,1.2,309.89
42.031,3.23671,2026-01-18T06:23:00Z,13.71,43.063,36.318,1.42,310.36
42.031,3.23671,2026-01-18T07:26:00Z,13.59,42.065,35.496,2.31,311.77
42.031,3.23671,2026-01-18T08:29:00Z,13.66,42.846,36.162,2.27,313.72
42.031,3.23671,2026-01-18T09:32:00Z,13.74,43.665,36.858,2.04,313.68
42.031,3.23671,2026-01-18T10:35:00Z,13.88,45.013,37.997,0.05,305.43
42.031,3.23671,2026-01-18T11:38:00Z,13.88,44.983,37.976,0.05,306.27
42.031,3.23671,2026-01-18T12:41:00Z,13.77,44.837,37.945,0.01,307.04
42.031,3.23671,2026-01-18T13:44:00Z,13.72,44.779,37.937,0.06,308.3
42.031,3.23671,2026-01-18T14:47:00Z,13.72,44.794,37.947,0.16,309.1
42.031,3.23671,2026-01-18T15:50:00Z,13.63,44.677,37.927,0.11,310.27
42.031,3.23671,2026-01-18T16:53:00Z,13.64,44.678,37.926,0.18,310.04
42.031,3.23671,2026-01-18T17:56:00Z,13.64,44.699,37.939,0.26,308.95
42.031,3.23671,2026-01-18T18:59:00Z,13.67,44.727,37.943,0.63,308.87
42.031,3.23671,2026-01-18T20:00:00Z,13.67,44.742,37.952,0.37,308.27
42.031,3.23671,2026-01-18T21:00:00Z,13.68,44.754,37.953,0.39,308.18
42.031,3.23671,2026-01-18T22:00:00Z,13.69,44.771,37.956,0.35,308.04
42.031,3.23671,2026-01-18T23:00:00Z,13.7,44.781,37.963,0.48,307.86
42.031,3.23671,2026-01-19T00:00:00Z,13.71,44.799,37.966,0.64,307.67
42.031,3.23671,2026-01-19T01:08:00Z,13.72,44.811,37.971,0.42,307.48
42.031,3.23671,2026-01-19T02:11:00Z,13.72,44.825,37.977,0.81,307.38
42.031,3.23671,2026-01-19T03:14:00Z,13.59,44.198,37.51,0.82,309.27
42.031,3.23671,2026-01-19T04:17:00Z,13.58,43.576,36.937,1.56,311.54
42.031,3.23671,2026-01-19T05:20:00Z,13.54,43.489,36.892,1.59,312.41
42.031,3.23671,2026-01-19T06:23:00Z,13.51,43.411,36.847,1.49,313.0
42.031,3.23671,2026-01-19T07:26:00Z,13.53,43.371,36.788,1.62,313.57
42.031,3.23671,2026-01-19T08:29:00Z,13.58,44.4,37.714,0.4,308.88
42.031,3.23671,2026-01-19T09:32:00Z,13.57,44.521,37.846,0.2,308.62
42.031,3.23671,2026-01-19T10:35:00Z,13.7,44.777,37.952,0.37,307.14
42.031,3.23671,2026-01-19T11:38:00Z,13.78,44.882,37.981,0.21,306.36
42.031,3.23671,2026-01-19T12:41:00Z,13.57,44.592,37.905,0.18,309.1
42.031,3.23671,2026-01-19T13:44:00Z,13.61,44.642,37.92,0.26,308.64
42.031,3.23671,2026-01-19T14:47:00Z,13.6,44.629,37.918,0.27,308.61
42.031,3.23671,2026-01-19T15:50:00Z,13.63,44.682,37.936,0.42,307.95
42.031,3.23671,2026-01-19T16:53:00Z,13.52,44.499,37.873,0.56,309.89
42.031,3.23671,2026-01-19T17:56:00Z,13.4,44.309,37.806,0.69,311.07
42.031,3.23671,2026-01-19T18:59:00Z,13.36,44.227,37.766,2.86,312.33
42.031,3.23671,2026-01-19T20:00:00Z,13.39,44.275,37.782,0.8,311.29
42.031,3.23671,2026-01-19T21:00:00Z,13.42,44.31,37.793,0.73,311.61
42.031,3.23671,2026-01-19T22:00:00Z,13.42,44.321,37.797,0.76,311.19
42.031,3.23671,2026-01-19T23:00:00Z,13.42,44.307,37.789,1.37,311.36
42.031,3.23671,2026-01-20T00:00:00Z,13.38,44.255,37.772,1.03,311.44
42.031,3.23671,2026-01-20T01:08:00Z,13.38,44.237,37.76,0.96,312.26
42.031,3.23671,2026-01-20T02:11:00Z,13.37,44.205,37.741,1.07,312.45
42.031,3.23671,2026-01-20T03:14:00Z,13.31,44.088,37.684,1.29,312.89
42.031,3.23671,2026-01-20T04:17:00Z,13.32,44.091,37.681,1.14,311.54
42.031,3.23671,2026-01-20T05:20:00Z,13.27,43.939,37.586,1.21,311.89
42.031,3.23671,2026-01-20T06:23:00Z,13.28,43.932,37.567,1.19,312.08
42.031,3.23671,2026-01-20T07:26:00Z,13.21,43.666,37.383,1.13,313.17
42.031,3.23671,2026-01-20T08:29:00Z,13.35,43.913,37.483,0.91,313.05
42.031,3.23671,2026-01-20T09:32:00Z,13.41,44.053,37.551,1.03,312.1
42.031,3.23671,2026-01-20T10:35:00Z,13.41,44.068,37.57,0.76,313.31
42.031,3.23671,2026-01-20T11:38:00Z,13.17,43.594,37.352,1.23,313.47
42.031,3.23671,2026-01-20T12:41:00Z,13.25,43.783,37.452,1.26,312.54
42.031,3.23671,2026-01-20T13:44:00Z,13.17,43.603,37.359,1.66,313.66
42.031,3.23671,2026-01-20T14:47:00Z,13.16,43.572,37.342,1.31,313.33
42.031,3.23671,2026-01-20T15:50:00Z,13.12,43.484,37.295,1.4,313.77
42.031,3.23671,2026-01-20T16:53:00Z,13.14,43.517,37.306,1.42,313.29
42.031,3.23671,2026-01-20T17:56:00Z,13.15,43.53,37.307,1.32,313.2
42.031,3.23671,2026-01-20T18:59:00Z,13.17,43.579,37.331,1.35,313.01
42.031,3.23671,2026-01-20T20:00:00Z,13.18,43.593,37.34,1.31,313.02
42.031,3.23671,2026-01-20T21:00:00Z,12.0,31.799,27.121,49.31,327.92
42.031,3.23671,2026-01-20T22:00:00Z,11.68,28.553,24.291,50.96,324.85
42.031,3.23671,2026-01-20T23:00:00Z,12.14,33.29,28.425,38.4,318.27
42.031,3.23671,2026-01-21T00:00:00Z,11.94,31.172,26.578,49.09,319.45
42.031,3.23671,2026-01-21T01:08:00Z,11.71,28.363,24.099,58.98,323.5
42.031,3.23671,2026-01-21T02:11:00Z,11.73,28.456,24.172,53.83,321.64
42.031,3.23671,2026-01-21T03:14:00Z,11.76,28.966,24.629,49.48,321.5
42.031,3.23671,2026-01-21T04:17:00Z,11.82,30.16,25.705,43.72,319.55
42.031,3.23671,2026-01-21T05:20:00Z,11.49,26.138,22.156,68.9,323.83
42.031,3.23671,2026-01-21T06:23:00Z,11.84,30.63,26.135,46.06,323.7
42.031,3.23671,2026-01-21T07:26:00Z,11.9,31.293,26.718,44.08,324.98
42.031,3.23671,2026-01-21T08:29:00Z,11.88,30.74,26.208,46.77,329.01
42.031,3.23671,2026-01-21T09:32:00Z,12.43,35.522,30.312,44.14,331.77
42.031,3.23671,2026-01-21T10:35:00Z,12.51,36.493,31.17,36.64,329.06
42.031,3.23671,2026-01-21T11:38:00Z,12.93,41.49,35.559,5.27,318.43
42.031,3.23671,2026-01-21T12:41:00Z,13.0,42.636,36.595,3.15,317.69
42.031,3.23671,2026-01-21T13:44:00Z,12.97,43.263,37.224,1.54,315.17
42.031,3.23671,2026-01-21T14:47:00Z,12.92,43.131,37.146,2.0,316.04
42.031,3.23671,2026-01-21T15:50:00Z,12.9,43.093,37.132,1.68,315.88
42.031,3.23671,2026-01-21T16:53:00Z,12.89,43.071,37.121,2.22,315.91
42.031,3.23671,2026-01-21T17:56:00Z,12.91,43.123,37.154,2.84,314.95
42.031,3.23671,2026-01-21T18:59:00Z,13.04,43.43,37.319,1.37,313.24
42.031,3.23671,2026-01-21T20:00:00Z,13.11,43.626,37.438,1.0,312.38
42.031,3.23671,2026-01-21T21:00:00Z,13.12,43.657,37.461,0.93,312.17
42.031,3.23671,2026-01-21T22:00:00Z,13.1,43.632,37.453,0.98,312.26
42.031,3.23671,2026-01-21T23:00:00Z,13.1,43.615,37.443,0.94,312.47
42.031,3.23671,2026-01-22T00:00:00Z,13.08,43.588,37.43,0.85,312.39
42.031,3.23671,2026-01-22T01:08:00Z,13.05,43.518,37.398,1.35,312.81
42.031,3.23671,2026-01-22T02:11:00Z,13.07,43.535,37.393,0.87,312.7
42.031,3.23671,2026-01-22T03:14:00Z,13.06,43.513,37.384,0.85,312.77
42.031,3.23671,2026-01-22T04:17:00Z,11.77,28.575,24.259,48.27,315.63
42.031,3.23671,2026-01-22T05:20:00Z,12.51,37.31,31.947,20.81,313.45
42.031,3.23671,2026-01-22T06:23:00Z,12.78,40.763,35.003,10.01,312.75
42.031,3.23671,2026-01-22T07:26:00Z,12.87,41.879,35.991,6.18,312.45
42.031,3.23671,2026-01-22T08:29:00Z,12.92,42.624,36.661,3.78,312.93
42.031,3.23671,2026-01-22T09:32:00Z,12.97,43.031,37.004,2.15,313.88
42.031,3.23671,2026-01-22T10:35:00Z,12.96,43.092,37.075,1.79,313.12
42.031,3.23671,2026-01-22T11:38:00Z,12.96,43.143,37.123,1.56,313.27
42.031,3.23671,2026-01-22T12:41:00Z,13.0,43.25,37.188,1.12,313.04
42.031,3.23671,2026-01-22T13:44:00Z,13.05,43.359,37.246,1.23,313.39
42.031,3.23671,2026-01-22T14:47:00Z,13.05,43.38,37.265,0.97,313.58
42.031,3.23671,2026-01-22T15:50:00Z,12.69,41.655,35.952,4.01,316.83
42.031,3.23671,2026-01-22T16:53:00Z,12.62,41.191,35.572,5.17,317.11
42.031,3.23671,2026-01-22T17:56:00Z,12.6,41.111,35.512,4.63,317.18
42.031,3.23671,2026-01-22T18:59:00Z,12.57,41.065,35.498,4.45,317.35
42.031,3.23671,2026-01-22T20:00:00Z,12.47,40.877,35.401,4.3,317.33
42.031,3.23671,2026-01-22T21:00:00Z,12.24,40.491,35.25,4.2,317.36
42.031,3.23671,2026-01-22T22:00:00Z,12.25,40.25,35.002,4.78,317.38
42.031,3.23671,2026-01-22T23:00:00Z,12.17,39.94,34.778,5.01,317.3
42.031,3.23671,2026-01-23T00:00:00Z,11.78,35.244,30.578,12.38,319.82
42.031,3.23671,2026-01-23T01:08:00Z,11.6,31.165,26.81,18.16,321.11
42.031,3.23671,2026-01-23T02:11:00Z,12.0,37.283,32.355,8.94,318.74
42.031,3.23671,2026-01-23T03:14:00Z,12.02,36.706,31.787,11.64,318.95
42.031,3.23671,2026-01-23T04:17:00Z,12.2,38.112,32.979,11.07,318.33
42.031,3.23671,2026-01-23T05:20:00Z,12.36,40.138,34.791,7.52,317.17
42.031,3.23671,2026-01-23T06:23:00Z,11.97,36.619,31.74,15.33,318.58
42.031,3.23671,2026-01-23T07:26:00Z,12.23,38.492,33.324,10.89,317.02
42.031,3.23671,2026-01-23T08:29:00Z,11.97,34.272,29.489,18.96,319.37
42.031,3.23671,2026-01-23T09:32:00Z,12.5,40.164,34.685,7.34,316.45
42.031,3.23671,2026-01-23T10:35:00Z,12.46,39.629,34.209,11.01,316.54
42.031,3.23671,2026-01-23T11:38:00Z,12.65,39.952,34.349,9.65,315.32
42.031,3.23671,2026-01-23T12:41:00Z,12.53,30.826,25.841,26.94,315.91
42.031,3.23671,2026-01-23T13:44:00Z,12.95,38.101,32.318,13.35,314.1
42.031,3.23671,2026-01-23T14:47:00Z,12.3,23.137,18.982,33.06,318.52
42.031,3.23671,2026-01-23T15:50:00Z,12.39,30.994,26.096,20.61,316.58
42.031,3.23671,2026-01-23T16:53:00Z,12.86,40.199,34.395,7.28,313.45
42.031,3.23671,2026-01-23T17:56:00Z,12.92,41.721,35.799,4.24,313.11
42.031,3.23671,2026-01-23T18:59:00Z,12.9,42.183,36.253,3.03,312.98
42.031,3.23671,2026-01-23T20:00:00Z,12.86,42.239,36.349,2.68,312.89
42.031,3.23671,2026-01-23T21:00:00Z,12.83,42.291,36.426,2.57,313.07
42.031,3.23671,2026-01-23T22:00:00Z,12.8,42.347,36.51,2.04,313.07
42.031,3.23671,2026-01-23T23:00:00Z,12.71,42.512,36.762,1.48,313.01
42.031,3.23671,2026-01-24T00:00:00Z,12.77,42.975,37.147,0.98,312.45
42.031,3.23671,2026-01-24T01:08:00Z,12.46,41.634,36.153,2.04,313.17
42.031,3.23671,2026-01-24T02:11:00Z,11.95,39.189,34.253,4.11,314.94
42.031,3.23671,2026-01-24T03:14:00Z,12.17,40.293,35.117,3.32,313.82
42.031,3.23671,2026-01-24T04:17:00Z,12.43,41.745,36.283,1.97,313.52
42.031,3.23671,2026-01-24T05:20:00Z,12.39,41.477,36.069,1.96,313.44
42.031,3.23671,2026-01-24T06:23:00Z,12.52,41.799,36.254,1.98,313.26
42.031,3.23671,2026-01-24T07:26:00Z,12.37,41.264,35.873,2.13,313.3
42.031,3.23671,2026-01-24T08:29:00Z,12.44,41.318,35.866,2.06,313.1
42.031,3.23671,2026-01-24T09:32:00Z,12.38,41.038,35.649,2.04,313.25
42.031,3.23671,2026-01-24T10:35:00Z,12.33,41.019,35.672,1.74,313.25
42.031,3.23671,2026-01-24T11:38:00Z,12.47,41.323,35.837,1.66,313.2
42.031,3.23671,2026-01-24T12:41:00Z,12.88,42.777,36.848,1.26,311.95
42.031,3.23671,2026-01-24T13:44:00Z,13.09,43.496,37.337,0.71,311.24
42.031,3.23671,2026-01-24T14:47:00Z,13.13,43.633,37.427,0.76,310.7
42.031,3.23671,2026-01-24T15:50:00Z,13.12,43.635,37.44,0.76,311.47
42.031,3.23671,2026-01-24T16:53:00Z,12.95,43.213,37.199,0.96,311.48
42.031,3.23671,2026-01-24T17:56:00Z,12.83,42.868,36.981,0.99,312.17
42.031,3.23671,2026-01-24T18:59:00Z,12.72,42.316,36.562,1.99,312.02
42.031,3.23671,2026-01-24T20:00:00Z,12.74,42.41,36.634,1.78,312.02
42.031,3.23671,2026-01-24T21:00:00Z,12.78,42.497,36.675,1.42,311.94
42.031,3.23671,2026-01-24T22:00:00Z,12.82,42.63,36.766,1.6,310.67
42.031,3.23671,2026-01-24T23:00:00Z,12.88,42.889,36.952,1.68,310.33
42.031,3.23671,2026-01-25T00:00:00Z,12.88,42.896,36.96,1.71,310.16
42.031,3.23671,2026-01-25T01:09:00Z,12.87,42.851,36.933,1.57,309.33
42.031,3.23671,2026-01-25T02:12:00Z,12.89,42.923,36.98,1.66,309.94
42.031,3.23671,2026-01-25T03:15:00Z,12.91,42.996,37.027,1.59,309.54
42.031,3.23671,2026-01-25T04:17:00Z,12.83,42.9,37.018,1.57,309.66
42.031,3.23671,2026-01-25T05:20:00Z,12.82,42.906,37.033,1.54,309.86
42.031,3.23671,2026-01-25T06:23:00Z,12.84,42.963,37.07,1.67,309.52
42.031,3.23671,2026-01-25T07:26:00Z,12.78,42.915,37.08,1.54,309.79
42.031,3.23671,2026-01-25T08:29:00Z,12.81,42.961,37.093,1.51,309.79
42.031,3.23671,2026-01-25T09:32:00Z,12.86,43.032,37.116,1.53,310.01
42.031,3.23671,2026-01-25T10:35:00Z,12.31,39.063,33.801,5.45,313.94
42.031,3.23671,2026-01-25T11:38:00Z,12.79,41.641,35.845,2.77,312.08
42.031,3.23671,2026-01-25T12:41:00Z,12.96,42.597,36.592,1.96,311.32
42.031,3.23671,2026-01-25T13:44:00Z,13.04,43.068,36.976,1.45,311.02
42.031,3.23671,2026-01-25T14:47:00Z,13.05,43.068,36.964,1.56,310.83
42.031,3.23671,2026-01-25T15:50:00Z,13.06,43.093,36.978,1.62,310.64
42.031,3.23671,2026-01-25T16:53:00Z,13.04,43.24,37.141,1.44,310.33
42.031,3.23671,2026-01-25T17:56:00Z,13.17,43.619,37.376,0.89,309.62
42.031,3.23671,2026-01-25T18:59:00Z,13.14,43.596,37.377,0.85,309.8
42.031,3.23671,2026-01-25T20:00:00Z,13.32,43.675,37.276,0.52,308.56
42.031,3.23671,2026-01-25T21:00:00Z,13.31,43.749,37.362,0.39,307.45
42.031,3.23671,2026-01-25T22:00:00Z,13.32,43.754,37.356,0.45,307.3
42.031,3.23671,2026-01-25T23:00:00Z,13.12,43.362,37.174,0.48,309.07
42.031,3.23671,2026-01-26T00:00:00Z,13.15,43.428,37.208,0.53,308.45
42.031,3.23671,2026-01-26T01:09:00Z,13.12,43.327,37.144,0.52,308.83
42.031,3.23671,2026-01-26T02:12:00Z,12.38,39.987,34.631,5.13,312.39
42.031,3.23671,2026-01-26T03:15:00Z,11.95,38.032,33.126,8.02,314.52
42.031,3.23671,2026-01-26T04:18:00Z,12.2,39.108,33.945,5.77,312.79
42.031,3.23671,2026-01-26T05:21:00Z,12.1,38.635,33.579,5.78,312.91
42.031,3.23671,2026-01-26T06:24:00Z,12.34,40.478,35.143,3.9,311.64
42.031,3.23671,2026-01-26T07:27:00Z,12.5,41.236,35.725,3.0,310.81
42.031,3.23671,2026-01-26T08:30:00Z,12.54,41.18,35.631,3.02,311.39
42.031,3.23671,2026-01-26T09:33:00Z,12.85,42.262,36.381,1.77,309.89
42.031,3.23671,2026-01-26T10:36:00Z,13.0,42.652,36.608,1.36,309.76
42.031,3.23671,2026-01-26T11:38:00Z,13.23,43.217,36.933,1.09,308.7
42.031,3.23671,2026-01-26T12:41:00Z,13.27,43.318,36.988,0.94,309.16
42.031,3.23671,2026-01-26T13:44:00Z,13.3,43.323,36.966,0.95,309.92
42.031,3.23671,2026-01-26T14:47:00Z,13.24,43.478,37.173,0.69,310.79
42.031,3.23671,2026-01-26T15:50:00Z,13.33,43.781,37.369,0.36,309.51
42.031,3.23671,2026-01-26T16:53:00Z,13.3,43.786,37.402,0.48,309.97
42.031,3.23671,2026-01-26T17:56:00Z,13.16,43.383,37.157,0.48,311.7
42.031,3.23671,2026-01-26T18:59:00Z,12.18,34.578,29.617,7.17,317.88
42.031,3.23671,2026-01-26T20:00:00Z,12.35,36.365,31.182,5.67,316.88
42.031,3.23671,2026-01-26T21:00:00Z,11.54,28.867,24.678,10.15,321.04
42.031,3.23671,2026-01-26T22:00:00Z,11.01,23.813,20.266,11.22,322.92
42.031,3.23671,2026-01-26T23:00:00Z,11.95,35.24,30.436,4.61,316.51
42.031,3.23671,2026-01-27T00:00:00Z,12.51,39.989,34.513,2.36,313.2
42.031,3.23671,2026-01-27T01:08:00Z,12.66,41.527,35.85,1.43,311.97
42.031,3.23671,2026-01-27T02:11:00Z,13.03,42.862,36.782,0.98,310.17
42.031,3.23671,2026-01-27T03:14:00Z,13.08,43.071,36.94,0.76,309.72
42.031,3.23671,2026-01-27T04:17:00Z,13.04,43.081,36.982,0.69,309.75
42.031,3.23671,2026-01-27T05:20:00Z,13.12,43.266,37.089,0.62,309.39
42.031,3.23671,2026-01-27T06:23:00Z,13.16,43.376,37.148,0.53,309.12
42.031,3.23671,2026-01-27T07:46:00Z,13.22,43.51,37.219,0.51,308.95
42.031,3.23671,2026-01-27T08:49:00Z,12.61,37.819,32.34,3.04,314.07
42.031,3.23671,2026-01-27T09:52:00Z,12.59,36.406,31.02,3.71,315.08
42.031,3.23671,2026-01-27T10:55:00Z,13.0,39.343,33.456,3.34,312.76
42.031,3.23671,2026-01-27T11:58:00Z,13.11,39.063,33.093,3.83,312.93
42.031,3.23671,2026-01-27T13:00:00Z,13.24,39.785,33.66,4.33,312.18
42.031,3.23671,2026-01-27T14:00:00Z,13.21,38.082,32.082,4.63,313.32
42.031,3.23671,2026-01-27T15:00:00Z,13.4,41.527,35.161,2.56,311.64
42.031,3.23671,2026-01-27T16:00:00Z,13.38,41.71,35.35,1.75,310.8
42.031,3.23671,2026-01-27T17:00:00Z,13.39,42.302,35.906,2.02,309.54
42.031,3.23671,2026-01-27T18:00:00Z,13.12,39.319,33.323,3.29,311.2
42.031,3.23671,2026-01-27T19:00:00Z,13.22,40.74,34.575,2.42,309.41
42.031,3.23671,2026-01-27T20:00:00Z,13.18,40.801,34.67,2.27,309.3
42.031,3.23671,2026-01-27T21:00:00Z,13.26,41.611,35.374,1.62,308.23
42.031,3.23671,2026-01-27T22:00:00Z,13.41,43.206,36.744,0.9,307.31
42.031,3.23671,2026-01-27T23:00:00Z,13.44,43.566,37.054,0.74,306.68
42.031,3.23671,2026-01-28T00:00:00Z,13.38,43.354,36.914,0.79,307.52
42.031,3.23671,2026-01-28T01:08:00Z,13.35,43.522,37.105,0.62,307.85
42.031,3.23671,2026-01-28T02:11:00Z,13.31,43.528,37.147,0.47,308.35
42.031,3.23671,2026-01-28T03:14:00Z,13.27,43.517,37.182,0.43,308.36
42.031,3.23671,2026-01-28T04:17:00Z,13.22,43.5,37.21,0.37,308.47
42.031,3.23671,2026-01-28T05:20:00Z,13.14,43.399,37.196,0.51,308.86
42.031,3.23671,2026-01-28T06:23:00Z,12.81,41.215,35.415,1.07,309.19
42.031,3.23671,2026-01-28T07:26:00Z,12.72,40.537,34.846,1.34,309.76
42.031,3.23671,2026-01-28T08:29:00Z,12.61,39.719,34.161,1.85,310.04
42.031,3.23671,2026-01-28T09:32:00Z,12.67,39.666,34.056,1.87,310.33
42.031,3.23671,2026-01-28T10:35:00Z,12.6,38.105,32.625,2.19,311.52
42.031,3.23671,2026-01-28T11:38:00Z,13.12,40.507,34.446,1.46,310.83
42.031,3.23671,2026-01-28T12:41:00Z,13.04,41.241,35.217,1.12,311.81
42.031,3.23671,2026-01-28T13:44:00Z,12.89,40.394,34.555,1.3,312.77
42.031,3.23671,2026-01-28T14:47:00Z,12.46,30.248,25.351,4.3,314.7
42.031,3.23671,2026-01-28T15:50:00Z,12.67,35.912,30.485,3.08,314.02
42.031,3.23671,2026-01-28T16:53:00Z,12.84,41.181,35.349,1.52,314.06
42.031,3.23671,2026-01-28T17:56:00Z,12.93,42.463,36.496,0.76,313.5
42.031,3.23671,2026-01-28T18:59:00Z,12.83,42.272,36.411,0.8,313.94
42.031,3.23671,2026-01-28T20:00:00Z,12.6,41.998,36.364,0.59,313.85
42.031,3.23671,2026-01-28T21:00:00Z,12.7,42.148,36.415,0.6,313.58
42.031,3.23671,2026-01-28T22:00:00Z,12.71,42.354,36.608,0.55,313.41
42.031,3.23671,2026-01-28T23:00:00Z,12.73,42.569,36.792,0.54,313.17
42.031,3.23671,2026-01-29T00:00:00Z,12.73,42.63,36.856,0.48,313.11
42.031,3.23671,2026-01-29T01:08:00Z,12.78,42.782,36.956,0.33,312.95
42.031,3.23671,2026-01-29T02:11:00Z,12.78,42.862,37.027,0.3,312.58
42.031,3.23671,2026-01-29T03:14:00Z,12.56,42.506,36.901,0.36,313.47
42.031,3.23671,2026-01-29T04:17:00Z,12.63,42.622,36.943,0.34,312.93
42.031,3.23671,2026-01-29T05:20:00Z,12.75,42.844,37.041,0.33,312.07
42.031,3.23671,2026-01-29T06:23:00Z,12.82,42.983,37.103,0.28,311.39
42.031,3.23671,2026-01-29T07:26:00Z,12.69,42.801,37.061,0.37,311.45
42.031,3.23671,2026-01-29T08:29:00Z,12.14,41.83,36.651,0.46,315.0
42.031,3.23671,2026-01-29T09:32:00Z,12.11,41.708,36.564,0.45,316.24
42.031,3.23671,2026-01-29T10:35:00Z,12.19,41.831,36.6,0.46,316.91
42.031,3.23671,2026-01-29T11:38:00Z,12.39,42.077,36.646,0.42,317.05
42.031,3.23671,2026-01-29T12:41:00Z,12.53,42.346,36.773,0.45,318.19
42.031,3.23671,2026-01-29T13:44:00Z,13.02,43.19,37.108,0.43,314.22
42.031,3.23671,2026-01-29T14:47:00Z,13.07,43.377,37.236,0.23,313.64
42.031,3.23671,2026-01-29T15:50:00Z,12.53,42.223,36.652,0.38,318.91
42.031,3.23671,2026-01-29T16:53:00Z,12.17,41.528,36.324,0.47,322.37
42.031,3.23671,2026-01-29T17:56:00Z,12.41,42.185,36.73,0.33,318.98
42.031,3.23671,2026-01-29T18:59:00Z,12.26,41.856,36.561,0.37,319.37
42.031,3.23671,2026-01-29T20:00:00Z,12.54,42.457,36.868,0.3,316.97
42.031,3.23671,2026-01-29T21:00:00Z,12.65,42.69,36.991,0.35,315.29
42.031,3.23671,2026-01-29T22:00:00Z,12.82,43.042,37.16,0.22,312.83
42.031,3.23671,2026-01-29T23:00:00Z,12.99,43.31,37.253,0.23,310.36
42.031,3.23671,2026-01-30T00:00:00Z,12.94,43.219,37.216,0.24,311.29
42.031,3.23671,2026-01-30T01:08:00Z,12.79,42.988,37.137,0.26,311.64
42.031,3.23671,2026-01-30T02:11:00Z,12.67,42.806,37.081,0.28,312.5
42.031,3.23671,2026-01-30T03:14:00Z,13.04,43.38,37.271,0.28,309.26
42.031,3.23671,2026-01-30T04:17:00Z,12.86,43.143,37.219,0.21,310.39
42.031,3.23671,2026-01-30T05:20:00Z,12.5,42.551,37.003,0.23,313.52
42.031,3.23671,2026-01-30T06:23:00Z,12.55,42.639,37.042,0.19,313.02
42.031,3.23671,2026-01-30T07:26:00Z,12.71,42.891,37.12,0.19,311.72
42.031,3.23671,2026-01-30T08:29:00Z,12.55,42.622,37.025,0.27,313.86
42.031,3.23671,2026-01-30T09:32:00Z,12.56,42.608,36.994,0.24,314.52
42.031,3.23671,2026-01-30T10:35:00Z,12.43,41.341,35.889,0.65,316.62
42.031,3.23671,2026-01-30T11:38:00Z,12.81,41.682,35.859,0.71,316.64
42.031,3.23671,2026-01-30T12:41:00Z,12.97,42.887,36.87,0.41,316.45
42.031,3.23671,2026-01-30T13:44:00Z,13.15,42.954,36.756,0.41,317.06
42.031,3.23671,2026-01-30T14:47:00Z,13.21,42.037,35.821,0.63,318.04
42.031,3.23671,2026-01-30T15:50:00Z,13.0,42.711,36.67,0.31,318.72
42.031,3.23671,2026-01-30T16:53:00Z,12.97,42.801,36.779,0.3,317.63
42.031,3.23671,2026-01-30T17:56:00Z,12.99,42.915,36.878,0.23,317.16
42.031,3.23671,2026-01-30T18:59:00Z,12.36,37.809,32.549,2.24,320.86
42.031,3.23671,2026-01-30T20:00:00Z,12.05,32.664,27.919,3.88,322.39
42.031,3.23671,2026-01-30T21:00:00Z,12.51,38.353,32.944,1.87,319.97
42.031,3.23671,2026-01-30T22:00:00Z,12.17,37.599,32.516,1.68,320.66
42.031,3.23671,2026-01-30T23:00:00Z,12.52,40.188,34.696,0.91,319.3
42.031,3.23671,2026-01-31T00:00:00Z,12.58,41.024,35.441,0.68,319.02
42.031,3.23671,2026-01-31T01:08:00Z,12.6,41.471,35.858,0.55,318.26
42.031,3.23671,2026-01-31T02:11:00Z,12.58,41.743,36.142,0.48,317.32
42.031,3.23671,2026-01-31T03:14:00Z,12.86,42.638,36.733,0.34,315.81
42.031,3.23671,2026-01-31T04:17:00Z,12.94,42.8,36.81,0.22,312.49
42.031,3.23671,2026-01-31T05:20:00Z,12.97,42.874,36.853,1.31,313.39
42.031,3.23671,2026-01-31T06:23:00Z,13.03,43.121,37.037,1.0,312.82
42.031,3.23671,2026-01-31T07:26:00Z,13.0,43.159,37.096,1.39,313.2
42.031,3.23671,2026-01-31T08:29:00Z,12.87,42.915,36.993,0.45,314.33
42.031,3.23671,2026-01-31T09:32:00Z,12.61,42.249,36.599,0.97,318.39
42.031,3.23671,2026-01-31T10:35:00Z,12.6,42.078,36.448,7.96,318.61
42.031,3.23671,2026-01-31T11:38:00Z,12.62,42.176,36.52,1.12,318.02
42.031,3.23671,2026-01-31T12:41:00Z,12.73,42.521,36.751,2.41,317.63
42.031,3.23671,2026-01-31T13:44:00Z,12.74,42.536,36.756,0.71,317.61
42.031,3.23671,2026-01-31T14:47:00Z,12.7,42.41,36.672,0.59,319.35
42.031,3.23671,2026-01-31T15:50:00Z,12.74,42.5,36.715,0.59,318.23
42.031,3.23671,2026-01-31T16:53:00Z,12.74,42.528,36.745,0.61,318.07
42.031,3.23671,2026-01-31T17:56:00Z,12.72,42.579,36.809,0.75,318.11
42.031,3.23671,2026-01-31T18:59:00Z,12.76,42.668,36.864,0.67,315.64
42.031,3.23671,2026-01-31T20:00:00Z,12.94,43.093,37.098,0.43,312.36
42.031,3.23671,2026-01-31T21:00:00Z,12.68,42.156,36.44,0.54,314.68
42.031,3.23671,2026-01-31T22:00:00Z,12.87,42.931,37.011,0.35,313.35
42.031,3.23671,2026-01-31T23:00:00Z,12.94,43.139,37.135,0.39,312.31
42.031,3.23671,2026-02-01T00:00:00Z,12.91,43.104,37.137,0.47,312.39
42.031,3.23671,2026-02-01T01:08:00Z,12.9,43.117,37.156,0.48,312.16
42.031,3.23671,2026-02-01T02:11:00Z,12.7,42.566,36.824,0.43,312.82
42.031,3.23671,2026-02-01T03:14:00Z,12.9,43.095,37.137,0.39,312.83
42.031,3.23671,2026-02-01T04:17:00Z,12.62,42.319,36.664,0.59,312.89
42.031,3.23671,2026-02-01T05:20:00Z,12.82,42.999,37.119,0.44,313.12
42.031,3.23671,2026-02-01T06:23:00Z,12.83,43.023,37.134,0.41,313.02
42.031,3.23671,2026-02-01T07:26:00Z,12.65,42.747,37.041,0.35,314.5
42.031,3.23671,2026-02-01T08:29:00Z,12.72,42.82,37.043,0.3,315.08
42.031,3.23671,2026-02-01T09:32:00Z,12.74,42.847,37.05,0.27,315.52
42.031,3.23671,2026-02-01T10:35:00Z,12.75,42.851,37.051,0.3,316.13
42.031,3.23671,2026-02-01T11:38:00Z,12.64,42.599,36.91,0.56,319.36
42.031,3.23671,2026-02-01T12:41:00Z,12.87,42.845,36.923,0.31,319.35
42.031,3.23671,2026-02-01T13:44:00Z,12.87,42.842,36.92,0.37,320.68
42.031,3.23671,2026-02-01T14:47:00Z,12.99,43.03,36.983,0.31,320.81
42.031,3.23671,2026-02-01T15:50:00Z,12.94,43.015,37.015,0.44,321.39
42.031,3.23671,2026-02-01T16:53:00Z,12.97,43.12,37.092,0.27,320.06
42.031,3.23671,2026-02-01T17:56:00Z,12.89,43.06,37.113,0.32,318.62
42.031,3.23671,2026-02-01T18:59:00Z,12.24,35.678,30.616,1.93,321.39
42.031,3.23671,2026-02-01T20:00:00Z,12.44,38.574,33.211,1.78,321.02
42.031,3.23671,2026-02-01T21:00:00Z,12.15,35.556,30.571,2.96,320.68
42.031,3.23671,2026-02-01T22:00:00Z,12.51,39.868,34.395,1.43,318.37
42.031,3.23671,2026-02-01T23:00:00Z,12.17,38.889,33.757,1.41,319.17
42.031,3.23671,2026-02-02T00:00:00Z,12.35,40.575,35.224,0.99,318.49
42.031,3.23671,2026-02-02T01:08:00Z,12.54,41.942,36.372,0.57,317.74
42.031,3.23671,2026-02-02T02:11:00Z,12.8,42.775,36.922,0.41,316.44
42.031,3.23671,2026-02-02T03:14:00Z,12.35,41.853,36.473,0.5,316.95
42.031,3.23671,2026-02-02T04:17:00Z,12.65,42.546,36.852,0.37,315.54
42.031,3.23671,2026-02-02T05:20:00Z,12.73,42.61,36.836,0.32,315.48
42.031,3.23671,2026-02-02T06:23:00Z,12.75,42.553,36.762,0.28,314.57
42.031,3.23671,2026-02-02T07:26:00Z,12.99,42.983,36.936,0.3,311.82
42.031,3.23671,2026-02-02T08:29:00Z,12.33,40.685,35.355,0.59,317.13
42.031,3.23671,2026-02-02T09:32:00Z,12.57,41.291,35.708,0.52,315.52
42.031,3.23671,2026-02-02T10:35:00Z,12.64,41.39,35.736,0.62,316.12
42.031,3.23671,2026-02-02T11:38:00Z,12.82,41.943,36.105,0.41,315.13
42.031,3.23671,2026-02-02T12:41:00Z,12.84,41.362,35.526,0.59,317.89
42.031,3.23671,2026-02-02T13:44:00Z,12.89,41.871,35.964,0.67,319.0
42.031,3.23671,2026-02-02T14:47:00Z,13.03,42.909,36.833,0.28,317.04
42.031,3.23671,2026-02-02T15:50:00Z,13.02,43.009,36.934,0.28,317.29
42.031,3.23671,2026-02-02T16:53:00Z,13.09,43.312,37.157,0.24,315.76
42.031,3.23671,2026-02-02T17:56:00Z,13.16,43.542,37.307,0.36,313.54
42.031,3.23671,2026-02-02T18:59:00Z,13.39,44.009,37.529,0.13,309.52
42.031,3.23671,2026-02-02T20:00:00Z,13.58,44.404,37.718,0.05,305.7
42.031,3.23671,2026-02-02T21:00:00Z,13.72,44.673,37.837,0.12,303.25
42.031,3.23671,2026-02-02T22:00:00Z,13.72,44.681,37.847,0.05,303.08
42.031,3.23671,2026-02-02T23:00:00Z,13.71,44.685,37.856,0.01,303.26
42.031,3.23671,2026-02-03T00:00:00Z,13.75,44.762,37.889,0.39,302.2
42.031,3.23671,2026-02-03T01:08:00Z,13.78,44.807,37.909,0.01,301.35
42.031,3.23671,2026-02-03T02:11:00Z,13.78,44.828,37.925,0.01,300.89
42.031,3.23671,2026-02-03T03:14:00Z,13.76,44.813,37.93,0.0,301.02
42.031,3.23671,2026-02-03T04:17:00Z,12.38,37.444,32.181,2.92,309.2
42.031,3.23671,2026-02-03T05:20:00Z,13.15,42.044,35.885,1.02,304.06
42.031,3.23671,2026-02-03T06:23:00Z,13.19,42.755,36.529,0.68,303.1
42.031,3.23671,2026-02-03T07:26:00Z,13.5,44.045,37.453,0.25,301.11
42.031,3.23671,2026-02-03T08:29:00Z,13.67,44.617,37.837,0.09,300.31
42.031,3.23671,2026-02-03T09:32:00Z,13.33,43.949,37.536,0.12,305.08
42.031,3.23671,2026-02-03T10:35:00Z,13.34,43.974,37.548,0.2,305.82
42.031,3.23671,2026-02-03T11:38:00Z,13.32,43.924,37.519,0.26,307.24
42.031,3.23671,2026-02-03T12:41:00Z,13.37,43.968,37.513,0.24,306.74
42.031,3.23671,2026-02-03T13:44:00Z,13.34,43.905,37.477,0.1,308.18
42.031,3.23671,2026-02-03T14:47:00Z,13.27,43.781,37.429,0.17,309.99
42.031,3.23671,2026-02-03T15:50:00Z,13.21,43.701,37.409,0.18,310.89
42.031,3.23671,2026-02-03T16:53:00Z,13.31,43.821,37.431,0.35,308.06
42.031,3.23671,2026-02-03T17:56:00Z,13.39,43.706,37.244,0.28,306.57
42.031,3.23671,2026-02-03T18:59:00Z,13.29,43.648,37.288,0.28,307.48
42.031,3.23671,2026-02-03T20:00:00Z,13.34,43.548,37.136,0.45,305.62
42.031,3.23671,2026-02-03T21:00:00Z,13.19,42.232,36.027,0.88,307.08
42.031,3.23671,2026-02-03T22:00:00Z,13.07,41.404,35.348,1.18,308.04
42.031,3.23671,2026-02-03T23:00:00Z,13.1,41.902,35.799,1.01,307.52
42.031,3.23671,2026-02-04T00:00:00Z,12.93,40.119,34.25,1.62,308.42
42.031,3.23671,2026-02-04T01:08:00Z,13.05,41.468,35.43,1.19,307.27
42.031,3.23671,2026-02-04T02:11:00Z,12.89,40.029,34.207,1.4,308.24
42.031,3.23671,2026-02-04T03:14:00Z,12.82,39.617,33.87,1.53,308.27
42.031,3.23671,2026-02-04T04:17:00Z,12.77,39.534,33.84,1.35,308.36
42.031,3.23671,2026-02-04T05:20:00Z,12.82,40.316,34.544,1.05,308.36
42.031,3.23671,2026-02-04T06:23:00Z,12.83,40.692,34.896,0.82,308.72
42.031,3.23671,2026-02-04T07:26:00Z,12.68,39.418,33.806,1.0,308.86
42.031,3.23671,2026-02-04T08:29:00Z,12.58,37.838,32.39,1.25,310.08
42.031,3.23671,2026-02-04T09:32:00Z,12.97,40.93,34.989,0.79,308.08
42.031,3.23671,2026-02-04T10:35:00Z,12.96,41.367,35.412,0.73,308.54
42.031,3.23671,2026-02-04T11:38:00Z,13.09,41.838,35.741,0.61,308.54
42.031,3.23671,2026-02-04T12:41:00Z,13.22,41.464,35.266,0.76,308.55
42.031,3.23671,2026-02-04T13:44:00Z,13.46,43.399,36.879,0.38,306.04
42.031,3.23671,2026-02-04T14:47:00Z,13.59,44.126,37.45,0.23,304.68
42.031,3.23671,2026-02-04T15:50:00Z,13.62,44.361,37.639,0.2,304.42
42.031,3.23671,2026-02-04T16:53:00Z,13.25,41.87,35.628,0.93,307.81
42.031,3.23671,2026-02-04T17:56:00Z,12.57,35.936,30.589,2.06,311.83
42.031,3.23671,2026-02-04T18:59:00Z,12.79,40.738,34.974,0.91,310.08
42.031,3.23671,2026-02-04T20:00:00Z,12.85,41.568,35.708,0.69,309.2
42.031,3.23671,2026-02-04T21:00:00Z,13.06,42.76,36.661,0.45,306.56
42.031,3.23671,2026-02-04T22:00:00Z,13.12,43.249,37.065,0.38,306.01
42.031,3.23671,2026-02-04T23:00:00Z,13.34,44.013,37.589,0.06,309.57
42.031,3.23671,2026-02-05T00:00:00Z,13.28,43.926,37.555,0.05,309.2
42.031,3.23671,2026-02-05T01:08:00Z,13.32,44.027,37.616,0.02,310.22
42.031,3.23671,2026-02-05T02:11:00Z,13.26,43.939,37.589,0.01,310.93
42.031,3.23671,2026-02-05T03:14:00Z,13.2,43.831,37.549,0.02,311.5
42.031,3.23671,2026-02-05T04:17:00Z,13.22,43.881,37.58,0.03,310.95
42.031,3.23671,2026-02-05T05:20:00Z,13.2,43.862,37.581,0.02,310.93
42.031,3.23671,2026-02-05T06:23:00Z,13.19,43.864,37.592,0.01,310.77
42.031,3.23671,2026-02-05T07:26:00Z,13.18,43.845,37.579,0.01,310.89
42.031,3.23671,2026-02-05T08:29:00Z,13.19,43.846,37.568,0.06,311.24
42.031,3.23671,2026-02-05T09:32:00Z,13.18,43.824,37.564,0.02,312.33
42.031,3.23671,2026-02-05T10:35:00Z,13.17,43.824,37.569,0.0,312.87
42.031,3.23671,2026-02-05T11:38:00Z,13.32,44.036,37.627,0.01,311.66
42.031,3.23671,2026-02-05T12:41:00Z,13.35,44.085,37.639,0.01,311.23
42.031,3.23671,2026-02-05T13:44:00Z,13.3,43.592,37.221,0.09,312.2
42.031,3.23671,2026-02-05T14:47:00Z,13.29,43.828,37.453,0.03,312.8
42.031,3.23671,2026-02-05T15:50:00Z,13.34,43.929,37.499,0.04,312.07
42.031,3.23671,2026-02-05T16:53:00Z,13.44,44.157,37.627,0.06,309.41
42.031,3.23671,2026-02-05T17:56:00Z,13.55,44.377,37.719,0.06,306.02
42.031,3.23671,2026-02-05T18:59:00Z,13.39,43.638,37.18,0.26,307.42
42.031,3.23671,2026-02-05T20:00:00Z,13.26,42.809,36.508,0.44,308.32
42.031,3.23671,2026-02-05T21:00:00Z,13.32,43.603,37.212,0.33,308.37
42.031,3.23671,2026-02-05T22:00:00Z,13.3,43.763,37.383,0.15,308.27
42.031,3.23671,2026-02-05T23:00:00Z,13.37,43.958,37.499,0.08,307.1
42.031,3.23671,2026-02-06T00:00:00Z,13.41,44.083,37.584,0.05,306.86
42.031,3.23671,2026-02-06T01:09:00Z,13.37,44.037,37.581,0.03,306.57
42.031,3.23671,2026-02-06T02:12:00Z,13.38,44.099,37.623,0.02,305.97
42.031,3.23671,2026-02-06T03:15:00Z,13.41,44.16,37.659,0.04,305.08
42.031,3.23671,2026-02-06T04:18:00Z,13.41,44.183,37.681,0.01,305.31
42.031,3.23671,2026-02-06T05:21:00Z,13.43,44.236,37.706,0.01,305.32
42.031,3.23671,2026-02-06T06:23:00Z,13.4,44.198,37.698,0.01,305.37
42.031,3.23671,2026-02-06T07:26:00Z,13.09,43.53,37.372,0.03,307.37
42.031,3.23671,2026-02-06T08:29:00Z,12.97,43.267,37.231,0.06,308.95
42.031,3.23671,2026-02-06T09:32:00Z,13.09,43.3,37.144,0.06,309.06
42.031,3.23671,2026-02-06T10:35:00Z,13.23,42.708,36.441,0.23,309.54
42.031,3.23671,2026-02-06T11:38:00Z,13.44,42.801,36.328,0.3,309.79
42.031,3.23671,2026-02-06T12:41:00Z,13.62,43.703,37.012,0.17,309.37
42.031,3.23671,2026-02-06T13:44:00Z,13.77,44.279,37.411,0.13,308.88
42.031,3.23671,2026-02-06T14:47:00Z,13.88,44.476,37.491,0.09,309.61
42.031,3.23671,2026-02-06T15:50:00Z,13.85,44.485,37.531,0.1,310.32
42.031,3.23671,2026-02-06T16:53:00Z,13.73,44.374,37.538,0.05,311.77
42.031,3.23671,2026-02-06T17:56:00Z,13.63,44.263,37.535,0.04,312.79
42.031,3.23671,2026-02-06T18:59:00Z,13.57,44.217,37.556,0.03,312.73
42.031,3.23671,2026-02-06T20:00:00Z,13.5,44.146,37.557,0.05,312.44
42.031,3.23671,2026-02-06T21:00:00Z,13.18,42.952,36.723,0.15,313.32
42.031,3.23671,2026-02-06T22:00:00Z,12.96,41.914,35.945,0.35,313.27
42.031,3.23671,2026-02-06T23:00:00Z,12.99,42.318,36.301,0.27,312.58
42.031,3.23671,2026-02-07T00:00:00Z,13.25,43.413,37.099,0.16,312.08
42.031,3.23671,2026-02-07T01:09:00Z,13.08,43.116,36.978,0.18,311.5
42.031,3.23671,2026-02-07T02:12:00Z,12.9,41.546,35.643,0.52,311.89
42.031,3.23671,2026-02-07T03:15:00Z,13.26,43.014,36.71,0.27,310.95
42.031,3.23671,2026-02-07T04:18:00Z,13.16,42.863,36.658,0.18,311.82
42.031,3.23671,2026-02-07T05:21:00Z,13.3,43.354,36.995,0.11,311.72
42.031,3.23671,2026-02-07T06:24:00Z,13.25,43.371,37.056,0.08,311.81
42.031,3.23671,2026-02-07T07:27:00Z,13.28,43.4,37.06,0.05,311.97
42.031,3.23671,2026-02-07T08:30:00Z,13.11,42.737,36.581,0.23,313.63
42.031,3.23671,2026-02-07T09:33:00Z,13.27,43.004,36.688,0.2,314.25
42.031,3.23671,2026-02-07T10:36:00Z,13.45,43.39,36.881,0.15,314.94
42.031,3.23671,2026-02-07T11:39:00Z,13.6,43.614,36.954,0.16,315.02
42.031,3.23671,2026-02-07T12:42:00Z,13.67,43.947,37.194,0.1,315.24
42.031,3.23671,2026-02-07T13:44:00Z,13.71,43.859,37.07,0.12,315.47
42.031,3.23671,2026-02-07T14:47:00Z,13.68,44.027,37.262,0.07,315.88
42.031,3.23671,2026-02-07T15:50:00Z,13.65,44.077,37.336,0.17,316.55
42.031,3.23671,2026-02-07T16:53:00Z,13.6,44.096,37.406,0.06,316.54
42.031,3.23671,2026-02-07T17:56:00Z,13.54,44.046,37.416,0.04,316.18
42.031,3.23671,2026-02-07T18:59:00Z,13.51,44.039,37.44,0.04,315.29
42.031,3.23671,2026-02-07T20:00:00Z,11.5,33.359,28.992,1.99,322.3
42.031,3.23671,2026-02-07T21:00:00Z,12.73,39.362,33.714,1.17,314.51
42.031,3.23671,2026-02-07T22:00:00Z,13.26,43.099,36.791,0.31,313.49
42.031,3.23671,2026-02-07T23:00:00Z,13.26,43.31,36.984,0.21,312.06
42.031,3.23671,2026-02-08T00:00:00Z,13.17,40.66,34.545,0.84,312.26
42.031,3.23671,2026-02-08T01:09:00Z,13.21,40.936,34.771,0.79,312.25
42.031,3.23671,2026-02-08T02:12:00Z,13.16,41.655,35.504,0.43,312.12
42.031,3.23671,2026-02-08T03:15:00Z,12.91,38.869,33.082,1.03,311.83
42.031,3.23671,2026-02-08T04:18:00Z,13.04,40.779,34.779,0.69,311.58
42.031,3.23671,2026-02-08T05:21:00Z,13.3,43.432,37.069,0.1,312.89
42.031,3.23671,2026-02-08T06:24:00Z,13.22,43.261,36.978,0.17,310.52
42.031,3.23671,2026-02-08T07:27:00Z,12.49,38.461,33.064,0.85,311.87
42.031,3.23671,2026-02-08T08:30:00Z,13.06,42.031,35.961,0.34,309.82
42.031,3.23671,2026-02-08T09:33:00Z,13.12,42.028,35.894,0.36,309.83
42.031,3.23671,2026-02-08T10:36:00Z,13.37,42.891,36.483,0.3,310.6
42.031,3.23671,2026-02-08T11:39:00Z,13.63,44.258,37.529,0.03,309.63
42.031,3.23671,2026-02-08T12:42:00Z,13.54,44.343,37.697,0.37,309.32
42.031,3.23671,2026-02-08T13:45:00Z,13.47,44.248,37.679,1.62,311.19
42.031,3.23671,2026-02-08T14:48:00Z,13.41,44.19,37.682,0.15,312.42
42.031,3.23671,2026-02-08T15:51:00Z,13.36,44.155,37.702,0.15,312.58
42.031,3.23671,2026-02-08T16:54:00Z,13.39,44.236,37.748,0.12,310.87
42.031,3.23671,2026-02-08T17:57:00Z,13.34,44.161,37.725,0.18,311.82
42.031,3.23671,2026-02-08T19:00:00Z,13.26,44.038,37.685,0.04,312.0
42.031,3.23671,2026-02-08T20:00:00Z,13.19,43.937,37.657,0.03,311.44
42.031,3.23671,2026-02-08T21:00:00Z,13.21,43.965,37.663,0.22,311.35
42.031,3.23671,2026-02-08T22:00:00Z,13.3,44.011,37.617,0.26,312.14
42.031,3.23671,2026-02-08T23:00:00Z,13.23,43.917,37.602,0.07,312.39
42.031,3.23671,2026-02-09T01:08:00Z,13.26,43.882,37.536,0.07,314.85
42.031,3.23671,2026-02-09T02:11:00Z,13.21,43.81,37.522,0.04,315.77
42.031,3.23671,2026-02-09T03:14:00Z,13.22,43.829,37.522,0.11,315.0
42.031,3.23671,2026-02-09T04:17:00Z,13.22,43.824,37.525,0.19,314.72
42.031,3.23671,2026-02-09T05:20:00Z,13.2,43.802,37.521,0.17,314.83
42.031,3.23671,2026-02-09T06:23:00Z,13.19,43.797,37.523,0.27,314.83
42.031,3.23671,2026-02-09T07:26:00Z,13.19,43.802,37.528,0.41,315.02
42.031,3.23671,2026-02-09T08:29:00Z,13.23,43.849,37.533,0.23,315.52
42.031,3.23671,2026-02-09T09:32:00Z,13.16,43.726,37.484,0.28,316.93
42.031,3.23671,2026-02-09T10:35:00Z,13.16,43.689,37.451,0.36,317.44
42.031,3.23671,2026-02-09T11:38:00Z,13.33,43.828,37.413,0.38,317.76
42.031,3.23671,2026-02-09T12:41:00Z,13.28,43.779,37.423,0.41,318.77
42.031,3.23671,2026-02-09T13:44:00Z,13.32,43.825,37.42,0.32,319.0
42.031,3.23671,2026-02-09T14:47:00Z,13.34,43.825,37.402,0.38,319.43
42.031,3.23671,2026-02-09T15:50:00Z,13.35,43.84,37.41,0.39,319.62
42.031,3.23671,2026-02-09T16:53:00Z,13.28,43.736,37.378,0.48,320.74
42.031,3.23671,2026-02-09T17:56:00Z,13.21,43.668,37.385,0.33,320.55
42.031,3.23671,2026-02-09T18:59:00Z,13.16,43.642,37.403,0.28,320.16
42.031,3.23671,2026-02-09T20:00:00Z,13.16,43.662,37.422,0.32,320.25
42.031,3.23671,2026-02-09T21:00:00Z,13.14,43.634,37.42,0.28,320.18
42.031,3.23671,2026-02-09T22:00:00Z,13.16,43.655,37.42,0.34,320.07
42.031,3.23671,2026-02-09T23:00:00Z,13.13,43.622,37.418,0.28,320.08
42.031,3.23671,2026-02-10T00:00:00Z,13.1,43.577,37.402,0.25,319.55
42.031,3.23671,2026-02-10T01:08:00Z,13.11,43.61,37.423,0.24,319.13
42.031,3.23671,2026-02-10T02:11:00Z,13.14,43.697,37.48,0.15,317.67
42.031,3.23671,2026-02-10T03:14:00Z,13.15,43.698,37.467,0.12,318.45
42.031,3.23671,2026-02-10T04:17:00Z,13.16,43.728,37.484,0.09,317.56
42.031,3.23671,2026-02-10T05:20:00Z,13.13,43.638,37.435,0.17,318.14
42.031,3.23671,2026-02-10T06:23:00Z,13.05,43.528,37.409,0.28,318.45
42.031,3.23671,2026-02-10T07:26:00Z,12.99,43.407,37.353,0.36,318.95
42.031,3.23671,2026-02-10T08:29:00Z,13.04,43.502,37.387,0.38,319.0
42.031,3.23671,2026-02-10T09:32:00Z,13.1,43.584,37.411,0.34,319.08
42.031,3.23671,2026-02-10T10:35:00Z,13.09,43.564,37.402,0.41,319.56
42.031,3.23671,2026-02-10T11:38:00Z,13.11,43.571,37.385,0.36,320.55
42.031,3.23671,2026-02-10T12:41:00Z,12.61,42.86,37.192,0.09,320.48
42.031,3.23671,2026-02-10T13:44:00Z,12.64,42.863,37.164,0.03,320.73
42.031,3.23671,2026-02-10T14:47:00Z,12.69,42.934,37.183,0.05,320.58
42.031,3.23671,2026-02-10T15:50:00Z,12.72,43.002,37.222,0.06,320.42
42.031,3.23671,2026-02-10T16:53:00Z,12.72,43.001,37.219,0.05,320.38
42.031,3.23671,2026-02-10T17:56:00Z,12.71,42.989,37.218,0.05,320.19
42.031,3.23671,2026-02-10T18:59:00Z,12.67,42.935,37.203,0.04,320.13
42.031,3.23671,2026-02-10T20:00:00Z,12.63,39.762,34.185,0.66,321.06
42.031,3.23671,2026-02-10T21:00:00Z,12.72,41.32,35.597,0.48,320.2
42.031,3.23671,2026-02-10T22:00:00Z,12.72,42.413,36.65,0.28,319.86
42.031,3.23671,2026-02-10T23:00:00Z,12.65,42.642,36.945,0.11,319.66
42.031,3.23671,2026-02-11T00:00:00Z,12.63,42.806,37.119,0.12,319.58
42.031,3.23671,2026-02-11T01:08:00Z,12.61,42.877,37.209,0.02,319.23
42.031,3.23671,2026-02-11T02:11:00Z,12.61,42.878,37.216,0.09,319.05
42.031,3.23671,2026-02-11T03:14:00Z,12.6,42.89,37.23,0.03,318.72
42.031,3.23671,2026-02-11T04:17:00Z,12.61,42.893,37.229,0.11,318.55
42.031,3.23671,2026-02-11T05:20:00Z,12.62,42.911,37.232,0.02,318.3
42.031,3.23671,2026-02-11T06:23:00Z,12.63,42.916,37.229,0.03,318.39
42.031,3.23671,2026-02-11T07:26:00Z,12.53,42.783,37.195,0.01,318.91
42.031,3.23671,2026-02-11T08:29:00Z,12.4,42.541,37.095,0.03,320.64
42.031,3.23671,2026-02-11T09:32:00Z,12.5,42.663,37.117,0.02,319.77
42.031,3.23671,2026-02-11T10:35:00Z,12.7,42.841,37.092,0.02,320.11
42.031,3.23671,2026-02-11T11:38:00Z,13.02,43.115,37.038,0.03,320.18
42.031,3.23671,2026-02-11T12:41:00Z,12.91,42.98,37.017,0.04,320.85
42.031,3.23671,2026-02-11T13:44:00Z,12.75,42.784,36.984,0.01,320.52
42.031,3.23671,2026-02-11T14:47:00Z,12.79,42.767,36.925,0.02,321.66
42.031,3.23671,2026-02-11T15:50:00Z,12.67,42.677,36.954,0.02,321.88
42.031,3.23671,2026-02-11T16:53:00Z,12.66,42.678,36.966,0.05,321.86
42.031,3.23671,2026-02-11T17:56:00Z,12.61,42.638,36.976,0.02,321.89
42.031,3.23671,2026-02-11T18:59:00Z,12.62,42.665,36.99,0.05,321.6
42.031,3.23671,2026-02-11T20:00:00Z,12.82,27.528,22.642,3.01,320.02
42.031,3.23671,2026-02-11T21:00:00Z,12.76,42.151,36.359,0.2,320.49
42.031,3.23671,2026-02-11T22:00:00Z,12.74,42.144,36.374,0.16,319.73
42.031,3.23671,2026-02-11T23:00:00Z,12.72,41.434,35.709,0.38,320.18
42.031,3.23671,2026-02-12T00:00:00Z,12.76,41.934,36.15,0.41,319.64
42.031,3.23671,2026-02-12T01:08:00Z,12.71,42.234,36.493,0.37,319.31
42.031,3.23671,2026-02-12T02:11:00Z,12.63,42.197,36.534,0.19,319.17
42.031,3.23671,2026-02-12T03:14:00Z,12.57,42.241,36.631,0.15,319.49
42.031,3.23671,2026-02-12T04:17:00Z,12.52,42.049,36.499,0.12,319.08
42.031,3.23671,2026-02-12T05:20:00Z,12.47,42.018,36.509,0.1,319.26
42.031,3.23671,2026-02-12T06:23:00Z,12.49,42.406,36.873,0.05,318.68
42.031,3.23671,2026-02-12T07:26:00Z,12.62,42.793,37.119,0.01,318.49
42.031,3.23671,2026-02-12T08:29:00Z,12.59,42.782,37.135,0.03,318.83
42.031,3.23671,2026-02-12T09:32:00Z,12.68,42.886,37.153,0.01,318.72
42.031,3.23671,2026-02-12T10:35:00Z,12.75,42.986,37.183,0.03,319.12
42.031,3.23671,2026-02-12T11:38:00Z,12.8,42.991,37.138,0.04,319.74
42.031,3.23671,2026-02-12T12:41:00Z,12.75,42.899,37.095,0.05,320.89
42.031,3.23671,2026-02-12T13:44:00Z,12.73,42.912,37.122,0.06,321.08
42.031,3.23671,2026-02-12T14:47:00Z,12.81,43.025,37.157,0.03,320.74
42.031,3.23671,2026-02-12T15:50:00Z,12.85,43.098,37.192,0.06,320.26
42.031,3.23671,2026-02-12T16:53:00Z,12.89,43.14,37.19,0.05,319.6
42.031,3.23671,2026-02-12T17:56:00Z,13.18,38.719,32.703,1.24,320.77
42.031,3.23671,2026-02-12T18:59:00Z,12.94,35.655,30.035,1.98,320.88
42.031,3.23671,2026-02-12T20:00:00Z,13.04,40.248,34.28,1.12,321.3
42.031,3.23671,2026-02-12T21:00:00Z,12.89,42.038,36.13,0.48,320.87
42.031,3.23671,2026-02-12T22:00:00Z,12.58,41.252,35.666,0.34,320.39
42.031,3.23671,2026-02-12T23:00:00Z,12.61,41.982,36.337,0.24,320.27
42.031,3.23671,2026-02-13T00:00:00Z,12.65,42.365,36.677,0.14,320.24
42.031,3.23671,2026-02-13T01:08:00Z,12.37,41.855,36.449,0.12,320.23
42.031,3.23671,2026-02-13T02:11:00Z,12.33,41.874,36.506,0.1,320.23
42.031,3.23671,2026-02-13T03:14:00Z,12.53,42.467,36.896,0.04,319.85
42.031,3.23671,2026-02-13T04:17:00Z,12.44,42.241,36.759,0.06,319.95
42.031,3.23671,2026-02-13T05:20:00Z,12.67,42.795,37.076,0.05,319.7
42.031,3.23671,2026-02-13T06:23:00Z,12.73,42.868,37.085,0.15,319.31
42.031,3.23671,2026-02-13T07:26:00Z,12.74,42.818,37.021,0.07,318.12
42.031,3.23671,2026-02-13T08:29:00Z,12.74,42.912,37.112,0.03,317.83
42.031,3.23671,2026-02-13T09:32:00Z,12.73,42.917,37.131,0.03,318.98
42.031,3.23671,2026-02-13T10:35:00Z,12.37,36.144,30.954,1.99,319.74
42.031,3.23671,2026-02-13T11:38:00Z,12.47,38.208,32.836,1.33,320.05
42.031,3.23671,2026-02-13T12:41:00Z,12.59,38.731,33.229,1.06,319.97
42.031,3.23671,2026-02-13T13:44:00Z,12.72,40.551,34.856,0.56,318.02
42.031,3.23671,2026-02-13T14:47:00Z,12.63,38.018,32.518,1.42,318.2
42.031,3.23671,2026-02-13T15:50:00Z,12.7,39.44,33.814,1.33,319.26
42.031,3.23671,2026-02-13T16:53:00Z,12.66,39.834,34.228,0.84,318.05
42.031,3.23671,2026-02-13T17:56:00Z,12.66,41.522,35.853,0.4,318.24
42.031,3.23671,2026-02-13T18:59:00Z,12.67,42.245,36.535,0.23,317.98
42.031,3.23671,2026-02-13T20:00:00Z,12.76,42.844,37.032,0.28,317.7
42.031,3.23671,2026-02-13T21:00:00Z,12.77,42.975,37.146,0.07,317.64
42.031,3.23671,2026-02-13T22:00:00Z,12.76,42.996,37.176,0.12,317.77
42.031,3.23671,2026-02-13T23:00:00Z,12.74,42.914,37.123,0.14,317.44
42.031,3.23671,2026-02-14T00:00:00Z,12.72,42.914,37.141,0.06,318.02
42.031,3.23671,2026-02-14T01:08:00Z,12.68,42.799,37.064,0.07,317.31
42.031,3.23671,2026-02-14T02:11:00Z,12.7,42.847,37.096,0.06,317.2
42.031,3.23671,2026-02-14T03:14:00Z,12.67,42.784,37.065,0.04,317.52
42.031,3.23671,2026-02-14T04:17:00Z,12.79,43.067,37.221,1.6,316.7
42.031,3.23671,2026-02-14T05:20:00Z,12.73,42.927,37.145,0.06,316.79
42.031,3.23671,2026-02-14T06:23:00Z,12.71,42.911,37.147,0.18,316.75
42.031,3.23671,2026-02-14T07:26:00Z,12.74,42.931,37.139,0.28,316.26
42.031,3.23671,2026-02-14T08:29:00Z,12.76,42.985,37.168,0.54,316.25
42.031,3.23671,2026-02-14T09:32:00Z,12.77,43.049,37.22,0.43,316.02
42.031,3.23671,2026-02-14T10:35:00Z,12.79,43.075,37.223,2.17,316.47
42.031,3.23671,2026-02-14T11:38:00Z,12.81,43.09,37.221,2.23,316.35
42.031,3.23671,2026-02-14T12:41:00Z,12.83,43.063,37.178,1.12,316.94
42.031,3.23671,2026-02-14T13:44:00Z,12.85,43.134,37.22,1.39,316.42
42.031,3.23671,2026-02-14T14:47:00Z,12.84,43.121,37.224,1.22,316.82
42.031,3.23671,2026-02-14T15:50:00Z,12.81,43.07,37.203,1.65,316.95
42.031,3.23671,2026-02-14T16:53:00Z,12.77,43.012,37.186,1.77,317.18
42.031,3.23671,2026-02-14T17:56:00Z,12.73,42.98,37.194,2.14,317.2
42.031,3.23671,2026-02-14T18:59:00Z,12.7,42.959,37.197,2.54,317.67
42.031,3.23671,2026-02-14T20:00:00Z,12.69,42.947,37.202,10.42,318.0
42.031,3.23671,2026-02-14T21:00:00Z,12.65,42.936,37.23,5.59,318.29
42.031,3.23671,2026-02-14T22:00:00Z,12.62,42.942,37.264,2.35,318.24
42.031,3.23671,2026-02-14T23:00:00Z,12.61,42.917,37.249,8.09,318.57
42.031,3.23671,2026-02-15T00:00:00Z,12.65,43.045,37.329,2.11,317.62
42.031,3.23671,2026-02-15T01:08:00Z,12.78,43.263,37.422,1.77,316.2
42.031,3.23671,2026-02-15T02:11:00Z,12.81,43.303,37.427,0.72,315.33
42.031,3.23671,2026-02-15T03:14:00Z,12.81,43.315,37.437,0.5,314.81
42.031,3.23671,2026-02-15T04:17:00Z,12.55,42.926,37.315,1.27,318.87
42.031,3.23671,2026-02-15T05:20:00Z,12.56,42.967,37.344,1.04,317.86
42.031,3.23671,2026-02-15T06:23:00Z,12.58,42.995,37.352,1.34,317.61
42.031,3.23671,2026-02-15T07:26:00Z,12.52,42.913,37.338,1.17,318.02
42.031,3.23671,2026-02-15T08:29:00Z,12.59,42.999,37.354,1.32,317.86
42.031,3.23671,2026-02-15T09:32:00Z,12.58,42.987,37.344,1.14,318.14
42.031,3.23671,2026-02-15T10:35:00Z,12.55,42.525,36.927,0.91,318.8
42.031,3.23671,2026-02-15T11:38:00Z,12.55,41.073,35.522,1.25,320.92
42.031,3.23671,2026-02-15T12:41:00Z,12.7,39.979,34.331,1.46,321.91
42.031,3.23671,2026-02-15T13:44:00Z,12.96,42.738,36.735,0.97,320.19
42.031,3.23671,2026-02-15T14:47:00Z,13.04,41.991,35.939,1.03,321.18
42.031,3.23671,2026-02-15T15:50:00Z,12.93,43.023,37.041,0.67,320.7
42.031,3.23671,2026-02-15T16:53:00Z,12.76,43.053,37.233,0.77,320.39
42.031,3.23671,2026-02-15T17:56:00Z,12.31,36.641,31.476,2.25,325.83
42.031,3.23671,2026-02-15T18:59:00Z,12.37,39.187,33.869,1.86,325.22
42.031,3.23671,2026-02-15T20:00:00Z,12.38,40.575,35.202,1.46,322.88
42.031,3.23671,2026-02-15T21:00:00Z,12.44,41.787,36.313,1.05,321.33
42.031,3.23671,2026-02-15T22:00:00Z,12.5,42.442,36.897,1.0,320.5
42.031,3.23671,2026-02-15T23:00:00Z,12.51,42.581,37.026,0.9,320.18
42.031,3.23671,2026-02-16T00:00:00Z,12.72,42.936,37.155,0.59,316.43
42.031,3.23671,2026-02-16T01:08:00Z,12.88,43.257,37.313,0.2,313.5
42.031,3.23671,2026-02-16T02:11:00Z,13.09,43.47,37.313,0.18,308.16
42.031,3.23671,2026-02-16T03:14:00Z,13.12,43.562,37.364,0.13,307.48
42.031,3.23671,2026-02-16T04:17:00Z,13.12,43.65,37.452,0.1,306.68
42.031,3.23671,2026-02-16T05:20:00Z,13.2,43.869,37.584,0.2,305.86
42.031,3.23671,2026-02-16T06:23:00Z,12.89,43.469,37.51,0.23,311.3
42.031,3.23671,2026-02-16T07:26:00Z,12.65,43.076,37.368,0.52,316.24
42.031,3.23671,2026-02-16T08:29:00Z,12.75,43.234,37.421,0.47,316.04
42.031,3.23671,2026-02-16T09:32:00Z,12.77,43.229,37.391,0.34,316.79
42.031,3.23671,2026-02-16T10:35:00Z,12.87,43.281,37.347,0.32,318.1
42.031,3.23671,2026-02-16T11:38:00Z,12.98,43.417,37.366,0.26,318.02
42.031,3.23671,2026-02-16T12:41:00Z,13.08,43.546,37.389,0.25,317.64
42.031,3.23671,2026-02-16T13:44:00Z,13.16,43.714,37.475,0.12,315.94
42.031,3.23671,2026-02-16T14:47:00Z,13.16,43.663,37.426,0.13,317.13
42.031,3.23671,2026-02-16T15:50:00Z,13.05,43.502,37.378,0.15,318.41
42.031,3.23671,2026-02-16T16:53:00Z,13.01,43.428,37.353,0.14,319.43
42.031,3.23671,2026-02-16T17:56:00Z,13.03,43.441,37.345,0.16,319.39
42.031,3.23671,2026-02-16T18:59:00Z,13.24,43.386,37.081,0.31,316.02
42.031,3.23671,2026-02-16T20:00:00Z,13.05,43.368,37.254,0.28,319.3
42.031,3.23671,2026-02-16T21:00:00Z,12.94,43.352,37.347,0.17,319.39
42.031,3.23671,2026-02-16T22:00:00Z,12.89,43.412,37.45,0.59,317.92
42.031,3.23671,2026-02-16T23:00:00Z,12.99,43.591,37.527,0.09,315.81
42.031,3.23671,2026-02-17T00:00:00Z,13.03,43.68,37.574,0.06,314.77
42.031,3.23671,2026-02-17T01:09:00Z,13.09,43.776,37.602,0.54,312.95
42.031,3.23671,2026-02-17T02:12:00Z,13.04,43.693,37.573,0.05,314.2
42.031,3.23671,2026-02-17T03:14:00Z,13.12,43.807,37.603,0.15,312.95
42.031,3.23671,2026-02-17T04:17:00Z,13.12,43.811,37.611,0.31,312.67
42.031,3.23671,2026-02-17T05:20:00Z,13.09,43.777,37.606,0.19,312.88
42.031,3.23671,2026-02-17T06:23:00Z,12.99,43.637,37.565,0.41,313.47
42.031,3.23671,2026-02-17T07:26:00Z,13.0,43.663,37.581,0.07,313.24
42.031,3.23671,2026-02-17T08:29:00Z,13.03,43.709,37.597,0.05,313.13
42.031,3.23671,2026-02-17T09:32:00Z,12.99,43.631,37.569,0.1,314.18
42.031,3.23671,2026-02-17T10:35:00Z,12.92,43.523,37.531,0.13,315.77
42.031,3.23671,2026-02-17T11:38:00Z,12.93,43.524,37.524,0.07,316.68
42.031,3.23671,2026-02-17T12:41:00Z,12.91,43.488,37.503,0.13,318.13
42.031,3.23671,2026-02-17T13:44:00Z,13.03,43.629,37.525,0.11,316.92
42.031,3.23671,2026-02-17T14:47:00Z,13.04,43.651,37.534,0.08,316.86
42.031,3.23671,2026-02-17T15:50:00Z,12.98,43.576,37.521,0.21,317.63
42.031,3.23671,2026-02-17T16:53:00Z,12.94,43.528,37.518,0.11,317.76
42.031,3.23671,2026-02-17T17:56:00Z,12.89,43.502,37.538,0.12,316.67
42.031,3.23671,2026-02-17T18:59:00Z,12.84,43.405,37.498,0.25,318.51
42.031,3.23671,2026-02-17T20:00:00Z,12.64,43.106,37.402,0.23,321.89
42.031,3.23671,2026-02-17T21:00:00Z,12.55,42.968,37.361,0.23,323.57
42.031,3.23671,2026-02-17T22:00:00Z,12.53,42.961,37.374,0.25,324.91
42.031,3.23671,2026-02-17T23:00:00Z,12.59,43.058,37.402,0.3,323.0
42.031,3.23671,2026-02-18T00:00:00Z,12.6,43.068,37.409,0.33,322.7
42.031,3.23671,2026-02-18T01:09:00Z,12.64,43.137,37.433,0.28,321.37
42.031,3.23671,2026-02-18T02:12:00Z,12.65,43.16,37.449,0.28,320.48
42.031,3.23671,2026-02-18T03:15:00Z,12.68,43.22,37.477,0.3,318.95
42.031,3.23671,2026-02-18T04:18:00Z,12.67,43.207,37.47,0.21,319.19
42.031,3.23671,2026-02-18T05:21:00Z,12.65,43.179,37.467,0.28,319.41
42.031,3.23671,2026-02-18T06:24:00Z,12.59,42.944,37.3,0.19,317.47
42.031,3.23671,2026-02-18T07:27:00Z,12.69,43.163,37.411,0.22,317.36
42.031,3.23671,2026-02-18T08:30:00Z,12.78,43.304,37.455,0.25,317.83
42.031,3.23671,2026-02-18T09:33:00Z,13.0,43.578,37.506,0.21,316.6
42.031,3.23671,2026-02-18T10:35:00Z,13.2,43.784,37.497,0.2,317.14
42.031,3.23671,2026-02-18T11:38:00Z,13.06,43.67,37.532,0.19,317.5
42.031,3.23671,2026-02-18T12:41:00Z,13.0,43.645,37.567,0.22,316.89
42.031,3.23671,2026-02-18T13:44:00Z,13.06,43.739,37.594,0.1,316.41
42.031,3.23671,2026-02-18T14:47:00Z,13.12,43.623,37.424,0.16,317.2
42.031,3.23671,2026-02-18T15:50:00Z,13.1,43.413,37.248,0.21,318.1
42.031,3.23671,2026-02-18T16:53:00Z,13.1,43.697,37.516,0.15,316.69
42.031,3.23671,2026-02-18T17:56:00Z,13.09,43.761,37.587,0.16,315.99
42.031,3.23671,2026-02-18T18:59:00Z,13.03,43.703,37.59,0.22,316.62
42.031,3.23671,2026-02-18T20:00:00Z,13.0,43.596,37.516,0.2,316.93
42.031,3.23671,2026-02-18T21:00:00Z,12.95,43.287,37.276,0.31,318.5
42.031,3.23671,2026-02-18T22:00:00Z,13.01,43.62,37.533,0.23,315.93
42.031,3.23671,2026-02-18T23:00:00Z,12.97,43.3,37.263,0.39,316.45
42.031,3.23671,2026-02-19T00:00:00Z,13.05,43.549,37.423,0.28,314.62
42.031,3.23671,2026-02-19T01:09:00Z,12.93,42.95,36.966,0.3,316.5
42.031,3.23671,2026-02-19T02:12:00Z,13.07,43.612,37.463,0.22,314.05
42.031,3.23671,2026-02-19T03:15:00Z,13.27,44.062,37.696,0.16,309.0
42.031,3.23671,2026-02-19T04:18:00Z,13.33,44.23,37.797,0.07,309.48
42.031,3.23671,2026-02-19T05:21:00Z,13.42,44.34,37.818,0.03,307.89
42.031,3.23671,2026-02-19T06:24:00Z,13.38,44.306,37.827,0.02,307.5
42.031,3.23671,2026-02-19T07:27:00Z,13.44,44.392,37.845,0.04,307.07
42.031,3.23671,2026-02-19T08:30:00Z,13.5,44.469,37.865,0.04,307.08
42.031,3.23671,2026-02-19T09:33:00Z,13.42,44.354,37.827,0.06,308.38
42.031,3.23671,2026-02-19T10:36:00Z,13.39,44.307,37.819,0.03,310.31
42.031,3.23671,2026-02-19T11:39:00Z,13.44,44.37,37.826,0.02,310.27
42.031,3.23671,2026-02-19T12:42:00Z,13.48,44.423,37.837,0.03,310.14
42.031,3.23671,2026-02-19T13:45:00Z,13.49,44.435,37.839,0.04,310.58
42.031,3.23671,2026-02-19T14:48:00Z,13.52,43.945,37.343,0.16,311.06
42.031,3.23671,2026-02-19T15:51:00Z,13.51,44.069,37.47,0.19,311.6
42.031,3.23671,2026-02-19T16:54:00Z,13.45,44.098,37.553,0.23,312.86
42.031,3.23671,2026-02-19T17:57:00Z,13.42,44.148,37.635,0.15,312.37
42.031,3.23671,2026-02-19T18:59:00Z,13.31,43.949,37.557,0.25,313.88
42.031,3.23671,2026-02-19T20:00:00Z,13.18,43.715,37.456,0.3,315.39
42.031,3.23671,2026-02-19T21:00:00Z,13.1,43.568,37.39,0.23,315.86
42.031,3.23671,2026-02-19T22:00:00Z,13.03,43.551,37.445,0.24,315.91
42.031,3.23671,2026-02-19T23:00:00Z,12.81,43.137,37.26,0.23,316.97
42.031,3.23671,2026-02-20T00:00:00Z,12.9,42.775,36.826,0.28,316.83
42.031,3.23671,2026-02-20T01:09:00Z,13.14,43.692,37.477,0.13,314.43
42.031,3.23671,2026-02-20T02:12:00Z,13.14,43.813,37.59,0.16,314.13
42.031,3.23671,2026-02-20T03:15:00Z,13.15,43.88,37.642,0.08,313.94
42.031,3.23671,2026-02-20T04:18:00Z,13.18,43.933,37.661,0.3,313.64
42.031,3.23671,2026-02-20T05:21:00Z,13.17,43.94,37.682,0.11,313.41
42.031,3.23671,2026-02-20T06:24:00Z,13.17,43.901,37.645,1.04,313.08
42.031,3.23671,2026-02-20T07:27:00Z,13.19,43.981,37.701,0.09,313.23
42.031,3.23671,2026-02-20T08:30:00Z,13.21,44.021,37.718,0.1,314.01
42.031,3.23671,2026-02-20T09:33:00Z,13.25,44.081,37.738,0.37,314.11
42.031,3.23671,2026-02-20T10:36:00Z,13.3,44.144,37.745,0.09,314.56
42.031,3.23671,2026-02-20T11:39:00Z,13.29,44.102,37.722,0.13,315.5
42.031,3.23671,2026-02-20T12:42:00Z,13.29,44.11,37.725,0.14,316.27
42.031,3.23671,2026-02-20T13:45:00Z,13.34,44.181,37.745,0.11,316.25
42.031,3.23671,2026-02-20T14:48:00Z,13.35,44.195,37.748,0.14,317.14
42.031,3.23671,2026-02-20T15:51:00Z,13.34,44.16,37.722,0.16,318.36
42.031,3.23671,2026-02-20T16:54:00Z,13.33,44.155,37.729,0.1,317.98
42.031,3.23671,2026-02-20T17:57:00Z,13.31,44.13,37.729,0.15,317.88
42.031,3.23671,2026-02-20T19:00:00Z,13.31,44.139,37.732,0.21,317.95
42.031,3.23671,2026-02-20T20:00:00Z,13.3,44.124,37.735,0.16,317.86
42.031,3.23671,2026-02-20T21:00:00Z,13.27,44.107,37.739,0.08,317.52
42.031,3.23671,2026-02-20T22:00:00Z,13.26,44.092,37.741,0.19,317.45
42.031,3.23671,2026-02-20T23:00:00Z,13.24,44.078,37.741,0.1,317.51
42.031,3.23671,2026-02-21T00:00:00Z,13.25,44.092,37.75,1.94,316.41
42.031,3.23671,2026-02-21T01:08:00Z,13.25,44.096,37.754,0.1,315.8
42.031,3.23671,2026-02-21T02:11:00Z,13.25,44.103,37.757,0.13,315.36
42.031,3.23671,2026-02-21T03:14:00Z,13.26,44.118,37.76,0.26,315.27
42.031,3.23671,2026-02-21T04:17:00Z,13.25,44.103,37.765,0.09,314.88
42.031,3.23671,2026-02-21T05:20:00Z,13.27,44.133,37.766,0.11,314.58
42.031,3.23671,2026-02-21T06:23:00Z,13.22,44.086,37.772,0.1,314.3
42.031,3.23671,2026-02-21T07:26:00Z,13.28,44.162,37.782,0.15,313.08
42.031,3.23671,2026-02-21T08:29:00Z,13.26,44.122,37.766,0.12,314.08
42.031,3.23671,2026-02-21T09:32:00Z,13.27,44.078,37.718,0.16,315.6
42.031,3.23671,2026-02-21T10:35:00Z,13.41,44.163,37.655,0.25,317.12
42.031,3.23671,2026-02-21T11:38:00Z,13.65,44.41,37.653,0.19,317.67
42.031,3.23671,2026-02-21T12:41:00Z,13.6,44.323,37.62,0.28,320.08
42.031,3.23671,2026-02-21T13:44:00Z,13.36,43.935,37.49,0.34,324.56
42.031,3.23671,2026-02-21T14:47:00Z,13.79,44.441,37.548,0.28,322.66
42.031,3.23671,2026-02-21T15:50:00Z,13.5,44.134,37.54,0.33,324.49
42.031,3.23671,2026-02-21T16:53:00Z,13.68,44.305,37.528,0.13,318.72
42.031,3.23671,2026-02-21T17:56:00Z,13.6,44.394,37.688,0.07,318.33
42.031,3.23671,2026-02-21T18:59:00Z,13.55,44.319,37.665,0.06,318.72
42.031,3.23671,2026-02-21T20:00:00Z,13.27,43.304,36.977,0.21,321.45
42.031,3.23671,2026-02-21T21:00:00Z,12.84,41.702,35.85,0.41,323.16
42.031,3.23671,2026-02-21T22:00:00Z,13.35,42.798,36.413,0.47,321.77
42.031,3.23671,2026-02-21T23:00:00Z,13.43,43.007,36.533,0.48,321.55
42.031,3.23671,2026-02-22T00:00:00Z,13.19,42.17,35.964,0.54,322.01
42.031,3.23671,2026-02-22T01:08:00Z,12.92,42.061,36.121,0.51,322.55
42.031,3.23671,2026-02-22T02:11:00Z,13.05,43.346,37.227,0.26,322.49
42.031,3.23671,2026-02-22T03:14:00Z,13.14,43.615,37.404,0.2,320.74
42.031,3.23671,2026-02-22T04:17:00Z,13.03,43.478,37.376,0.2,321.52
42.031,3.23671,2026-02-22T05:20:00Z,12.92,43.422,37.43,0.23,322.42
42.031,3.23671,2026-02-22T06:23:00Z,13.09,43.699,37.528,0.17,320.5
42.031,3.23671,2026-02-22T07:26:00Z,13.12,43.628,37.434,0.18,320.06
42.031,3.23671,2026-02-22T08:29:00Z,13.27,43.857,37.507,0.17,320.26
42.031,3.23671,2026-02-22T09:32:00Z,13.22,43.782,37.485,0.26,322.12
42.031,3.23671,2026-02-22T10:35:00Z,13.37,43.956,37.495,0.18,322.75
42.031,3.23671,2026-02-22T11:38:00Z,13.84,44.48,37.536,0.16,322.67
42.031,3.23671,2026-02-22T12:41:00Z,13.6,44.137,37.443,0.2,324.45
42.031,3.23671,2026-02-22T13:44:00Z,13.54,44.025,37.4,0.22,325.16
42.031,3.23671,2026-02-22T14:47:00Z,13.55,44.01,37.375,0.15,324.49
42.031,3.23671,2026-02-22T15:50:00Z,13.53,44.023,37.402,0.22,324.35
42.031,3.23671,2026-02-22T16:53:00Z,13.52,43.93,37.324,0.18,323.89
42.031,3.23671,2026-02-22T17:56:00Z,13.48,43.663,37.109,0.3,327.14
42.031,3.23671,2026-02-22T18:59:00Z,12.97,40.053,34.156,0.71,331.32
42.031,3.23671,2026-02-22T20:00:00Z,12.96,37.336,31.59,1.23,332.31
42.031,3.23671,2026-02-22T21:00:00Z,13.4,42.037,35.644,0.68,329.06
42.031,3.23671,2026-02-22T22:00:00Z,13.35,43.101,36.701,0.41,328.69
42.031,3.23671,2026-02-22T23:00:00Z,13.1,42.295,36.17,0.43,328.31
42.031,3.23671,2026-02-23T00:00:00Z,12.98,42.695,36.67,0.38,327.99
42.031,3.23671,2026-02-23T01:08:00Z,13.16,43.799,37.554,0.24,328.45
42.031,3.23671,2026-02-23T02:11:00Z,13.17,43.801,37.549,0.33,327.84
42.031,3.23671,2026-02-23T03:14:00Z,13.32,43.958,37.552,0.13,323.51
42.031,3.23671,2026-02-23T04:17:00Z,13.33,43.959,37.54,0.12,321.77
42.031,3.23671,2026-02-23T05:20:00Z,13.31,43.944,37.543,0.37,321.52
42.031,3.23671,2026-02-23T06:23:00Z,13.29,43.936,37.559,0.09,321.38
42.031,3.23671,2026-02-23T07:26:00Z,13.26,43.92,37.577,0.15,322.66
42.031,3.23671,2026-02-23T08:29:00Z,13.15,43.796,37.562,0.14,326.68
42.031,3.23671,2026-02-23T09:32:00Z,13.07,43.671,37.525,0.2,329.42
42.031,3.23671,2026-02-23T10:35:00Z,13.39,44.005,37.53,0.15,328.72
42.031,3.23671,2026-02-23T11:38:00Z,13.51,44.125,37.524,0.16,329.23
42.031,3.23671,2026-02-23T12:41:00Z,13.68,44.291,37.509,0.35,329.38
42.031,3.23671,2026-02-23T13:44:00Z,13.66,44.222,37.466,0.44,330.25
42.031,3.23671,2026-02-23T14:47:00Z,13.56,44.074,37.422,0.19,332.52
42.031,3.23671,2026-02-23T15:50:00Z,13.69,44.063,37.285,0.3,335.61
42.031,3.23671,2026-02-23T16:53:00Z,13.65,43.811,37.083,0.32,336.25
42.031,3.23671,2026-02-23T17:56:00Z,13.55,43.637,37.017,0.36,335.03
42.031,3.23671,2026-02-23T18:59:00Z,13.58,42.932,36.32,0.34,328.65
42.031,3.23671,2026-02-23T20:00:00Z,13.56,41.19,34.698,0.54,331.75
42.031,3.23671,2026-02-23T21:00:00Z,13.17,38.845,32.836,0.85,330.84
42.031,3.23671,2026-02-23T22:00:00Z,13.2,41.62,35.434,0.48,331.28
42.031,3.23671,2026-02-23T23:00:00Z,13.27,43.347,37.02,0.3,332.05
42.031,3.23671,2026-02-24T00:00:00Z,13.18,43.641,37.387,0.23,331.71
42.031,3.23671,2026-02-24T01:08:00Z,13.1,43.572,37.396,0.23,331.39
42.031,3.23671,2026-02-24T02:11:00Z,13.02,43.506,37.41,0.24,331.31
42.031,3.23671,2026-02-24T03:14:00Z,12.89,43.451,37.488,0.19,329.65
42.031,3.23671,2026-02-24T04:17:00Z,12.89,43.523,37.555,0.26,329.77
42.031,3.23671,2026-02-24T05:20:00Z,12.91,43.564,37.577,0.19,328.75
42.031,3.23671,2026-02-24T06:23:00Z,12.9,43.554,37.577,0.13,328.47
42.031,3.23671,2026-02-24T07:26:00Z,12.91,43.567,37.578,0.19,328.92
42.031,3.23671,2026-02-24T08:29:00Z,12.9,43.55,37.576,0.34,329.16
42.031,3.23671,2026-02-24T09:32:00Z,13.03,43.708,37.599,0.18,327.43
42.031,3.23671,2026-02-24T10:35:00Z,13.05,43.625,37.5,0.24,333.11
42.031,3.23671,2026-02-24T11:38:00Z,13.13,43.716,37.504,0.23,333.9
42.031,3.23671,2026-02-24T12:41:00Z,13.11,43.659,37.474,0.3,334.36
42.031,3.23671,2026-02-24T13:44:00Z,13.43,43.964,37.445,0.24,332.05
42.031,3.23671,2026-02-24T14:47:00Z,13.53,43.985,37.374,0.24,335.09
42.031,3.23671,2026-02-24T15:50:00Z,13.49,43.908,37.336,0.25,338.05
42.031,3.23671,2026-02-24T16:53:00Z,13.52,43.62,37.029,0.3,337.15
42.031,3.23671,2026-02-24T17:56:00Z,13.46,43.698,37.163,0.27,337.47
42.031,3.23671,2026-02-24T18:59:00Z,13.27,41.647,35.393,0.53,332.77
42.031,3.23671,2026-02-24T20:00:00Z,13.09,41.567,35.485,0.47,334.78
42.031,3.23671,2026-02-24T21:00:00Z,13.28,42.17,35.881,0.39,330.6
42.031,3.23671,2026-02-24T22:00:00Z,13.35,42.939,36.552,0.28,329.42
42.031,3.23671,2026-02-24T23:00:00Z,13.32,43.189,36.812,0.28,329.74
42.031,3.23671,2026-02-25T00:00:00Z,13.26,43.417,37.093,0.27,329.76
42.031,3.23671,2026-02-25T01:08:00Z,13.22,43.52,37.228,0.28,328.19
42.031,3.23671,2026-02-25T02:11:00Z,13.13,43.642,37.435,0.16,326.22
42.031,3.23671,2026-02-25T03:14:00Z,13.31,44.108,37.71,0.11,330.95
42.031,3.23671,2026-02-25T04:17:00Z,13.22,43.891,37.587,0.15,330.54
42.031,3.23671,2026-02-25T05:20:00Z,13.35,44.089,37.651,0.14,329.23
42.031,3.23671,2026-02-25T06:23:00Z,13.36,44.154,37.698,0.12,328.2
42.031,3.23671,2026-02-25T07:26:00Z,13.39,44.226,37.736,0.07,327.74
42.031,3.23671,2026-02-25T08:29:00Z,13.49,44.369,37.773,0.3,325.63
42.031,3.23671,2026-02-25T09:32:00Z,13.52,44.387,37.767,0.05,325.5
42.031,3.23671,2026-02-25T10:35:00Z,13.53,44.404,37.768,0.07,325.91
42.031,3.23671,2026-02-25T11:38:00Z,13.5,44.37,37.762,0.09,328.45
42.031,3.23671,2026-02-25T12:41:00Z,13.53,44.355,37.726,0.15,329.97
42.031,3.23671,2026-02-25T13:44:00Z,13.57,44.398,37.72,0.13,330.74
42.031,3.23671,2026-02-25T14:47:00Z,13.58,44.391,37.706,0.13,331.42
42.031,3.23671,2026-02-25T15:50:00Z,13.61,44.387,37.675,0.17,332.07
42.031,3.23671,2026-02-25T16:53:00Z,13.54,44.355,37.709,0.2,332.52
42.031,3.23671,2026-02-25T17:56:00Z,13.53,44.358,37.724,0.17,332.2
42.031,3.23671,2026-02-25T18:59:00Z,13.53,44.385,37.753,0.22,331.02
42.031,3.23671,2026-02-25T20:00:00Z,13.48,44.323,37.741,0.11,330.39
42.031,3.23671,2026-02-25T21:00:00Z,13.41,44.219,37.709,0.13,330.68
42.031,3.23671,2026-02-25T22:00:00Z,13.42,44.233,37.719,0.15,330.27
42.031,3.23671,2026-02-25T23:00:00Z,13.42,44.247,37.731,0.15,329.45
42.031,3.23671,2026-02-26T00:00:00Z,13.4,44.224,37.727,0.15,329.37
42.031,3.23671,2026-02-26T01:08:00Z,12.88,36.06,30.46,1.43,328.07
42.031,3.23671,2026-02-26T02:11:00Z,13.1,38.195,32.282,1.46,327.32
42.031,3.23671,2026-02-26T03:14:00Z,12.52,34.71,29.476,1.88,327.68
42.031,3.23671,2026-02-26T04:17:00Z,13.1,40.89,34.831,0.99,325.06
42.031,3.23671,2026-02-26T05:20:00Z,12.8,40.137,34.39,0.86,325.29
42.031,3.23671,2026-02-26T06:23:00Z,13.05,42.489,36.407,0.52,324.13
42.031,3.23671,2026-02-26T07:26:00Z,13.02,42.681,36.621,0.41,324.38
42.031,3.23671,2026-02-26T08:29:00Z,13.16,43.425,37.199,0.39,324.92
42.031,3.23671,2026-02-26T09:32:00Z,13.33,43.903,37.487,0.23,324.86
42.031,3.23671,2026-02-26T10:35:00Z,13.59,44.226,37.545,0.27,324.99
42.031,3.23671,2026-02-26T11:38:00Z,13.82,44.345,37.431,0.28,325.04
42.031,3.23671,2026-02-26T12:41:00Z,13.9,44.519,37.514,0.33,325.7
42.031,3.23671,2026-02-26T13:44:00Z,13.9,44.682,37.668,0.25,326.44
42.031,3.23671,2026-02-26T14:47:00Z,13.89,44.672,37.667,0.21,328.18
42.031,3.23671,2026-02-26T15:50:00Z,13.64,44.439,37.695,0.2,332.33
42.031,3.23671,2026-02-26T16:53:00Z,13.6,44.403,37.697,0.28,331.7
42.031,3.23671,2026-02-26T17:56:00Z,13.67,44.478,37.702,0.25,328.86
42.031,3.23671,2026-02-26T18:59:00Z,13.64,44.421,37.674,0.19,328.48
42.031,3.23671,2026-02-26T20:00:00Z,13.62,44.351,37.626,0.24,327.33
42.031,3.23671,2026-02-26T21:00:00Z,13.6,44.358,37.652,0.21,328.07
42.031,3.23671,2026-02-26T22:00:00Z,12.99,39.682,33.787,0.89,331.29
42.031,3.23671,2026-02-26T23:00:00Z,13.35,42.47,36.1,0.56,330.01
42.031,3.23671,2026-02-27T00:00:00Z,13.25,42.438,36.17,0.5,329.54
42.031,3.23671,2026-02-27T01:08:00Z,13.21,42.633,36.389,0.49,329.27
42.031,3.23671,2026-02-27T02:11:00Z,13.06,41.979,35.908,0.5,328.63
42.031,3.23671,2026-02-27T03:14:00Z,13.02,41.813,35.791,0.51,327.82
42.031,3.23671,2026-02-27T04:17:00Z,13.24,42.992,36.706,0.38,328.57
42.031,3.23671,2026-02-27T05:20:00Z,13.18,42.911,36.687,0.31,327.64
42.031,3.23671,2026-02-27T06:23:00Z,13.33,43.581,37.184,0.26,327.64
42.031,3.23671,2026-02-27T07:26:00Z,13.42,43.923,37.418,0.24,328.17
42.031,3.23671,2026-02-27T08:29:00Z,13.49,44.111,37.529,0.22,328.89
42.031,3.23671,2026-02-27T09:32:00Z,13.59,44.287,37.6,0.24,329.49
42.031,3.23671,2026-02-27T10:35:00Z,13.8,44.474,37.57,0.24,329.3
42.031,3.23671,2026-02-27T11:38:00Z,13.71,44.395,37.586,0.22,330.12
42.031,3.23671,2026-02-27T13:44:00Z,13.66,44.535,37.766,0.2,330.29
42.031,3.23671,2026-02-27T14:47:00Z,13.69,44.516,37.717,0.21,331.47
42.031,3.23671,2026-02-27T15:50:00Z,13.65,44.492,37.73,0.2,331.12
42.031,3.23671,2026-02-27T16:53:00Z,13.68,44.356,37.574,0.18,331.07
42.031,3.23671,2026-02-27T17:56:00Z,13.63,44.36,37.633,0.16,330.84
42.031,3.23671,2026-02-27T18:59:00Z,13.58,44.357,37.679,0.18,330.4
42.031,3.23671,2026-02-27T20:00:00Z,13.57,44.328,37.653,0.19,331.11
42.031,3.23671,2026-02-27T21:00:00Z,13.54,44.291,37.654,0.16,330.57
42.031,3.23671,2026-02-27T22:00:00Z,13.08,42.095,35.999,0.49,331.06
42.031,3.23671,2026-02-27T23:00:00Z,13.12,42.209,36.071,0.56,332.2
42.031,3.23671,2026-02-28T00:00:00Z,13.34,43.849,37.425,0.18,330.55
42.031,3.23671,2026-02-28T01:09:00Z,13.31,43.779,37.385,0.26,330.37
42.031,3.23671,2026-02-28T02:12:00Z,13.38,44.022,37.549,0.15,330.12
42.031,3.23671,2026-02-28T03:15:00Z,13.41,44.157,37.651,0.13,329.95
42.031,3.23671,2026-02-28T04:17:00Z,13.35,44.064,37.622,0.14,329.46
42.031,3.23671,2026-02-28T05:20:00Z,13.34,44.026,37.592,0.12,329.21
42.031,3.23671,2026-02-28T06:23:00Z,13.47,44.242,37.678,0.14,327.99
42.031,3.23671,2026-02-28T07:26:00Z,13.49,44.258,37.673,0.14,328.2
42.031,3.23671,2026-02-28T08:29:00Z,13.44,44.137,37.604,0.13,327.56
42.031,3.23671,2026-02-28T09:32:00Z,13.47,44.175,37.61,0.15,327.9
42.031,3.23671,2026-02-28T10:35:00Z,13.5,44.238,37.639,0.11,328.25
42.031,3.23671,2026-02-28T11:38:00Z,13.58,44.376,37.691,0.12,328.44
42.031,3.23671,2026-02-28T12:41:00Z,13.6,44.419,37.71,0.12,328.98
42.031,3.23671,2026-02-28T13:44:00Z,13.64,44.467,37.722,0.14,329.33
42.031,3.23671,2026-02-28T14:47:00Z,13.66,44.483,37.72,0.13,329.84
42.031,3.23671,2026-02-28T15:50:00Z,13.67,44.484,37.709,0.34,330.64
42.031,3.23671,2026-02-28T16:53:00Z,13.56,44.285,37.629,0.27,331.82
42.031,3.23671,2026-02-28T17:56:00Z,13.53,44.284,37.656,0.32,333.48
42.031,3.23671,2026-02-28T18:59:00Z,13.51,44.254,37.648,0.22,333.22
42.031,3.23671,2026-02-28T20:00:00Z,13.5,44.222,37.624,0.2,331.85
42.031,3.23671,2026-02-28T21:00:00Z,13.37,44.012,37.557,0.24,335.46
42.031,3.23671,2026-02-28T22:00:00Z,13.34,43.938,37.511,0.27,335.83
42.031,3.23671,2026-02-28T23:00:00Z,13.38,43.995,37.528,0.28,335.39
42.031,3.23671,2026-03-01T00:00:00Z,13.38,44.02,37.551,0.25,334.7
42.031,3.23671,2026-03-01T01:09:00Z,13.39,44.045,37.568,0.28,333.78
42.031,3.23671,2026-03-01T02:12:00Z,13.41,44.101,37.597,0.3,333.33
42.031,3.23671,2026-03-01T03:15:00Z,13.47,44.213,37.647,0.15,330.56
42.031,3.23671,2026-03-01T04:18:00Z,13.38,44.089,37.613,0.14,330.73
42.031,3.23671,2026-03-01T05:21:00Z,13.41,44.133,37.634,0.2,330.69
42.031,3.23671,2026-03-01T06:24:00Z,13.36,44.081,37.63,0.22,330.59
42.031,3.23671,2026-03-01T07:27:00Z,13.29,43.998,37.622,0.22,331.06
42.031,3.23671,2026-03-01T08:30:00Z,13.36,44.075,37.624,0.16,331.21
42.031,3.23671,2026-03-01T09:33:00Z,13.4,44.106,37.612,0.19,332.46
42.031,3.23671,2026-03-01T10:36:00Z,13.55,44.233,37.586,0.17,332.56
42.031,3.23671,2026-03-01T11:38:00Z,13.79,44.439,37.551,0.22,333.01
42.031,3.23671,2026-03-01T12:41:00Z,13.74,44.395,37.549,0.24,333.12
42.031,3.23671,2026-03-01T13:44:00Z,13.68,44.343,37.564,0.24,334.33
42.031,3.23671,2026-03-01T14:47:00Z,13.67,44.396,37.627,0.23,333.12
42.031,3.23671,2026-03-01T15:50:00Z,13.67,44.446,37.669,0.19,333.3
42.031,3.23671,2026-03-01T16:53:00Z,13.61,44.403,37.686,0.19,333.95
42.031,3.23671,2026-03-01T17:56:00Z,13.6,44.379,37.674,0.21,334.14
42.031,3.23671,2026-03-01T18:59:00Z,13.55,44.309,37.656,0.21,334.61
42.031,3.23671,2026-03-01T20:00:00Z,13.54,44.287,37.647,0.21,334.63
42.031,3.23671,2026-03-01T21:00:00Z,13.57,44.286,37.616,0.24,333.68
42.031,3.23671,2026-03-01T22:00:00Z,13.51,44.222,37.612,0.26,333.38
42.031,3.23671,2026-03-01T23:00:00Z,12.98,41.111,35.153,0.82,333.93
42.031,3.23671,2026-03-02T00:00:00Z,13.13,42.784,36.611,0.34,332.89
42.031,3.23671,2026-03-02T01:09:00Z,13.19,42.171,35.968,0.47,331.88
42.031,3.23671,2026-03-02T02:12:00Z,13.32,42.414,36.081,0.52,331.53
42.031,3.23671,2026-03-02T03:15:00Z,13.4,43.544,37.08,0.3,331.47
42.031,3.23671,2026-03-02T04:18:00Z,13.39,43.877,37.404,0.19,330.85
42.031,3.23671,2026-03-02T05:21:00Z,12.85,39.336,33.581,0.68,329.92
42.031,3.23671,2026-03-02T06:24:00Z,12.97,40.728,34.794,0.51,329.93
42.031,3.23671,2026-03-02T07:27:00Z,13.24,43.09,36.799,0.28,330.96
42.031,3.23671,2026-03-02T08:30:00Z,13.34,43.418,37.018,0.25,331.67
42.031,3.23671,2026-03-02T09:33:00Z,13.26,41.494,35.254,0.45,331.13
42.031,3.23671,2026-03-02T10:36:00Z,13.54,43.128,36.545,0.3,331.72
42.031,3.23671,2026-03-02T11:39:00Z,13.69,43.886,37.12,0.26,330.47
42.031,3.23671,2026-03-02T12:42:00Z,13.66,44.266,37.51,0.28,329.9
42.031,3.23671,2026-03-02T13:45:00Z,13.66,44.401,37.642,0.27,329.27
42.031,3.23671,2026-03-02T14:48:00Z,13.61,44.436,37.72,0.27,328.69
42.031,3.23671,2026-03-02T15:51:00Z,13.62,44.453,37.73,0.23,330.01
42.031,3.23671,2026-03-02T16:54:00Z,13.62,44.446,37.722,0.26,330.9
42.031,3.23671,2026-03-02T17:57:00Z,13.6,44.434,37.726,0.17,330.65
42.031,3.23671,2026-03-02T18:59:00Z,13.57,44.413,37.734,0.19,329.79
42.031,3.23671,2026-03-02T20:00:00Z,13.55,44.393,37.735,0.18,329.1
42.031,3.23671,2026-03-02T21:00:00Z,13.53,44.373,37.737,0.2,328.94
42.031,3.23671,2026-03-02T22:00:00Z,13.5,44.34,37.742,0.24,328.41
42.031,3.23671,2026-03-02T23:00:00Z,13.29,42.837,36.504,0.47,324.67
42.031,3.23671,2026-03-03T00:00:00Z,13.23,42.525,36.27,0.46,324.62
42.031,3.23671,2026-03-03T01:09:00Z,13.39,43.625,37.164,0.31,323.54
42.031,3.23671,2026-03-03T02:12:00Z,13.35,43.699,37.271,0.24,322.98
42.031,3.23671,2026-03-03T03:15:00Z,13.29,43.206,36.865,0.28,324.08
42.031,3.23671,2026-03-03T04:18:00Z,13.47,43.82,37.275,0.28,323.1
42.031,3.23671,2026-03-03T05:21:00Z,13.5,44.075,37.481,0.28,322.19
42.031,3.23671,2026-03-03T06:24:00Z,13.53,44.268,37.639,0.24,321.77
42.031,3.23671,2026-03-03T07:27:00Z,13.5,44.308,37.71,0.11,326.63
42.031,3.23671,2026-03-03T08:30:00Z,13.58,44.375,37.693,0.09,328.9
42.031,3.23671,2026-03-03T09:33:00Z,13.58,44.324,37.647,0.1,330.77
42.031,3.23671,2026-03-03T10:36:00Z,13.59,44.312,37.619,0.16,332.46
42.031,3.23671,2026-03-03T11:39:00Z,13.63,44.326,37.6,0.15,331.84
42.031,3.23671,2026-03-03T12:42:00Z,13.65,44.306,37.555,0.15,332.04
42.031,3.23671,2026-03-03T13:45:00Z,13.69,44.344,37.557,0.17,331.98
42.031,3.23671,2026-03-03T14:48:00Z,13.68,44.348,37.571,0.18,332.09
42.031,3.23671,2026-03-03T15:51:00Z,13.68,44.372,37.587,0.17,331.59
42.031,3.23671,2026-03-03T16:54:00Z,13.66,44.385,37.625,0.26,330.24
42.031,3.23671,2026-03-03T17:57:00Z,13.64,44.412,37.671,0.18,327.95
42.031,3.23671,2026-03-03T19:00:00Z,13.64,44.422,37.682,0.23,327.22
42.031,3.23671,2026-03-03T20:00:00Z,13.65,44.479,37.724,0.14,329.41
42.031,3.23671,2026-03-03T21:00:00Z,13.69,44.534,37.736,0.22,329.9
42.031,3.23671,2026-03-03T22:00:00Z,13.71,44.588,37.766,0.1,330.64
42.031,3.23671,2026-03-03T23:00:00Z,13.63,44.448,37.709,0.24,328.05
42.031,3.23671,2026-03-04T00:00:00Z,13.62,44.424,37.701,0.13,327.45
42.031,3.23671,2026-03-04T01:09:00Z,13.62,44.442,37.716,0.51,326.79
42.031,3.23671,2026-03-04T02:12:00Z,13.63,44.473,37.733,0.11,326.16
42.031,3.23671,2026-03-04T03:15:00Z,13.63,44.482,37.745,0.11,326.02
42.031,3.23671,2026-03-04T04:18:00Z,13.65,44.538,37.781,0.11,325.74
42.031,3.23671,2026-03-04T05:21:00Z,13.65,44.544,37.788,0.08,325.48
42.031,3.23671,2026-03-04T06:24:00Z,13.64,44.548,37.794,0.07,325.38
42.031,3.23671,2026-03-04T07:27:00Z,13.65,44.556,37.8,0.11,325.45
42.031,3.23671,2026-03-04T08:30:00Z,13.67,44.585,37.807,0.08,329.27
42.031,3.23671,2026-03-04T09:33:00Z,13.7,44.613,37.804,0.07,330.17
42.031,3.23671,2026-03-04T10:36:00Z,13.74,44.655,37.801,0.07,330.64
42.031,3.23671,2026-03-04T11:39:00Z,13.79,44.708,37.803,0.08,330.77
42.031,3.23671,2026-03-04T12:42:00Z,13.83,44.772,37.82,0.07,329.83
42.031,3.23671,2026-03-04T13:45:00Z,13.83,44.76,37.81,0.11,330.64
42.031,3.23671,2026-03-04T14:48:00Z,13.91,44.851,37.82,0.18,326.44
42.031,3.23671,2026-03-04T15:51:00Z,13.87,44.814,37.82,0.15,328.94
42.031,3.23671,2026-03-04T16:54:00Z,13.84,44.776,37.819,0.13,330.19
42.031,3.23671,2026-03-04T17:57:00Z,13.78,44.703,37.805,0.14,331.5
42.031,3.23671,2026-03-04T19:00:00Z,13.76,44.68,37.806,0.47,330.78
42.031,3.23671,2026-03-04T20:00:00Z,13.79,44.732,37.825,0.12,328.85
42.031,3.23671,2026-03-04T21:00:00Z,13.79,44.742,37.829,0.16,327.0
42.031,3.23671,2026-03-04T22:00:00Z,13.78,44.718,37.819,0.12,326.97
42.031,3.23671,2026-03-04T23:00:00Z,13.75,44.641,37.779,0.19,327.02
42.031,3.23671,2026-03-05T00:00:00Z,13.77,44.682,37.799,0.18,327.08
42.031,3.23671,2026-03-05T01:08:00Z,13.76,44.696,37.817,0.13,326.7
42.031,3.23671,2026-03-05T02:11:00Z,13.77,44.708,37.825,0.13,325.95
42.031,3.23671,2026-03-05T03:14:00Z,13.78,44.727,37.831,0.05,324.95
42.031,3.23671,2026-03-05T04:17:00Z,13.77,44.713,37.827,0.12,324.64
42.031,3.23671,2026-03-05T05:20:00Z,13.8,44.761,37.847,0.09,324.1
42.031,3.23671,2026-03-05T06:23:00Z,13.72,44.68,37.842,0.04,324.95
42.031,3.23671,2026-03-05T07:26:00Z,13.64,44.583,37.835,0.03,325.36
42.031,3.23671,2026-03-05T08:29:00Z,13.7,44.707,37.887,0.02,323.7
42.031,3.23671,2026-03-05T09:32:00Z,13.79,44.85,37.935,0.04,321.75
42.031,3.23671,2026-03-05T10:35:00Z,13.66,44.669,37.896,0.06,322.74
42.031,3.23671,2026-03-05T11:38:00Z,13.64,44.638,37.884,0.01,322.7
42.031,3.23671,2026-03-05T12:41:00Z,13.55,44.498,37.844,0.28,324.01
42.031,3.23671,2026-03-05T13:44:00Z,13.44,44.348,37.803,0.14,325.37
42.031,3.23671,2026-03-05T14:47:00Z,13.43,44.329,37.796,0.87,325.83
42.031,3.23671,2026-03-05T15:50:00Z,13.46,44.361,37.802,0.04,325.95
42.031,3.23671,2026-03-05T16:53:00Z,13.47,44.391,37.812,0.06,325.39
42.031,3.23671,2026-03-05T17:56:00Z,13.48,44.396,37.813,0.04,325.49
42.031,3.23671,2026-03-05T18:59:00Z,13.48,44.388,37.804,0.22,325.27
42.031,3.23671,2026-03-05T20:00:00Z,13.74,42.65,35.907,2.82,323.91
42.031,3.23671,2026-03-05T21:00:00Z,13.69,41.848,35.196,2.88,324.79
42.031,3.23671,2026-03-05T22:00:00Z,13.71,44.009,37.216,1.62,322.35
42.031,3.23671,2026-03-05T23:00:00Z,13.64,44.4,37.657,0.74,321.83
42.031,3.23671,2026-03-06T00:00:00Z,13.51,44.394,37.78,0.44,324.02
42.031,3.23671,2026-03-06T01:08:00Z,13.51,44.436,37.817,0.14,323.5
42.031,3.23671,2026-03-06T02:11:00Z,13.56,44.511,37.84,0.11,322.02
42.031,3.23671,2026-03-06T03:14:00Z,13.64,44.641,37.888,0.04,317.89
42.031,3.23671,2026-03-06T04:17:00Z,13.76,44.817,37.935,0.01,315.73
42.031,3.23671,2026-03-06T05:20:00Z,13.91,45.002,37.962,0.0,313.97
42.031,3.23671,2026-03-06T06:23:00Z,13.59,44.561,37.859,0.03,316.63
42.031,3.23671,2026-03-06T07:26:00Z,13.57,44.525,37.843,0.13,316.73
42.031,3.23671,2026-03-06T08:29:00Z,13.57,44.515,37.838,0.02,316.82
42.031,3.23671,2026-03-06T09:32:00Z,13.52,44.415,37.795,0.13,318.2
42.031,3.23671,2026-03-06T10:35:00Z,13.51,44.419,37.804,0.16,319.18
42.031,3.23671,2026-03-06T11:38:00Z,13.52,44.424,37.801,0.1,319.67
42.031,3.23671,2026-03-06T12:41:00Z,13.43,44.267,37.741,0.03,321.14
42.031,3.23671,2026-03-06T13:44:00Z,13.41,44.228,37.717,0.34,322.11
42.031,3.23671,2026-03-06T14:47:00Z,13.43,44.271,37.745,0.78,321.26
42.031,3.23671,2026-03-06T15:50:00Z,13.43,44.271,37.746,0.16,321.14
42.031,3.23671,2026-03-06T16:53:00Z,13.42,44.26,37.74,0.05,321.38
42.031,3.23671,2026-03-06T17:56:00Z,13.42,44.257,37.74,0.16,321.22
42.031,3.23671,2026-03-06T18:59:00Z,13.41,44.245,37.732,0.08,321.27
42.031,3.23671,2026-03-06T20:00:00Z,13.39,44.205,37.72,0.04,321.6
42.031,3.23671,2026-03-06T21:00:00Z,13.39,44.215,37.725,0.11,321.5
42.031,3.23671,2026-03-06T22:00:00Z,13.4,44.228,37.73,0.19,321.33
42.031,3.23671,2026-03-06T23:00:00Z,13.41,44.245,37.735,0.14,321.26
42.031,3.23671,2026-03-07T00:00:00Z,13.42,44.26,37.737,1.15,321.02
42.031,3.23671,2026-03-07T01:08:00Z,13.44,44.276,37.741,0.07,320.89
42.031,3.23671,2026-03-07T02:11:00Z,13.44,44.278,37.741,0.01,320.74
42.031,3.23671,2026-03-07T03:14:00Z,13.5,41.296,34.853,5.81,324.08
42.031,3.23671,2026-03-07T04:17:00Z,13.29,37.001,31.005,14.78,326.31
42.031,3.23671,2026-03-07T05:20:00Z,13.21,35.055,29.261,21.48,327.81
42.031,3.23671,2026-03-07T06:23:00Z,13.14,33.187,27.592,33.15,328.71
42.031,3.23671,2026-03-07T07:26:00Z,13.05,30.896,25.554,34.78,328.38
42.031,3.23671,2026-03-07T08:29:00Z,13.17,29.72,24.407,29.68,327.51
42.031,3.23671,2026-03-07T09:32:00Z,13.42,28.941,23.55,36.93,327.63
42.031,3.23671,2026-03-07T10:35:00Z,13.66,29.878,24.244,37.15,326.37
42.031,3.23671,2026-03-07T11:38:00Z,14.04,34.688,28.303,27.49,326.98
42.031,3.23671,2026-03-07T12:41:00Z,14.1,36.0,29.457,23.71,328.14
42.031,3.23671,2026-03-07T13:44:00Z,13.81,39.141,32.568,17.98,328.86
42.031,3.23671,2026-03-07T14:47:00Z,14.87,37.552,30.272,14.42,323.52
42.031,3.23671,2026-03-07T15:50:00Z,15.07,36.451,29.122,14.87,325.93
42.031,3.23671,2026-03-07T16:53:00Z,15.14,37.212,29.746,12.16,325.33
42.031,3.23671,2026-03-07T17:56:00Z,15.0,35.627,28.441,13.0,323.2
42.031,3.23671,2026-03-07T18:59:00Z,15.41,32.656,25.556,16.35,323.26
42.031,3.23671,2026-03-07T20:00:00Z,13.14,19.959,15.794,49.85,324.58
42.031,3.23671,2026-03-07T21:00:00Z,13.22,17.693,13.815,50.81,322.01
42.031,3.23671,2026-03-07T22:00:00Z,13.59,29.023,23.523,28.19,323.02
42.031,3.23671,2026-03-07T23:00:00Z,12.88,22.547,18.169,35.0,322.54
42.031,3.23671,2026-03-08T00:00:00Z,14.21,40.5,33.484,9.81,324.77
42.031,3.23671,2026-03-08T01:08:00Z,13.6,41.235,34.709,9.52,326.14
42.031,3.23671,2026-03-08T02:11:00Z,13.43,41.798,35.391,8.19,326.48
42.031,3.23671,2026-03-08T03:14:00Z,13.43,43.297,36.808,2.66,326.64
42.031,3.23671,2026-03-08T04:17:00Z,13.39,43.327,36.879,1.45,326.64
42.031,3.23671,2026-03-08T05:20:00Z,13.13,39.6,33.578,6.56,325.61
42.031,3.23671,2026-03-08T06:23:00Z,13.39,34.454,28.567,13.15,320.49
42.031,3.23671,2026-03-08T07:26:00Z,13.35,37.157,31.104,9.36,322.17
42.031,3.23671,2026-03-08T08:29:00Z,13.42,37.337,31.216,8.57,322.14
42.031,3.23671,2026-03-08T09:32:00Z,13.72,35.97,29.712,10.79,321.31
42.031,3.23671,2026-03-08T10:35:00Z,13.91,36.211,29.782,10.19,321.75
42.031,3.23671,2026-03-08T11:38:00Z,14.04,37.12,30.515,8.82,322.88
42.031,3.23671,2026-03-08T12:41:00Z,14.06,38.038,31.333,7.26,324.2
42.031,3.23671,2026-03-08T13:44:00Z,14.16,39.299,32.415,5.8,325.41
42.031,3.23671,2026-03-08T14:47:00Z,14.67,38.217,31.009,7.28,324.91
42.031,3.23671,2026-03-08T15:50:00Z,14.43,37.986,30.995,7.73,326.2
42.031,3.23671,2026-03-08T16:53:00Z,14.41,26.694,20.997,20.79,323.32
42.031,3.23671,2026-03-08T17:56:00Z,12.36,12.575,9.756,44.67,330.49
42.031,3.23671,2026-03-08T18:59:00Z,12.24,11.75,9.105,45.65,327.07
42.031,3.23671,2026-03-08T20:00:00Z,12.12,17.303,13.881,40.82,329.78
42.031,3.23671,2026-03-08T21:00:00Z,12.82,24.87,20.26,24.94,328.37
42.031,3.23671,2026-03-08T22:00:00Z,13.45,39.347,33.068,9.15,327.08
42.031,3.23671,2026-03-08T23:00:00Z,13.56,42.039,35.5,3.53,326.33
42.031,3.23671,2026-03-09T00:00:00Z,13.54,42.038,35.514,3.51,325.82
42.031,3.23671,2026-03-09T01:08:00Z,13.49,41.774,35.306,3.33,325.7
42.031,3.23671,2026-03-09T02:11:00Z,12.72,31.928,26.734,15.17,325.49
42.031,3.23671,2026-03-09T03:14:00Z,12.2,25.304,20.977,21.6,325.42
42.031,3.23671,2026-03-09T04:17:00Z,12.41,27.541,22.894,19.32,325.01
42.031,3.23671,2026-03-09T05:20:00Z,12.43,30.025,25.167,17.04,326.1
42.031,3.23671,2026-03-09T06:23:00Z,13.38,34.283,28.419,7.09,319.66
42.031,3.23671,2026-03-09T07:26:00Z,13.49,33.421,27.549,7.65,319.99
42.031,3.23671,2026-03-09T08:29:00Z,13.18,31.509,26.024,8.11,321.76
42.031,3.23671,2026-03-09T09:32:00Z,13.79,36.159,29.833,6.23,325.52
42.031,3.23671,2026-03-09T10:35:00Z,14.09,40.078,33.19,4.38,327.45
42.031,3.23671,2026-03-09T11:38:00Z,14.2,40.604,33.578,3.56,329.34
42.031,3.23671,2026-03-09T12:41:00Z,14.52,40.66,33.355,3.29,331.29
42.031,3.23671,2026-03-09T13:44:00Z,14.42,41.127,33.87,2.78,334.2
42.031,3.23671,2026-03-09T14:47:00Z,14.37,40.642,33.471,3.41,336.35
42.031,3.23671,2026-03-09T15:50:00Z,14.25,40.067,33.039,3.46,338.39
42.031,3.23671,2026-03-09T16:53:00Z,14.19,40.536,33.526,3.36,342.22
42.031,3.23671,2026-03-09T17:56:00Z,12.81,25.631,20.941,18.94,335.86
42.031,3.23671,2026-03-09T18:59:00Z,13.73,32.067,26.167,11.05,334.8
42.031,3.23671,2026-03-09T20:00:00Z,13.33,22.504,17.914,19.57,330.91
42.031,3.23671,2026-03-09T21:00:00Z,12.78,27.072,22.25,17.35,332.03
42.031,3.23671,2026-03-09T22:00:00Z,12.87,30.997,25.77,12.82,330.89
42.031,3.23671,2026-03-09T23:00:00Z,12.94,32.889,27.46,10.55,330.46
42.031,3.23671,2026-03-10T00:00:00Z,12.64,32.012,26.864,11.59,331.48
42.031,3.23671,2026-03-10T01:08:00Z,12.58,30.707,25.696,12.97,331.82
42.031,3.23671,2026-03-10T02:11:00Z,12.87,31.913,26.608,13.92,330.78
42.031,3.23671,2026-03-10T03:14:00Z,12.47,28.905,24.108,15.6,329.78
42.031,3.23671,2026-03-10T04:17:00Z,12.85,34.504,29.023,9.67,329.71
42.031,3.23671,2026-03-10T05:20:00Z,13.33,40.988,34.715,1.14,330.51
42.031,3.23671,2026-03-10T06:23:00Z,13.51,41.233,34.782,1.03,333.01
42.031,3.23671,2026-03-10T07:26:00Z,13.24,40.068,33.921,1.38,332.19
42.031,3.23671,2026-03-10T08:29:00Z,13.5,40.466,34.072,1.31,335.23
42.031,3.23671,2026-03-10T09:32:00Z,13.8,41.007,34.307,1.04,334.82
42.031,3.23671,2026-03-10T10:35:00Z,13.88,40.801,34.044,1.08,346.28
42.031,3.23671,2026-03-10T11:38:00Z,13.94,40.435,33.65,1.14,349.19
42.031,3.23671,2026-03-10T12:41:00Z,13.97,40.463,33.65,1.11,349.95
42.031,3.23671,2026-03-10T13:44:00Z,14.34,40.812,33.646,1.56,350.45
42.031,3.23671,2026-03-10T14:47:00Z,14.22,41.128,34.044,1.32,351.24
42.031,3.23671,2026-03-10T15:50:00Z,14.12,41.496,34.476,1.19,351.93
42.031,3.23671,2026-03-10T16:53:00Z,14.2,41.555,34.463,0.92,350.74
42.031,3.23671,2026-03-10T17:56:00Z,14.15,41.127,34.103,0.98,354.21
42.031,3.23671,2026-03-10T18:59:00Z,14.16,41.208,34.173,1.02,355.05
42.031,3.23671,2026-03-10T20:00:00Z,13.82,35.475,29.181,5.55,349.28
42.031,3.23671,2026-03-10T21:00:00Z,14.18,38.967,32.086,3.54,353.36
42.031,3.23671,2026-03-10T22:00:00Z,14.27,39.528,32.532,3.61,354.31
42.031,3.23671,2026-03-10T23:00:00Z,13.99,38.599,31.913,3.84,353.96
42.031,3.23671,2026-03-11T00:00:00Z,12.8,27.787,22.882,10.7,340.48
42.031,3.23671,2026-03-11T01:09:00Z,12.85,30.87,25.662,8.35,343.86
42.031,3.23671,2026-03-11T02:12:00Z,13.22,34.578,28.813,6.22,344.13
42.031,3.23671,2026-03-11T03:15:00Z,12.93,32.741,27.331,6.83,343.19
42.031,3.23671,2026-03-11T04:17:00Z,12.8,32.119,26.85,7.13,343.53
42.031,3.23671,2026-03-11T05:20:00Z,12.23,27.728,23.18,10.22,341.88
42.031,3.23671,2026-03-11T06:23:00Z,11.75,23.921,19.961,12.41,340.65
42.031,3.23671,2026-03-11T07:26:00Z,12.27,26.398,21.937,10.72,342.43
42.031,3.23671,2026-03-11T08:29:00Z,12.93,31.4,26.095,7.99,344.92
42.031,3.23671,2026-03-11T09:32:00Z,14.16,39.892,32.956,3.81,352.23
42.031,3.23671,2026-03-11T10:35:00Z,14.36,41.837,34.573,1.9,352.48
42.031,3.23671,2026-03-11T11:38:00Z,14.72,39.708,32.316,3.71,356.73
42.031,3.23671,2026-03-11T12:41:00Z,14.66,40.728,33.295,1.94,353.7
42.031,3.23671,2026-03-11T13:44:00Z,14.5,41.289,33.947,1.58,356.86
42.031,3.23671,2026-03-11T14:47:00Z,14.56,41.154,33.772,1.41,359.01
42.031,3.23671,2026-03-11T15:50:00Z,14.36,40.896,33.709,1.28,365.04
42.031,3.23671,2026-03-11T16:53:00Z,13.98,40.775,33.929,1.28,366.91
42.031,3.23671,2026-03-11T17:56:00Z,14.53,35.722,28.871,4.75,353.13
42.031,3.23671,2026-03-11T18:59:00Z,14.55,35.251,28.435,5.05,358.81
42.031,3.23671,2026-03-11T20:00:00Z,14.46,36.048,29.215,6.0,359.48
42.031,3.23671,2026-03-11T21:00:00Z,14.52,37.877,30.82,3.9,357.6
42.031,3.23671,2026-03-11T22:00:00Z,14.28,36.947,30.169,3.53,353.69
42.031,3.23671,2026-03-11T23:00:00Z,14.22,38.323,31.469,2.44,354.43
42.031,3.23671,2026-03-12T00:00:00Z,13.19,32.09,26.546,5.24,342.87
42.031,3.23671,2026-03-12T01:09:00Z,12.89,28.818,23.76,5.6,340.38
42.031,3.23671,2026-03-12T02:12:00Z,13.82,39.384,32.774,1.6,348.34
42.031,3.23671,2026-03-12T03:15:00Z,13.98,40.14,33.345,1.37,350.91
42.031,3.23671,2026-03-12T04:18:00Z,14.12,41.275,34.274,0.88,342.91
42.031,3.23671,2026-03-12T05:21:00Z,14.17,41.137,34.094,0.81,346.16
42.031,3.23671,2026-03-12T06:24:00Z,14.08,41.121,34.164,0.71,346.74
42.031,3.23671,2026-03-12T07:27:00Z,13.97,41.296,34.427,0.7,346.42
42.031,3.23671,2026-03-12T08:30:00Z,13.99,41.44,34.542,0.62,347.18
42.031,3.23671,2026-03-12T09:33:00Z,14.08,41.632,34.641,0.68,345.41
42.031,3.23671,2026-03-12T10:36:00Z,14.31,41.277,34.104,0.96,344.52
42.031,3.23671,2026-03-12T11:39:00Z,14.33,41.524,34.317,0.83,348.05
42.031,3.23671,2026-03-12T12:41:00Z,14.22,41.757,34.624,0.7,348.92
42.031,3.23671,2026-03-12T13:44:00Z,14.34,41.996,34.745,0.64,346.84
42.031,3.23671,2026-03-12T14:47:00Z,14.37,42.009,34.729,0.69,351.29
42.031,3.23671,2026-03-12T15:50:00Z,14.35,42.084,34.81,0.87,352.11
42.031,3.23671,2026-03-12T16:53:00Z,14.23,42.053,34.893,0.6,353.78
42.031,3.23671,2026-03-12T17:56:00Z,14.19,42.028,34.91,0.82,355.38
42.031,3.23671,2026-03-12T18:59:00Z,14.11,41.959,34.913,0.77,354.42
42.031,3.23671,2026-03-12T20:00:00Z,13.91,39.811,33.095,2.12,353.64
42.031,3.23671,2026-03-12T21:00:00Z,13.56,36.031,29.89,5.12,352.15
42.031,3.23671,2026-03-12T22:00:00Z,13.21,33.717,28.009,6.91,350.75
42.031,3.23671,2026-03-12T23:00:00Z,11.86,18.448,14.989,12.25,346.52
42.031,3.23671,2026-03-13T00:00:00Z,14.07,40.779,33.852,0.84,363.94
42.031,3.23671,2026-03-13T01:09:00Z,13.97,40.586,33.767,0.86,364.96
42.031,3.23671,2026-03-13T02:12:00Z,13.99,40.613,33.769,0.8,363.05
42.031,3.23671,2026-03-13T03:15:00Z,13.96,40.656,33.836,0.76,360.48
42.031,3.23671,2026-03-13T04:18:00Z,13.97,40.93,34.086,0.71,358.12
42.031,3.23671,2026-03-13T05:21:00Z,13.67,39.928,33.412,1.0,354.87
42.031,3.23671,2026-03-13T06:24:00Z,13.78,40.079,33.46,0.81,356.73
42.031,3.23671,2026-03-13T07:27:00Z,13.82,40.16,33.502,0.79,360.21
42.031,3.23671,2026-03-13T08:30:00Z,13.92,40.133,33.383,0.76,363.0
42.031,3.23671,2026-03-13T09:33:00Z,13.97,39.798,33.033,0.83,364.88
42.031,3.23671,2026-03-13T10:36:00Z,14.0,39.321,32.568,0.95,363.21
42.031,3.23671,2026-03-13T11:39:00Z,13.99,40.415,33.591,0.77,357.49
42.031,3.23671,2026-03-13T12:42:00Z,14.12,41.325,34.317,0.75,353.81
42.031,3.23671,2026-03-13T13:45:00Z,14.23,41.899,34.751,0.71,347.03
42.031,3.23671,2026-03-13T14:48:00Z,14.25,41.705,34.552,0.68,353.66
42.031,3.23671,2026-03-13T15:51:00Z,14.24,41.71,34.563,0.75,359.08
42.031,3.23671,2026-03-13T16:54:00Z,14.46,37.597,30.612,3.04,358.94
42.031,3.23671,2026-03-13T17:57:00Z,14.2,34.719,28.215,4.59,362.86
42.031,3.23671,2026-03-13T19:00:00Z,14.08,39.389,32.559,2.1,363.33
42.031,3.23671,2026-03-13T20:00:00Z,13.56,32.891,27.018,4.62,367.34
42.031,3.23671,2026-03-13T21:00:00Z,13.82,35.628,29.324,3.58,360.88
42.031,3.23671,2026-03-13T22:00:00Z,13.68,35.822,29.608,3.77,363.67
42.031,3.23671,2026-03-13T23:00:00Z,13.69,35.971,29.736,3.6,357.78
42.031,3.23671,2026-03-14T00:00:00Z,13.74,37.896,31.463,3.08,358.76
42.031,3.23671,2026-03-14T01:09:00Z,13.92,40.993,34.184,1.61,353.58
42.031,3.23671,2026-03-14T02:12:00Z,13.66,38.095,31.72,2.8,344.66
42.031,3.23671,2026-03-14T03:15:00Z,13.66,39.45,32.977,1.45,351.78
42.031,3.23671,2026-03-14T04:18:00Z,13.87,41.519,34.724,0.85,352.55
42.031,3.23671,2026-03-14T05:21:00Z,13.82,41.24,34.509,0.99,341.78
42.031,3.23671,2026-03-14T06:24:00Z,13.89,41.653,34.828,0.78,338.36
42.031,3.23671,2026-03-14T07:27:00Z,13.88,41.714,34.894,0.81,337.21
42.031,3.23671,2026-03-14T08:30:00Z,13.91,41.748,34.903,1.06,336.94
42.031,3.23671,2026-03-14T09:33:00Z,13.88,42.093,35.249,0.68,334.99
42.031,3.23671,2026-03-14T10:36:00Z,13.81,42.179,35.393,0.69,335.33
42.031,3.23671,2026-03-14T11:39:00Z,13.76,42.182,35.448,0.49,336.63
42.031,3.23671,2026-03-14T12:42:00Z,13.74,42.23,35.51,0.81,337.69
42.031,3.23671,2026-03-14T13:45:00Z,13.72,42.352,35.645,0.5,337.67
42.031,3.23671,2026-03-14T14:48:00Z,13.76,41.841,35.121,0.7,341.59
42.031,3.23671,2026-03-14T15:51:00Z,13.73,42.091,35.384,2.08,339.38
42.031,3.23671,2026-03-14T16:54:00Z,13.74,42.08,35.367,1.1,340.23
42.031,3.23671,2026-03-14T17:57:00Z,13.71,42.065,35.383,1.69,338.87
42.031,3.23671,2026-03-14T19:00:00Z,13.69,42.126,35.457,0.63,336.75
42.031,3.23671,2026-03-14T20:00:00Z,13.64,41.989,35.372,0.5,336.32
42.031,3.23671,2026-03-14T21:00:00Z,13.63,42.084,35.471,1.13,334.63
42.031,3.23671,2026-03-14T22:00:00Z,13.61,42.196,35.593,0.51,333.38
42.031,3.23671,2026-03-14T23:00:00Z,13.6,42.134,35.546,0.52,333.2
42.031,3.23671,2026-03-15T00:00:00Z,13.6,42.177,35.588,0.54,332.29
42.031,3.23671,2026-03-15T01:09:00Z,13.62,42.068,35.467,0.78,332.77
42.031,3.23671,2026-03-15T02:12:00Z,13.63,42.143,35.525,0.97,332.41
42.031,3.23671,2026-03-15T03:15:00Z,13.61,42.086,35.492,0.61,331.99
42.031,3.23671,2026-03-15T04:18:00Z,13.58,41.923,35.37,1.06,332.28
42.031,3.23671,2026-03-15T05:21:00Z,13.56,41.85,35.313,1.47,332.31
42.031,3.23671,2026-03-15T06:24:00Z,13.53,41.7,35.202,1.84,332.49
42.031,3.23671,2026-03-15T07:27:00Z,13.5,41.602,35.138,0.83,332.65
42.031,3.23671,2026-03-15T08:30:00Z,13.52,41.731,35.246,2.72,332.24
42.031,3.23671,2026-03-15T09:33:00Z,13.51,41.596,35.122,2.75,332.84
42.031,3.23671,2026-03-15T10:36:00Z,13.52,41.438,34.968,3.65,334.18
42.031,3.23671,2026-03-15T11:39:00Z,13.4,41.235,34.879,8.61,333.31
42.031,3.23671,2026-03-15T12:42:00Z,13.4,41.506,35.139,2.54,331.53
42.031,3.23671,2026-03-15T13:45:00Z,13.41,42.021,35.615,3.07,328.54
42.031,3.23671,2026-03-15T14:48:00Z,13.44,41.907,35.484,1.65,329.93
42.031,3.23671,2026-03-15T15:51:00Z,13.49,41.955,35.483,1.07,331.33
42.031,3.23671,2026-03-15T16:54:00Z,13.46,41.975,35.523,1.05,331.04
42.031,3.23671,2026-03-15T17:57:00Z,13.44,42.025,35.596,1.04,329.45
42.031,3.23671,2026-03-15T19:00:00Z,13.36,42.088,35.732,1.18,327.17
42.031,3.23671,2026-03-15T20:00:00Z,13.34,42.277,35.928,28.63,325.14
42.031,3.23671,2026-03-15T21:00:00Z,13.33,42.403,36.056,0.83,323.92
42.031,3.23671,2026-03-15T22:00:00Z,13.25,42.875,36.579,2.02,321.33
42.031,3.23671,2026-03-15T23:00:00Z,13.27,43.012,36.699,1.77,320.87
42.031,3.23671,2026-03-16T00:00:00Z,13.3,43.114,36.762,1.53,319.88
42.031,3.23671,2026-03-16T01:09:00Z,13.29,43.137,36.794,1.89,320.14
42.031,3.23671,2026-03-16T02:12:00Z,13.24,43.085,36.789,2.31,320.42
42.031,3.23671,2026-03-16T03:15:00Z,13.22,43.085,36.811,2.92,320.54
42.031,3.23671,2026-03-16T04:18:00Z,13.28,43.305,36.97,9.5,319.33
42.031,3.23671,2026-03-16T05:21:00Z,13.29,43.255,36.907,0.86,318.29
42.031,3.23671,2026-03-16T06:24:00Z,13.25,43.182,36.877,1.29,318.37
42.031,3.23671,2026-03-16T07:27:00Z,13.3,43.209,36.851,0.83,318.52
42.031,3.23671,2026-03-16T08:30:00Z,13.24,42.616,36.344,1.06,319.93
42.031,3.23671,2026-03-16T09:33:00Z,13.25,41.835,35.59,1.95,320.95
42.031,3.23671,2026-03-16T10:36:00Z,13.47,42.978,36.466,1.32,318.2
42.031,3.23671,2026-03-16T11:39:00Z,13.97,44.811,37.717,0.08,309.3
42.031,3.23671,2026-03-16T12:42:00Z,14.01,44.838,37.711,0.06,309.18
42.031,3.23671,2026-03-16T13:45:00Z,14.0,44.792,37.676,0.13,310.02
42.031,3.23671,2026-03-16T14:48:00Z,13.79,44.129,37.252,0.03,319.32
42.031,3.23671,2026-03-16T15:51:00Z,13.78,44.136,37.268,0.11,319.69
42.031,3.23671,2026-03-16T16:54:00Z,13.72,44.048,37.243,0.06,320.02
42.031,3.23671,2026-03-16T17:57:00Z,13.68,44.002,37.242,0.07,320.01
42.031,3.23671,2026-03-16T19:00:00Z,13.65,43.99,37.252,0.15,319.85
42.031,3.23671,2026-03-16T20:00:00Z,13.67,44.001,37.252,0.14,319.77
42.031,3.23671,2026-03-16T21:00:00Z,13.47,42.258,35.786,0.88,321.2
42.031,3.23671,2026-03-16T22:00:00Z,13.12,39.295,33.297,2.1,321.72
42.031,3.23671,2026-03-16T23:00:00Z,13.02,39.771,33.838,1.79,321.61
42.031,3.23671,2026-03-17T00:00:00Z,13.62,44.052,37.349,0.16,316.45
42.031,3.23671,2026-03-17T01:08:00Z,13.68,44.118,37.35,0.19,315.89
42.031,3.23671,2026-03-17T02:11:00Z,13.54,43.603,36.996,0.46,318.79
42.031,3.23671,2026-03-17T03:14:00Z,13.48,43.385,36.85,0.56,318.97
42.031,3.23671,2026-03-17T04:17:00Z,13.27,42.617,36.319,0.78,319.74
42.031,3.23671,2026-03-17T05:20:00Z,13.3,42.945,36.606,0.63,319.39
42.031,3.23671,2026-03-17T06:23:00Z,13.27,43.105,36.786,0.4,318.39
42.031,3.23671,2026-03-17T07:26:00Z,13.38,43.607,37.157,0.28,317.33
42.031,3.23671,2026-03-17T08:29:00Z,13.47,43.807,37.259,0.14,317.24
42.031,3.23671,2026-03-17T09:32:00Z,13.56,43.896,37.255,0.15,317.73
42.031,3.23671,2026-03-17T10:35:00Z,13.68,44.008,37.248,0.11,318.2
42.031,3.23671,2026-03-17T11:38:00Z,13.89,44.22,37.24,0.11,319.02
42.031,3.23671,2026-03-17T12:41:00Z,13.91,44.236,37.236,0.23,318.95
42.031,3.23671,2026-03-17T13:44:00Z,13.92,44.256,37.25,0.16,319.72
42.031,3.23671,2026-03-17T14:47:00Z,13.92,44.242,37.231,0.17,319.73
42.031,3.23671,2026-03-17T15:50:00Z,13.71,43.863,37.079,0.22,322.94
42.031,3.23671,2026-03-17T16:53:00Z,13.69,43.848,37.087,0.18,323.41
42.031,3.23671,2026-03-17T17:56:00Z,13.72,43.875,37.079,0.16,323.36
42.031,3.23671,2026-03-17T18:59:00Z,13.57,43.755,37.115,0.18,324.12
42.031,3.23671,2026-03-17T20:00:00Z,13.58,43.812,37.156,0.14,323.23
42.031,3.23671,2026-03-17T21:00:00Z,13.53,43.717,37.119,0.18,324.01
42.031,3.23671,2026-03-17T22:00:00Z,12.87,37.926,32.226,1.31,324.5
42.031,3.23671,2026-03-17T23:00:00Z,13.46,40.981,34.593,1.29,323.37
42.031,3.23671,2026-03-18T00:00:00Z,13.17,40.392,34.298,1.3,323.5
42.031,3.23671,2026-03-18T01:08:00Z,12.59,36.09,30.718,2.04,324.5
42.031,3.23671,2026-03-18T02:11:00Z,12.6,35.803,30.444,2.09,324.24
42.031,3.23671,2026-03-18T03:14:00Z,12.93,39.185,33.365,1.51,322.58
42.031,3.23671,2026-03-18T04:17:00Z,12.89,39.057,33.276,1.52,322.93
42.031,3.23671,2026-03-18T05:20:00Z,12.8,38.403,32.735,1.69,322.95
42.031,3.23671,2026-03-18T06:23:00Z,12.72,37.268,31.728,2.02,323.06
42.031,3.23671,2026-03-18T07:26:00Z,13.2,41.552,35.373,0.9,323.62
42.031,3.23671,2026-03-18T08:29:00Z,13.27,40.51,34.315,1.2,324.05
42.031,3.23671,2026-03-18T09:32:00Z,13.71,39.686,33.155,1.47,324.29
42.031,3.23671,2026-03-18T10:35:00Z,13.68,42.688,35.991,0.76,326.98
42.031,3.23671,2026-03-18T11:38:00Z,13.87,43.228,36.327,0.69,327.77
42.031,3.23671,2026-03-18T12:41:00Z,13.9,43.634,36.675,0.84,326.83
42.031,3.23671,2026-03-18T13:44:00Z,13.95,43.793,36.784,0.39,327.01
42.031,3.23671,2026-03-18T14:47:00Z,13.92,43.672,36.698,0.35,327.52
42.031,3.23671,2026-03-18T15:50:00Z,13.74,43.61,36.807,0.66,328.96
42.031,3.23671,2026-03-18T16:53:00Z,13.74,43.819,37.011,0.28,328.23
42.031,3.23671,2026-03-18T17:56:00Z,13.6,43.794,37.115,0.8,327.56
42.031,3.23671,2026-03-18T18:59:00Z,13.56,43.773,37.139,0.32,326.47
42.031,3.23671,2026-03-18T20:00:00Z,13.54,43.759,37.144,0.16,326.24
42.031,3.23671,2026-03-18T21:00:00Z,13.54,43.739,37.121,0.6,326.52
42.031,3.23671,2026-03-18T22:00:00Z,13.54,43.717,37.102,0.24,326.48
42.031,3.23671,2026-03-18T23:00:00Z,13.6,43.616,36.949,0.23,326.31
42.031,3.23671,2026-03-19T00:00:00Z,13.58,43.622,36.974,0.17,325.77
42.031,3.23671,2026-03-19T01:08:00Z,13.55,43.705,37.081,0.22,325.35
42.031,3.23671,2026-03-19T02:11:00Z,13.57,43.727,37.09,0.2,325.45
42.031,3.23671,2026-03-19T03:14:00Z,13.58,43.745,37.097,0.21,324.97
42.031,3.23671,2026-03-19T04:17:00Z,13.58,43.752,37.098,0.24,324.68
42.031,3.23671,2026-03-19T05:20:00Z,13.58,43.759,37.104,0.27,324.44
42.031,3.23671,2026-03-19T06:23:00Z,13.59,43.772,37.112,0.28,324.3
42.031,3.23671,2026-03-19T07:26:00Z,13.59,43.78,37.115,0.25,324.58
42.031,3.23671,2026-03-19T08:29:00Z,13.6,43.797,37.12,0.2,324.91
42.031,3.23671,2026-03-19T09:32:00Z,13.62,43.812,37.121,0.21,325.45
42.031,3.23671,2026-03-19T10:35:00Z,13.62,43.816,37.121,0.3,326.08
42.031,3.23671,2026-03-19T11:38:00Z,13.65,43.85,37.12,0.25,326.79
42.031,3.23671,2026-03-19T12:41:00Z,13.71,43.901,37.119,0.2,327.18
42.031,3.23671,2026-03-19T13:44:00Z,13.85,44.05,37.118,0.16,327.2
42.031,3.23671,2026-03-19T14:47:00Z,13.92,44.117,37.117,0.18,327.36
42.031,3.23671,2026-03-19T15:50:00Z,13.94,44.143,37.122,0.23,327.58
42.031,3.23671,2026-03-19T16:53:00Z,13.77,43.994,37.148,0.18,328.18
42.031,3.23671,2026-03-19T17:56:00Z,13.7,43.941,37.159,0.19,325.67
42.031,3.23671,2026-03-19T18:59:00Z,13.64,43.82,37.109,0.16,325.89
42.031,3.23671,2026-03-19T20:00:00Z,13.55,43.715,37.092,0.2,326.27
42.031,3.23671,2026-03-19T21:00:00Z,13.49,43.634,37.076,0.19,326.1
42.031,3.23671,2026-03-19T22:00:00Z,13.42,43.563,37.076,0.22,326.57
42.031,3.23671,2026-03-19T23:00:00Z,13.16,39.265,33.24,3.32,328.63
42.031,3.23671,2026-03-20T00:00:00Z,13.3,40.557,34.335,3.25,329.95
42.031,3.23671,2026-03-20T01:08:00Z,13.24,40.675,34.501,3.41,328.81
42.031,3.23671,2026-03-20T02:11:00Z,13.19,40.879,34.738,3.06,326.77
42.031,3.23671,2026-03-20T03:14:00Z,13.02,41.056,35.065,2.6,324.81
42.031,3.23671,2026-03-20T04:17:00Z,13.01,41.608,35.598,1.85,324.73
42.031,3.23671,2026-03-20T05:20:00Z,13.09,42.422,36.305,1.31,324.97
42.031,3.23671,2026-03-20T06:23:00Z,13.0,42.325,36.295,1.2,324.89
42.031,3.23671,2026-03-20T07:26:00Z,13.08,42.436,36.329,1.04,326.22
42.031,3.23671,2026-03-20T08:29:00Z,13.12,42.239,36.095,1.1,326.93
42.031,3.23671,2026-03-20T09:32:00Z,13.32,40.808,34.55,1.63,326.87
42.031,3.23671,2026-03-20T10:35:00Z,14.06,39.295,32.49,2.21,326.27
42.031,3.23671,2026-03-20T11:38:00Z,13.87,42.181,35.344,1.6,328.49
42.031,3.23671,2026-03-20T12:41:00Z,13.73,43.276,36.502,0.99,332.36
42.031,3.23671,2026-03-20T13:44:00Z,13.79,43.524,36.679,0.65,330.37
42.031,3.23671,2026-03-20T14:47:00Z,14.32,43.771,36.412,0.81,328.66
42.031,3.23671,2026-03-20T15:50:00Z,14.17,43.692,36.476,0.89,328.64
42.031,3.23671,2026-03-20T16:53:00Z,14.03,43.86,36.769,0.49,328.32
42.031,3.23671,2026-03-20T17:56:00Z,13.67,43.76,37.017,0.21,329.57
42.031,3.23671,2026-03-20T18:59:00Z,13.73,43.854,37.045,0.17,328.82
42.031,3.23671,2026-03-20T20:00:00Z,13.73,43.879,37.076,0.25,328.88
42.031,3.23671,2026-03-20T21:00:00Z,13.67,43.846,37.102,0.12,329.19
42.031,3.23671,2026-03-20T22:00:00Z,13.7,43.856,37.08,0.18,327.22
42.031,3.23671,2026-03-20T23:00:00Z,13.77,43.729,36.892,0.31,327.39
42.031,3.23671,2026-03-21T00:00:00Z,13.2,41.213,35.044,0.86,328.24
42.031,3.23671,2026-03-21T01:08:00Z,12.82,38.49,32.803,1.47,328.69
42.031,3.23671,2026-03-21T02:11:00Z,12.99,40.454,34.519,1.32,327.69
42.031,3.23671,2026-03-21T03:14:00Z,12.78,40.219,34.48,1.24,328.21
42.031,3.23671,2026-03-21T04:17:00Z,12.57,39.035,33.539,1.4,329.18
42.031,3.23671,2026-03-21T05:20:00Z,12.67,40.537,34.891,1.0,329.28
42.031,3.23671,2026-03-21T06:23:00Z,12.82,41.242,35.431,0.75,330.18
42.031,3.23671,2026-03-21T07:26:00Z,12.53,39.102,33.642,1.12,331.83
42.031,3.23671,2026-03-21T08:29:00Z,13.69,43.764,37.008,0.18,330.02
42.031,3.23671,2026-03-21T09:32:00Z,13.49,43.087,36.552,0.42,330.97
42.031,3.23671,2026-03-21T10:35:00Z,13.64,42.524,35.875,0.55,330.08
42.031,3.23671,2026-03-21T11:38:00Z,13.86,43.304,36.403,0.36,328.87
42.031,3.23671,2026-03-21T12:41:00Z,13.91,43.555,36.597,0.28,328.64
42.031,3.23671,2026-03-21T13:44:00Z,13.91,43.661,36.695,0.24,329.49
42.031,3.23671,2026-03-21T14:47:00Z,13.98,43.848,36.808,0.2,329.15
42.031,3.23671,2026-03-21T15:50:00Z,13.87,43.764,36.834,0.24,331.02
42.031,3.23671,2026-03-21T16:53:00Z,13.82,43.651,36.769,0.26,330.07
42.031,3.23671,2026-03-21T17:56:00Z,13.73,43.558,36.77,0.23,330.3
42.031,3.23671,2026-03-21T18:59:00Z,13.69,43.64,36.886,0.22,331.33
42.031,3.23671,2026-03-21T20:00:00Z,13.39,41.071,34.741,0.91,329.98
42.031,3.23671,2026-03-21T21:00:00Z,13.16,37.264,31.354,1.61,330.19
42.031,3.23671,2026-03-21T22:00:00Z,13.27,41.118,34.894,0.89,330.12
42.031,3.23671,2026-03-21T23:00:00Z,12.7,40.146,34.492,0.86,329.84
42.031,3.23671,2026-03-22T00:00:00Z,12.52,39.702,34.227,0.92,329.29
42.031,3.23671,2026-03-22T01:09:00Z,13.03,40.821,34.828,0.83,330.62
42.031,3.23671,2026-03-22T02:12:00Z,13.05,41.702,35.654,0.56,331.19
42.031,3.23671,2026-03-22T03:15:00Z,12.84,41.47,35.632,0.6,329.09
42.031,3.23671,2026-03-22T04:18:00Z,13.24,42.937,36.656,0.24,331.27
42.031,3.23671,2026-03-22T05:20:00Z,13.44,43.344,36.851,0.21,330.48
42.031,3.23671,2026-03-22T06:23:00Z,13.29,43.088,36.752,0.27,329.57
42.031,3.23671,2026-03-22T07:26:00Z,13.39,43.251,36.804,0.21,329.4
42.031,3.23671,2026-03-22T08:29:00Z,13.49,43.365,36.817,0.35,329.79
42.031,3.23671,2026-03-22T09:32:00Z,13.33,42.09,35.762,0.43,330.22
42.031,3.23671,2026-03-22T10:35:00Z,13.9,43.745,36.782,0.22,330.71
42.031,3.23671,2026-03-22T11:38:00Z,13.91,43.821,36.842,0.33,330.89
42.031,3.23671,2026-03-22T12:41:00Z,13.85,43.783,36.868,0.27,332.37
42.031,3.23671,2026-03-22T13:44:00Z,13.91,43.823,36.848,0.28,332.76
42.031,3.23671,2026-03-22T14:47:00Z,13.88,43.805,36.855,0.3,333.47
42.031,3.23671,2026-03-22T15:50:00Z,13.89,43.626,36.676,0.33,334.64
42.031,3.23671,2026-03-22T16:53:00Z,13.93,43.166,36.213,0.36,332.5
42.031,3.23671,2026-03-22T17:56:00Z,13.97,43.029,36.047,0.63,333.11
42.031,3.23671,2026-03-22T18:59:00Z,13.86,43.616,36.697,0.4,334.88
42.031,3.23671,2026-03-22T20:00:00Z,13.82,43.616,36.737,0.31,334.81
42.031,3.23671,2026-03-22T21:00:00Z,13.77,43.49,36.667,0.42,335.1
42.031,3.23671,2026-03-22T22:00:00Z,13.67,42.211,35.559,0.67,331.51
42.031,3.23671,2026-03-22T23:00:00Z,13.75,43.198,36.412,0.62,333.87
42.031,3.23671,2026-03-23T00:00:00Z,13.75,43.638,36.827,0.31,330.71
42.031,3.23671,2026-03-23T02:12:00Z,13.78,43.707,36.865,0.2,327.77
42.031,3.23671,2026-03-23T03:15:00Z,13.76,43.785,36.953,0.2,327.39
42.031,3.23671,2026-03-23T04:18:00Z,13.73,43.8,36.998,0.2,326.7
42.031,3.23671,2026-03-23T05:21:00Z,13.73,43.89,37.084,0.17,325.82
42.031,3.23671,2026-03-23T06:24:00Z,13.7,43.906,37.125,0.17,325.2
42.031,3.23671,2026-03-23T07:27:00Z,13.71,43.937,37.147,0.15,325.43
42.031,3.23671,2026-03-23T08:30:00Z,13.72,44.001,37.197,0.17,325.01
42.031,3.23671,2026-03-23T09:33:00Z,13.73,44.048,37.236,0.22,324.69
42.031,3.23671,2026-03-23T10:36:00Z,13.71,44.053,37.256,0.13,324.68
42.031,3.23671,2026-03-23T11:39:00Z,13.65,43.99,37.258,0.16,324.47
42.031,3.23671,2026-03-23T12:42:00Z,13.61,43.956,37.26,0.14,325.14
42.031,3.23671,2026-03-23T13:44:00Z,13.64,43.982,37.258,0.12,325.67
42.031,3.23671,2026-03-23T14:47:00Z,13.65,43.989,37.257,0.11,326.12
42.031,3.23671,2026-03-23T15:50:00Z,13.65,43.992,37.255,0.11,326.58
42.031,3.23671,2026-03-23T16:53:00Z,13.65,43.991,37.255,0.15,326.55
42.031,3.23671,2026-03-23T17:56:00Z,13.66,43.998,37.256,0.19,326.38
42.031,3.23671,2026-03-23T18:59:00Z,13.64,43.981,37.255,0.12,326.3
42.031,3.23671,2026-03-23T20:00:00Z,13.67,43.997,37.244,0.12,326.26
42.031,3.23671,2026-03-23T21:00:00Z,13.63,43.929,37.218,0.17,327.48
42.031,3.23671,2026-03-23T22:00:00Z,13.55,43.691,37.068,0.2,329.65
42.031,3.23671,2026-03-23T23:00:00Z,13.49,43.602,37.041,0.32,328.77
42.031,3.23671,2026-03-24T00:00:00Z,13.45,43.509,36.991,0.26,329.89
42.031,3.23671,2026-03-24T01:09:00Z,13.46,43.457,36.932,0.34,331.4
42.031,3.23671,2026-03-24T02:12:00Z,13.37,43.287,36.86,0.34,329.87
42.031,3.23671,2026-03-24T03:15:00Z,13.37,43.259,36.83,0.34,329.5
42.031,3.23671,2026-03-24T04:18:00Z,13.34,43.097,36.71,0.39,329.38
42.031,3.23671,2026-03-24T05:21:00Z,13.2,42.681,36.445,0.49,329.34
42.031,3.23671,2026-03-24T06:24:00Z,13.2,42.442,36.216,0.56,329.47
42.031,3.23671,2026-03-24T07:27:00Z,13.35,42.816,36.429,0.41,330.09
42.031,3.23671,2026-03-24T08:30:00Z,13.46,43.017,36.513,0.36,330.52
42.031,3.23671,2026-03-24T09:33:00Z,13.66,43.174,36.474,0.51,330.59
42.031,3.23671,2026-03-24T10:36:00Z,14.03,43.259,36.207,0.46,331.17
42.031,3.23671,2026-03-24T11:39:00Z,13.72,43.21,36.451,0.62,332.55
42.031,3.23671,2026-03-24T12:42:00Z,14.25,43.66,36.366,0.6,331.52
42.031,3.23671,2026-03-24T13:45:00Z,14.35,43.935,36.536,0.4,330.12
42.031,3.23671,2026-03-24T14:48:00Z,14.06,43.94,36.816,0.44,330.64
42.031,3.23671,2026-03-24T15:51:00Z,14.05,43.879,36.764,0.35,330.82
42.031,3.23671,2026-03-24T16:54:00Z,14.16,43.783,36.573,0.47,330.42
42.031,3.23671,2026-03-24T17:57:00Z,14.01,43.802,36.733,0.38,330.19
42.031,3.23671,2026-03-24T19:00:00Z,13.79,43.848,36.985,0.21,329.56
42.031,3.23671,2026-03-24T20:00:00Z,13.83,43.836,36.941,0.26,329.25
42.031,3.23671,2026-03-24T21:00:00Z,13.85,40.952,34.21,0.97,328.85
42.031,3.23671,2026-03-24T22:00:00Z,13.82,41.068,34.348,0.98,329.49
42.031,3.23671,2026-03-24T23:00:00Z,13.87,42.715,35.846,0.76,329.77
42.031,3.23671,2026-03-25T00:00:00Z,13.68,42.371,35.697,0.57,329.79
42.031,3.23671,2026-03-25T01:09:00Z,13.76,43.541,36.727,0.28,329.07
42.031,3.23671,2026-03-25T02:12:00Z,13.69,43.718,36.959,0.17,328.75
42.031,3.23671,2026-03-25T03:15:00Z,13.65,43.8,37.081,0.26,328.18
42.031,3.23671,2026-03-25T04:18:00Z,13.62,43.798,37.103,0.39,327.92
42.031,3.23671,2026-03-25T05:21:00Z,13.6,43.774,37.099,0.34,327.78
42.031,3.23671,2026-03-25T06:24:00Z,13.56,43.719,37.09,0.16,327.82
42.031,3.23671,2026-03-25T07:27:00Z,13.58,43.644,36.998,0.23,328.87
42.031,3.23671,2026-03-25T08:30:00Z,13.6,43.594,36.925,0.18,329.98
42.031,3.23671,2026-03-25T09:33:00Z,13.63,42.278,35.655,0.34,331.25
42.031,3.23671,2026-03-25T10:36:00Z,14.08,40.724,33.796,0.8,330.5
42.031,3.23671,2026-03-25T11:39:00Z,14.43,40.959,33.708,0.73,329.61
42.031,3.23671,2026-03-25T12:42:00Z,14.32,41.77,34.547,0.59,330.03
42.031,3.23671,2026-03-25T13:45:00Z,14.15,42.841,35.698,0.44,332.43
42.031,3.23671,2026-03-25T14:48:00Z,14.08,43.394,36.284,0.39,341.13
42.031,3.23671,2026-03-25T15:51:00Z,14.14,43.501,36.327,0.51,345.39
42.031,3.23671,2026-03-25T16:54:00Z,14.12,43.391,36.238,0.55,347.27
42.031,3.23671,2026-03-25T17:57:00Z,14.08,43.583,36.459,0.45,348.57
42.031,3.23671,2026-03-25T19:00:00Z,14.06,43.64,36.531,0.45,346.87
42.031,3.23671,2026-03-25T20:00:00Z,14.01,43.639,36.576,0.45,345.6
42.031,3.23671,2026-03-25T21:00:00Z,13.88,43.801,36.857,1.26,340.1
42.031,3.23671,2026-03-25T22:00:00Z,13.83,43.998,37.09,0.43,332.57
42.031,3.23671,2026-03-25T23:00:00Z,13.84,44.153,37.23,0.86,327.08
42.031,3.23671,2026-03-26T00:00:00Z,13.83,44.153,37.24,0.27,323.2
42.031,3.23671,2026-03-26T01:09:00Z,13.79,44.081,37.204,1.8,323.83
42.031,3.23671,2026-03-26T02:12:00Z,13.76,44.137,37.289,1.35,323.75
42.031,3.23671,2026-03-26T03:15:00Z,13.75,44.024,37.193,5.26,326.66
42.031,3.23671,2026-03-26T04:18:00Z,13.76,44.037,37.198,3.67,325.1
42.031,3.23671,2026-03-26T05:21:00Z,13.68,43.877,37.116,10.76,329.1
42.031,3.23671,2026-03-26T06:24:00Z,13.7,43.879,37.106,6.1,329.15
42.031,3.23671,2026-03-26T07:27:00Z,13.68,43.86,37.103,3.45,329.23
42.031,3.23671,2026-03-26T08:30:00Z,13.65,43.828,37.105,6.96,327.14
42.031,3.23671,2026-03-26T09:33:00Z,13.67,43.892,37.149,11.14,325.05
42.031,3.23671,2026-03-26T10:36:00Z,13.73,43.99,37.183,14.88,323.58
42.031,3.23671,2026-03-26T12:42:00Z,13.76,44.102,37.252,3.35,324.37
42.031,3.23671,2026-03-26T13:45:00Z,13.78,44.142,37.276,6.55,323.47
42.031,3.23671,2026-03-26T14:48:00Z,13.79,44.205,37.322,3.48,322.33
42.031,3.23671,2026-03-26T15:51:00Z,13.78,44.203,37.331,2.94,322.19
42.031,3.23671,2026-03-26T16:54:00Z,13.77,44.19,37.328,6.42,322.58
42.031,3.23671,2026-03-26T17:57:00Z,13.75,44.188,37.345,13.84,322.3
42.031,3.23671,2026-03-26T19:00:00Z,13.66,44.079,37.328,5.34,322.77
42.031,3.23671,2026-03-26T20:00:00Z,13.69,44.213,37.429,2.85,321.33
42.031,3.23671,2026-03-26T21:00:00Z,13.69,44.263,37.475,2.34,320.64
42.031,3.23671,2026-03-26T22:00:00Z,13.71,44.298,37.495,15.62,320.18
42.031,3.23671,2026-03-26T23:00:00Z,13.74,44.428,37.587,2.25,318.29
42.031,3.23671,2026-03-27T00:00:00Z,13.73,44.435,37.601,1.19,317.39
42.031,3.23671,2026-03-27T01:09:00Z,13.76,44.476,37.612,1.81,316.1
42.031,3.23671,2026-03-27T02:12:00Z,13.76,44.493,37.623,2.09,316.0
42.031,3.23671,2026-03-27T03:15:00Z,13.82,44.578,37.65,0.72,315.22
42.031,3.23671,2026-03-27T04:18:00Z,13.86,44.639,37.667,1.04,315.27
42.031,3.23671,2026-03-27T05:21:00Z,13.84,44.626,37.674,0.59,315.27
42.031,3.23671,2026-03-27T06:24:00Z,13.81,44.594,37.671,0.76,316.04
42.031,3.23671,2026-03-27T07:27:00Z,13.81,44.596,37.675,0.9,316.32
42.031,3.23671,2026-03-27T08:30:00Z,13.83,44.623,37.684,3.46,316.27
42.031,3.23671,2026-03-27T09:33:00Z,13.71,44.469,37.652,0.53,316.58
42.031,3.23671,2026-03-27T10:36:00Z,13.72,44.486,37.658,0.78,317.27
42.031,3.23671,2026-03-27T11:39:00Z,13.74,44.516,37.664,1.55,317.27
42.031,3.23671,2026-03-27T12:42:00Z,13.81,44.606,37.687,0.55,316.5
42.031,3.23671,2026-03-27T13:45:00Z,13.81,44.612,37.691,0.84,316.54
42.031,3.23671,2026-03-27T16:54:00Z,13.62,44.378,37.659,0.96,318.5
42.031,3.23671,2026-03-27T17:57:00Z,13.63,44.415,37.676,0.88,318.27
42.031,3.23671,2026-03-27T19:00:00Z,13.61,44.393,37.677,0.9,318.06
42.031,3.23671,2026-03-27T20:00:00Z,13.64,44.436,37.689,0.56,317.62
42.031,3.23671,2026-03-27T21:00:00Z,13.63,44.428,37.689,1.02,318.14
42.031,3.23671,2026-03-27T22:00:00Z,13.62,44.402,37.682,0.87,318.18
42.031,3.23671,2026-03-27T23:00:00Z,13.6,44.382,37.681,0.94,318.22
42.031,3.23671,2026-03-28T00:00:00Z,13.58,44.356,37.677,0.71,318.14
42.031,3.23671,2026-03-28T01:09:00Z,13.58,44.363,37.68,0.62,317.58
42.031,3.23671,2026-03-28T02:12:00Z,13.56,44.345,37.68,0.53,317.16
42.031,3.23671,2026-03-28T03:15:00Z,13.62,44.412,37.687,0.48,316.64
42.031,3.23671,2026-03-28T04:18:00Z,13.57,44.351,37.681,0.5,316.47
42.031,3.23671,2026-03-28T05:21:00Z,13.61,44.398,37.682,1.05,316.2
42.031,3.23671,2026-03-28T06:24:00Z,13.68,44.496,37.706,0.41,315.8
42.031,3.23671,2026-03-28T07:27:00Z,13.66,44.472,37.703,0.89,316.26
42.031,3.23671,2026-03-28T08:30:00Z,13.72,44.54,37.716,0.72,316.33
42.031,3.23671,2026-03-28T09:33:00Z,13.75,44.59,37.727,0.46,316.54
42.031,3.23671,2026-03-28T10:36:00Z,13.75,44.578,37.718,4.21,316.8
42.031,3.23671,2026-03-28T11:39:00Z,13.77,44.614,37.729,0.38,316.62
42.031,3.23671,2026-03-28T12:42:00Z,13.81,44.661,37.742,0.57,316.77
42.031,3.23671,2026-03-28T13:45:00Z,13.8,44.644,37.734,0.8,316.89
42.031,3.23671,2026-03-28T14:48:00Z,13.8,44.652,37.74,0.6,317.05
42.031,3.23671,2026-03-28T15:51:00Z,13.75,44.591,37.728,0.78,317.43
42.031,3.23671,2026-03-28T16:54:00Z,13.74,44.573,37.723,0.56,317.62
42.031,3.23671,2026-03-28T17:57:00Z,13.71,44.53,37.712,0.5,317.57
42.031,3.23671,2026-03-28T19:00:00Z,13.75,44.594,37.73,0.87,317.2
42.031,3.23671,2026-03-28T20:00:00Z,13.73,44.563,37.719,0.95,317.23
42.031,3.23671,2026-03-28T21:00:00Z,13.74,44.57,37.721,1.42,316.89
42.031,3.23671,2026-03-28T22:00:00Z,13.75,44.586,37.73,0.8,317.3
42.031,3.23671,2026-03-29T01:08:00Z,13.58,44.347,37.661,1.44,318.37
42.031,3.23671,2026-03-29T02:11:00Z,13.51,44.275,37.665,1.42,318.42
42.031,3.23671,2026-03-29T03:14:00Z,13.63,44.442,37.704,0.78,317.45
42.031,3.23671,2026-03-29T04:17:00Z,13.61,44.426,37.711,0.96,317.76
42.031,3.23671,2026-03-29T05:20:00Z,13.62,44.446,37.715,0.86,317.14
42.031,3.23671,2026-03-29T06:23:00Z,13.59,44.416,37.721,1.36,317.27
42.031,3.23671,2026-03-29T07:26:00Z,13.57,44.401,37.729,1.45,317.42
42.031,3.23671,2026-03-29T09:32:00Z,13.58,44.422,37.74,1.38,317.43
42.031,3.23671,2026-03-29T12:41:00Z,13.6,44.446,37.741,0.91,317.57
42.031,3.23671,2026-03-29T13:44:00Z,13.61,44.453,37.74,1.69,317.57
42.031,3.23671,2026-03-29T14:47:00Z,13.6,44.448,37.744,1.01,317.85
42.031,3.23671,2026-03-29T15:50:00Z,13.6,44.458,37.749,0.93,317.83
42.031,3.23671,2026-03-29T16:53:00Z,13.6,44.464,37.753,1.62,317.88
42.031,3.23671,2026-03-29T17:56:00Z,13.59,44.452,37.754,4.78,317.68
42.031,3.23671,2026-03-29T18:59:00Z,13.6,44.468,37.762,1.06,317.52
42.031,3.23671,2026-03-29T20:00:00Z,13.66,44.548,37.776,1.86,317.05
42.031,3.23671,2026-03-29T21:00:00Z,13.72,44.641,37.806,0.74,316.04
42.031,3.23671,2026-03-29T22:00:00Z,13.48,44.33,37.748,1.09,319.08
42.031,3.23671,2026-03-29T23:00:00Z,13.46,44.307,37.747,1.77,319.41
42.031,3.23671,2026-03-30T00:00:00Z,13.48,44.332,37.749,7.11,319.07
42.031,3.23671,2026-03-30T01:08:00Z,13.48,44.331,37.747,1.33,319.2
42.031,3.23671,2026-03-30T02:11:00Z,13.53,44.393,37.76,1.25,318.14
42.031,3.23671,2026-03-30T03:14:00Z,13.58,44.481,37.789,1.22,317.24
42.031,3.23671,2026-03-30T04:17:00Z,13.63,44.564,37.821,1.28,316.45
42.031,3.23671,2026-03-30T05:20:00Z,13.74,44.719,37.859,0.69,315.24
42.031,3.23671,2026-03-30T06:23:00Z,13.66,44.596,37.823,0.82,316.45
42.031,3.23671,2026-03-30T06:54:00Z,13.68,44.622,37.827,1.25,315.93
42.031,3.23671,2026-03-30T07:57:00Z,13.5,44.383,37.778,0.71,318.41
42.031,3.23671,2026-03-30T09:00:00Z,13.45,44.306,37.76,0.97,319.14
42.031,3.23671,2026-03-30T09:57:00Z,13.45,44.31,37.76,0.76,319.6
42.031,3.23671,2026-03-30T11:00:00Z,13.49,44.355,37.766,0.84,319.82
42.031,3.23671,2026-03-30T12:00:00Z,13.54,44.413,37.772,0.69,320.31
42.031,3.23671,2026-03-30T13:00:00Z,13.56,44.446,37.78,0.61,320.1
42.031,3.23671,2026-03-30T14:00:00Z,13.6,44.495,37.785,0.81,319.13
42.031,3.23671,2026-03-30T15:00:00Z,13.62,44.511,37.783,0.91,319.02
42.031,3.23671,2026-03-30T16:00:00Z,13.64,44.533,37.784,0.66,319.19
42.031,3.23671,2026-03-30T17:00:00Z,13.63,44.532,37.794,0.55,319.14
42.031,3.23671,2026-03-30T18:00:00Z,13.64,44.558,37.802,0.56,318.64
42.031,3.23671,2026-03-30T19:00:00Z,13.6,44.509,37.798,1.0,318.31
42.031,3.23671,2026-03-30T20:00:00Z,13.64,44.561,37.812,0.42,318.27
42.031,3.23671,2026-03-30T21:00:00Z,13.6,44.518,37.805,0.73,318.49
42.031,3.23671,2026-03-30T22:00:00Z,13.6,44.507,37.803,0.65,318.52
42.031,3.23671,2026-03-30T23:00:00Z,13.6,44.517,37.807,0.49,318.45
42.031,3.23671,2026-03-31T00:00:00Z,13.62,44.545,37.817,0.44,317.98
42.031,3.23671,2026-03-31T01:08:00Z,13.6,44.522,37.815,1.18,317.61
42.031,3.23671,2026-03-31T02:11:00Z,13.57,44.488,37.811,0.95,317.77
42.031,3.23671,2026-03-31T03:14:00Z,13.53,44.435,37.801,1.25,317.89
42.031,3.23671,2026-03-31T04:17:00Z,13.53,44.438,37.804,1.03,317.87
42.031,3.23671,2026-03-31T05:20:00Z,13.44,44.288,37.752,1.53,319.72
42.031,3.23671,2026-03-31T06:23:00Z,13.5,44.386,37.78,2.54,318.58
42.031,3.23671,2026-03-31T07:26:00Z,13.53,44.426,37.793,1.37,318.8
42.031,3.23671,2026-03-31T08:29:00Z,13.54,44.444,37.798,1.65,318.54
42.031,3.23671,2026-03-31T09:32:00Z,13.57,44.482,37.8,1.61,319.06
42.031,3.23671,2026-03-31T10:35:00Z,13.56,44.481,37.808,1.9,318.55
42.031,3.23671,2026-03-31T11:38:00Z,13.64,44.582,37.833,2.49,318.61
42.031,3.23671,2026-03-31T12:41:00Z,13.71,44.696,37.869,0.88,318.41
42.031,3.23671,2026-03-31T13:44:00Z,13.73,44.729,37.881,1.25,318.19
42.031,3.23671,2026-03-31T14:47:00Z,13.73,44.727,37.883,2.12,318.42
42.031,3.23671,2026-03-31T15:50:00Z,13.71,44.711,37.881,1.47,318.91
42.031,3.23671,2026-03-31T16:53:00Z,13.7,44.697,37.882,2.16,318.95
42.031,3.23671,2026-03-31T17:56:00Z,13.7,44.694,37.882,1.51,318.88
42.031,3.23671,2026-03-31T18:59:00Z,13.7,44.703,37.885,7.36,318.68
42.031,3.23671,2026-03-31T20:00:00Z,13.68,44.687,37.886,1.72,318.64
42.031,3.23671,2026-03-31T21:00:00Z,13.69,44.692,37.887,1.51,318.57
42.031,3.23671,2026-03-31T22:00:00Z,13.68,44.687,37.887,2.37,318.51
42.031,3.23671,2026-03-31T23:00:00Z,13.69,44.698,37.886,3.59,317.89
42.031,3.23671,2026-04-01T00:00:00Z,13.64,44.642,37.885,3.84,319.23
42.031,3.23671,2026-04-01T01:08:00Z,13.66,44.665,37.893,1.29,318.39
42.031,3.23671,2026-04-01T02:11:00Z,13.69,44.715,37.909,3.99,317.22
42.031,3.23671,2026-04-01T03:14:00Z,13.68,44.714,37.915,1.03,317.44
42.031,3.23671,2026-04-01T04:17:00Z,13.69,44.736,37.923,1.44,317.2
42.031,3.23671,2026-04-01T05:20:00Z,13.57,44.563,37.883,1.52,318.67
42.031,3.23671,2026-04-01T06:23:00Z,13.58,44.572,37.885,1.21,318.7
42.031,3.23671,2026-04-01T07:26:00Z,13.6,44.611,37.902,1.38,317.93
42.031,3.23671,2026-04-01T08:29:00Z,13.67,44.713,37.921,0.98,317.83
42.031,3.23671,2026-04-01T09:32:00Z,13.71,44.756,37.929,0.75,317.99
42.031,3.23671,2026-04-01T10:35:00Z,13.76,44.839,37.958,1.06,316.88
42.031,3.23671,2026-04-01T11:38:00Z,13.81,44.918,37.983,2.0,316.36
42.031,3.23671,2026-04-01T12:41:00Z,13.65,44.701,37.936,2.52,318.0
42.031,3.23671,2026-04-01T13:44:00Z,13.65,44.701,37.938,1.73,318.0
42.031,3.23671,2026-04-01T14:47:00Z,13.55,44.572,37.914,1.34,318.64
42.031,3.23671,2026-04-01T15:50:00Z,13.71,44.782,37.95,0.83,317.6
42.031,3.23671,2026-04-01T16:53:00Z,13.69,44.757,37.949,1.77,317.36
42.031,3.23671,2026-04-01T17:56:00Z,13.68,44.759,37.962,2.02,317.08
42.031,3.23671,2026-04-01T18:59:00Z,13.66,44.747,37.964,0.85,316.7
42.031,3.23671,2026-04-01T20:00:00Z,13.56,44.607,37.932,1.08,318.33
42.031,3.23671,2026-04-01T21:00:00Z,13.53,44.562,37.923,1.1,318.61
42.031,3.23671,2026-04-01T22:00:00Z,13.55,44.591,37.929,1.02,318.2
42.031,3.23671,2026-04-01T23:00:00Z,13.59,44.648,37.946,1.06,317.81
42.031,3.23671,2026-04-02T00:00:00Z,13.6,44.671,37.954,0.95,317.52
42.031,3.23671,2026-04-02T01:08:00Z,13.61,44.692,37.963,0.84,317.22
42.031,3.23671,2026-04-02T02:11:00Z,13.6,44.673,37.961,0.92,316.85
42.031,3.23671,2026-04-02T03:14:00Z,13.62,44.71,37.971,0.86,316.47
42.031,3.23671,2026-04-02T04:17:00Z,13.68,44.793,37.991,0.98,316.42
42.031,3.23671,2026-04-02T05:20:00Z,13.7,44.818,37.998,1.32,315.73
42.031,3.23671,2026-04-02T06:23:00Z,13.63,44.724,37.978,1.22,316.44
42.031,3.23671,2026-04-02T07:26:00Z,13.62,44.715,37.976,0.65,316.55
42.031,3.23671,2026-04-02T08:29:00Z,13.69,44.813,38.002,0.65,316.47
42.031,3.23671,2026-04-02T09:32:00Z,13.72,44.839,37.999,1.1,316.25
42.031,3.23671,2026-04-02T10:35:00Z,13.74,44.864,38.003,0.92,316.2
42.031,3.23671,2026-04-02T11:38:00Z,13.8,44.964,38.034,0.63,315.39
42.031,3.23671,2026-04-02T12:41:00Z,13.71,44.834,38.001,1.69,316.89
42.031,3.23671,2026-04-02T13:44:00Z,13.74,44.873,38.008,1.19,316.5
42.031,3.23671,2026-04-02T14:47:00Z,13.74,44.866,38.002,2.04,317.22
42.031,3.23671,2026-04-02T15:50:00Z,13.74,44.871,38.007,0.91,317.02
42.031,3.23671,2026-04-02T16:53:00Z,13.74,44.88,38.016,0.94,316.1
42.031,3.23671,2026-04-02T17:56:00Z,13.74,44.889,38.027,0.75,316.55
42.031,3.23671,2026-04-02T18:59:00Z,13.78,44.955,38.041,0.7,316.33
42.031,3.23671,2026-04-02T20:00:00Z,13.74,44.897,38.031,1.12,317.08
42.031,3.23671,2026-04-02T21:00:00Z,13.76,44.929,38.041,0.81,317.1
42.031,3.23671,2026-04-02T22:00:00Z,13.76,44.939,38.05,1.02,316.74
42.031,3.23671,2026-04-02T23:00:00Z,13.76,44.944,38.051,1.3,316.58
42.031,3.23671,2026-04-03T00:00:00Z,13.77,44.949,38.055,2.25,316.24
42.031,3.23671,2026-04-03T01:09:00Z,13.78,44.973,38.062,0.6,315.95
42.031,3.23671,2026-04-03T02:11:00Z,13.79,44.985,38.069,2.17,315.83
42.031,3.23671,2026-04-03T03:14:00Z,13.79,44.966,38.049,1.13,315.69
42.031,3.23671,2026-04-03T04:17:00Z,13.79,44.999,38.074,0.76,315.55
42.031,3.23671,2026-04-03T05:20:00Z,13.81,45.024,38.084,2.31,315.23
42.031,3.23671,2026-04-03T06:23:00Z,13.84,45.075,38.097,0.43,315.31
42.031,3.23671,2026-04-03T07:26:00Z,13.8,44.997,38.065,0.93,316.36
42.031,3.23671,2026-04-03T08:29:00Z,13.82,45.02,38.071,0.67,316.1
42.031,3.23671,2026-04-03T09:32:00Z,13.86,45.098,38.102,0.53,316.18
42.031,3.23671,2026-04-03T10:35:00Z,13.85,45.061,38.075,0.28,316.68
42.031,3.23671,2026-04-03T11:38:00Z,13.87,45.089,38.082,0.37,316.75
42.031,3.23671,2026-04-03T12:41:00Z,13.74,44.842,37.983,0.14,318.85
42.031,3.23671,2026-04-03T13:44:00Z,13.72,44.806,37.964,0.16,319.08
42.031,3.23671,2026-04-03T14:47:00Z,13.75,44.848,37.97,0.19,319.44
42.031,3.23671,2026-04-03T15:50:00Z,13.77,44.864,37.97,0.16,319.56
42.031,3.23671,2026-04-03T16:53:00Z,13.69,44.74,37.926,0.18,320.72
42.031,3.23671,2026-04-03T17:56:00Z,13.68,44.743,37.941,0.13,320.49
42.031,3.23671,2026-04-03T18:59:00Z,13.7,44.782,37.958,0.2,320.07
42.031,3.23671,2026-04-03T20:00:00Z,13.68,44.771,37.966,0.18,319.7
42.031,3.23671,2026-04-03T21:00:00Z,13.69,44.785,37.971,0.15,319.6
42.031,3.23671,2026-04-03T22:00:00Z,13.68,44.776,37.974,0.19,319.38
42.031,3.23671,2026-04-03T23:00:00Z,13.68,44.788,37.982,0.1,319.04
42.031,3.23671,2026-04-04T00:00:00Z,13.68,44.789,37.983,0.28,319.13
42.031,3.23671,2026-04-04T01:09:00Z,13.67,44.777,37.984,0.21,318.95
42.031,3.23671,2026-04-04T02:12:00Z,13.62,44.712,37.975,0.46,318.99
42.031,3.23671,2026-04-04T03:15:00Z,13.59,44.651,37.947,0.14,319.31
42.031,3.23671,2026-04-04T04:18:00Z,13.59,44.655,37.95,0.13,319.33
42.031,3.23671,2026-04-04T05:21:00Z,13.56,44.604,37.933,0.04,319.23
42.031,3.23671,2026-04-04T06:24:00Z,13.58,44.653,37.954,0.07,319.37
42.031,3.23671,2026-04-04T07:27:00Z,13.62,44.695,37.961,0.04,319.82
42.031,3.23671,2026-04-04T08:30:00Z,13.63,44.647,37.905,0.07,320.27
42.031,3.23671,2026-04-04T09:32:00Z,13.84,44.746,37.788,0.1,320.42
42.031,3.23671,2026-04-04T10:35:00Z,14.42,44.984,37.444,0.15,319.68
42.031,3.23671,2026-04-04T11:38:00Z,14.29,45.019,37.606,0.13,319.81
42.031,3.23671,2026-04-04T12:41:00Z,14.29,45.117,37.692,0.12,320.18
42.031,3.23671,2026-04-04T13:44:00Z,14.38,45.246,37.733,0.12,320.2
42.031,3.23671,2026-04-04T14:47:00Z,14.36,45.243,37.747,0.1,320.37
42.031,3.23671,2026-04-04T15:50:00Z,14.24,45.21,37.827,0.11,320.72
42.031,3.23671,2026-04-04T16:53:00Z,14.23,45.228,37.855,0.07,320.92
42.031,3.23671,2026-04-04T17:56:00Z,14.25,45.241,37.851,0.12,320.7
42.031,3.23671,2026-04-04T18:59:00Z,14.34,39.806,32.726,1.06,319.3
42.031,3.23671,2026-04-04T20:00:00Z,14.37,41.747,34.488,0.98,321.61
42.031,3.23671,2026-04-04T21:00:00Z,14.32,44.037,36.651,0.37,320.52
42.031,3.23671,2026-04-04T22:00:00Z,14.39,44.296,36.835,0.49,320.14
42.031,3.23671,2026-04-04T23:00:00Z,14.19,43.214,36.011,0.53,319.14
42.031,3.23671,2026-04-05T00:00:00Z,14.22,43.1,35.879,0.55,318.82
42.031,3.23671,2026-04-05T01:09:00Z,14.21,44.174,36.892,0.35,319.7
42.031,3.23671,2026-04-05T02:12:00Z,14.0,43.938,36.868,0.41,319.39
42.031,3.23671,2026-04-05T03:15:00Z,13.84,44.217,37.292,0.18,319.07
42.031,3.23671,2026-04-05T04:18:00Z,14.0,44.927,37.797,0.1,319.6
42.031,3.23671,2026-04-05T05:21:00Z,13.98,44.879,37.774,0.06,319.66
42.031,3.23671,2026-04-05T06:24:00Z,13.95,44.842,37.768,0.09,320.02
42.031,3.23671,2026-04-05T07:27:00Z,13.95,44.881,37.802,0.12,320.72
42.031,3.23671,2026-04-05T08:30:00Z,14.12,45.08,37.823,0.04,320.77
42.031,3.23671,2026-04-05T09:33:00Z,14.25,45.122,37.74,0.14,321.04
42.031,3.23671,2026-04-05T10:36:00Z,14.65,45.654,37.844,0.21,320.7
42.031,3.23671,2026-04-05T11:39:00Z,14.64,45.635,37.838,0.1,320.68
42.031,3.23671,2026-04-05T12:42:00Z,14.35,45.333,37.838,0.09,321.26
42.031,3.23671,2026-04-05T13:45:00Z,14.17,45.201,37.888,0.12,322.93
42.031,3.23671,2026-04-05T14:48:00Z,14.08,45.144,37.928,0.05,323.52
42.031,3.23671,2026-04-05T16:54:00Z,14.56,45.218,37.529,0.16,322.44
42.031,3.23671,2026-04-05T17:56:00Z,14.42,45.222,37.667,0.17,323.05
42.031,3.23671,2026-04-05T18:59:00Z,14.98,45.317,37.215,0.26,321.89
42.031,3.23671,2026-04-05T20:00:00Z,14.62,39.438,32.159,1.56,324.58
42.031,3.23671,2026-04-05T21:00:00Z,14.42,41.017,33.765,1.04,324.23
42.031,3.23671,2026-04-05T22:00:00Z,14.37,44.251,36.804,0.35,323.06
42.031,3.23671,2026-04-05T23:00:00Z,14.35,44.609,37.16,0.28,321.27
42.031,3.23671,2026-04-06T00:00:00Z,14.09,45.045,37.821,0.05,323.23
42.031,3.23671,2026-04-06T01:09:00Z,14.03,44.985,37.825,0.08,323.11
42.031,3.23671,2026-04-06T02:12:00Z,14.06,45.108,37.91,0.1,323.49
42.031,3.23671,2026-04-06T03:15:00Z,14.09,45.086,37.858,0.14,322.61
42.031,3.23671,2026-04-06T04:18:00Z,14.1,44.955,37.725,0.13,321.64
42.031,3.23671,2026-04-06T05:21:00Z,14.07,44.93,37.735,0.16,321.05
42.031,3.23671,2026-04-06T06:24:00Z,14.02,44.961,37.812,0.05,321.31
42.031,3.23671,2026-04-06T07:27:00Z,13.99,45.011,37.887,0.09,321.86
42.031,3.23671,2026-04-06T08:30:00Z,13.97,44.959,37.859,0.09,321.69
42.031,3.23671,2026-04-06T09:33:00Z,14.21,45.164,37.821,0.05,321.51
42.031,3.23671,2026-04-06T10:36:00Z,14.26,45.219,37.821,0.19,321.57
42.031,3.23671,2026-04-06T11:39:00Z,14.47,45.465,37.847,0.05,321.33
42.031,3.23671,2026-04-06T12:42:00Z,14.61,45.637,37.871,0.07,321.36
42.031,3.23671,2026-04-06T13:45:00Z,14.58,45.556,37.824,0.14,322.31
42.031,3.23671,2026-04-06T14:48:00Z,14.64,45.584,37.788,0.11,322.37
42.031,3.23671,2026-04-06T15:51:00Z,14.53,45.451,37.771,0.11,322.55
42.031,3.23671,2026-04-06T16:54:00Z,14.88,44.949,36.969,0.32,322.97
42.031,3.23671,2026-04-06T17:57:00Z,14.55,44.787,37.13,0.33,324.08
42.031,3.23671,2026-04-06T19:00:00Z,14.28,44.724,37.335,0.19,324.95
42.031,3.23671,2026-04-06T20:00:00Z,14.27,44.73,37.354,0.19,325.23
42.031,3.23671,2026-04-06T21:00:00Z,13.98,44.26,37.194,0.28,326.14
42.031,3.23671,2026-04-06T22:00:00Z,13.94,44.162,37.134,0.28,327.08
42.031,3.23671,2026-04-06T23:00:00Z,14.02,44.918,37.776,0.08,325.42
42.031,3.23671,2026-04-07T00:00:00Z,13.95,44.927,37.847,0.05,325.68
42.031,3.23671,2026-04-07T01:09:00Z,13.77,44.457,37.579,0.22,327.07
42.031,3.23671,2026-04-07T02:12:00Z,13.58,43.626,36.983,0.24,325.89
42.031,3.23671,2026-04-07T03:15:00Z,13.58,42.518,35.929,0.4,325.64
42.031,3.23671,2026-04-07T04:18:00Z,13.62,43.192,36.526,0.35,327.75
42.031,3.23671,2026-04-07T05:21:00Z,13.7,44.277,37.482,0.11,326.27
42.031,3.23671,2026-04-07T06:24:00Z,13.35,42.201,35.845,0.24,325.45
42.031,3.23671,2026-04-07T07:27:00Z,13.68,43.413,36.678,0.09,325.11
42.031,3.23671,2026-04-07T08:30:00Z,13.95,44.528,37.475,0.04,324.89
42.031,3.23671,2026-04-07T09:33:00Z,14.05,45.016,37.831,0.07,325.64
42.031,3.23671,2026-04-07T10:36:00Z,14.1,45.16,37.921,0.08,324.38
42.031,3.23671,2026-04-07T11:39:00Z,14.13,45.217,37.945,0.02,322.7
42.031,3.23671,2026-04-07T12:42:00Z,14.11,45.204,37.952,0.04,322.74
42.031,3.23671,2026-04-07T13:45:00Z,14.15,45.257,37.96,0.03,322.56
42.031,3.23671,2026-04-07T14:48:00Z,14.19,45.296,37.965,0.04,321.83
42.031,3.23671,2026-04-07T15:51:00Z,14.24,45.354,37.969,0.07,321.17
42.031,3.23671,2026-04-07T16:54:00Z,14.23,45.348,37.974,0.01,320.86
42.031,3.23671,2026-04-07T17:57:00Z,14.18,45.311,37.981,0.04,320.05
42.031,3.23671,2026-04-07T19:00:00Z,14.09,45.224,37.989,0.02,319.89
42.031,3.23671,2026-04-07T20:00:00Z,14.3,45.162,37.727,0.15,323.35
42.031,3.23671,2026-04-07T21:00:00Z,14.15,45.138,37.849,0.08,322.11
42.031,3.23671,2026-04-07T22:00:00Z,14.1,45.088,37.854,0.06,322.39
42.031,3.23671,2026-04-07T23:00:00Z,14.1,44.953,37.723,0.07,323.39
42.031,3.23671,2026-04-08T00:00:00Z,14.08,44.005,36.853,0.13,323.86
42.031,3.23671,2026-04-08T01:09:00Z,14.37,39.993,32.87,0.89,320.83
42.031,3.23671,2026-04-08T02:12:00Z,14.11,41.322,34.324,0.72,323.37
42.031,3.23671,2026-04-08T03:15:00Z,14.29,42.515,35.27,0.5,322.17
42.031,3.23671,2026-04-08T05:21:00Z,14.06,44.891,37.713,0.01,322.61
42.031,3.23671,2026-04-08T06:24:00Z,14.07,45.143,37.94,0.02,322.26
42.031,3.23671,2026-04-08T07:27:00Z,14.07,45.15,37.943,0.01,322.64
42.031,3.23671,2026-04-08T08:30:00Z,14.1,45.139,37.9,0.06,322.91
42.031,3.23671,2026-04-08T09:33:00Z,14.29,45.226,37.794,0.03,323.5
42.031,3.23671,2026-04-08T10:36:00Z,14.46,45.385,37.778,0.05,323.39
42.031,3.23671,2026-04-08T11:39:00Z,14.76,45.674,37.757,0.05,323.12
42.031,3.23671,2026-04-08T12:42:00Z,14.71,45.646,37.782,0.07,323.48
42.031,3.23671,2026-04-08T13:45:00Z,14.74,45.698,37.801,0.08,323.27
42.031,3.23671,2026-04-08T14:48:00Z,14.73,45.702,37.811,0.08,323.42
42.031,3.23671,2026-04-08T15:51:00Z,14.88,45.806,37.762,0.09,323.63
42.031,3.23671,2026-04-08T16:54:00Z,14.86,45.805,37.779,0.07,323.69
42.031,3.23671,2026-04-08T17:57:00Z,14.77,45.756,37.819,0.05,323.7
42.031,3.23671,2026-04-08T19:00:00Z,14.77,45.758,37.826,0.04,323.47
42.031,3.23671,2026-04-08T20:00:00Z,14.74,45.741,37.837,0.06,323.35
42.031,3.23671,2026-04-08T21:00:00Z,14.68,45.697,37.857,0.06,322.95
42.031,3.23671,2026-04-08T22:00:00Z,14.65,45.692,37.882,0.13,322.88
42.031,3.23671,2026-04-08T23:00:00Z,14.58,45.625,37.887,0.05,322.64
42.031,3.23671,2026-04-09T00:00:00Z,14.61,45.632,37.866,0.07,322.64
42.031,3.23671,2026-04-09T01:09:00Z,14.57,45.579,37.848,0.04,322.91
42.031,3.23671,2026-04-09T02:12:00Z,14.5,45.495,37.84,0.04,323.39
42.031,3.23671,2026-04-09T03:15:00Z,14.43,45.414,37.833,0.06,323.67
42.031,3.23671,2026-04-09T04:18:00Z,14.45,45.419,37.817,0.03,323.23
42.031,3.23671,2026-04-09T05:21:00Z,14.54,45.48,37.79,0.06,323.58
42.031,3.23671,2026-04-09T06:24:00Z,14.54,45.486,37.793,0.22,324.3
42.031,3.23671,2026-04-09T07:27:00Z,14.66,45.573,37.763,0.09,324.45
42.031,3.23671,2026-04-09T08:30:00Z,14.9,45.823,37.756,0.11,325.86
42.031,3.23671,2026-04-09T09:33:00Z,15.03,45.933,37.734,0.18,326.85
42.031,3.23671,2026-04-09T10:36:00Z,15.11,46.02,37.739,0.24,325.86
42.031,3.23671,2026-04-09T11:39:00Z,14.98,45.918,37.768,0.13,325.29
42.031,3.23671,2026-04-09T12:42:00Z,14.99,45.999,37.83,0.07,324.01
42.031,3.23671,2026-04-09T13:45:00Z,14.98,46.031,37.873,0.07,323.7
42.031,3.23671,2026-04-09T14:48:00Z,15.04,46.087,37.864,0.07,323.36
42.031,3.23671,2026-04-09T15:51:00Z,14.91,45.98,37.898,0.1,323.77
42.031,3.23671,2026-04-09T16:54:00Z,14.79,45.846,37.882,0.12,324.16
42.031,3.23671,2026-04-09T17:57:00Z,15.22,45.986,37.595,0.1,322.79
42.031,3.23671,2026-04-09T19:00:00Z,15.17,45.699,37.383,0.11,321.7
42.031,3.23671,2026-04-09T20:00:00Z,15.72,44.755,36.006,0.45,320.98
42.031,3.23671,2026-04-09T21:00:00Z,15.69,44.337,35.657,0.49,321.3
42.031,3.23671,2026-04-09T22:00:00Z,15.44,43.001,34.677,0.55,318.85
42.031,3.23671,2026-04-09T23:00:00Z,15.13,44.092,35.952,0.39,322.18
42.031,3.23671,2026-04-10T00:00:00Z,14.91,44.953,36.944,0.3,327.11
42.031,3.23671,2026-04-10T01:09:00Z,14.71,45.236,37.397,0.19,328.12
42.031,3.23671,2026-04-10T02:12:00Z,14.6,45.445,37.699,0.15,327.86
42.031,3.23671,2026-04-10T03:15:00Z,14.5,45.436,37.784,0.12,329.11
42.031,3.23671,2026-04-10T04:18:00Z,14.73,45.305,37.446,0.14,326.56
42.031,3.23671,2026-04-10T05:21:00Z,14.76,45.509,37.599,0.15,326.66
42.031,3.23671,2026-04-10T06:24:00Z,14.77,45.635,37.708,0.09,323.79
42.031,3.23671,2026-04-10T07:27:00Z,14.86,45.736,37.72,0.09,321.93
42.031,3.23671,2026-04-10T08:30:00Z,14.96,45.855,37.728,0.08,322.23
42.031,3.23671,2026-04-10T09:33:00Z,15.33,46.241,37.722,0.14,321.68
42.031,3.23671,2026-04-10T10:36:00Z,15.34,46.253,37.725,0.16,321.52
42.031,3.23671,2026-04-10T11:39:00Z,15.37,46.302,37.744,0.13,321.88
42.031,3.23671,2026-04-10T12:42:00Z,15.53,46.488,37.755,0.15,321.02
42.031,3.23671,2026-04-10T13:45:00Z,15.68,46.639,37.754,0.36,321.39
42.031,3.23671,2026-04-10T14:48:00Z,15.61,46.579,37.767,0.18,321.91
42.031,3.23671,2026-04-10T15:51:00Z,15.53,46.55,37.813,0.16,321.33
42.031,3.23671,2026-04-10T16:54:00Z,15.65,46.725,37.862,0.13,320.36
42.031,3.23671,2026-04-10T17:57:00Z,15.9,46.848,37.729,0.27,318.56
42.031,3.23671,2026-04-10T19:00:00Z,15.48,46.469,37.789,0.16,322.18
42.031,3.23671,2026-04-10T20:00:00Z,15.52,46.245,37.551,0.17,322.66
42.031,3.23671,2026-04-10T21:00:00Z,15.43,46.161,37.561,0.16,323.67
42.031,3.23671,2026-04-10T22:00:00Z,14.76,43.63,35.871,0.67,322.05
42.031,3.23671,2026-04-10T23:00:00Z,15.47,45.266,36.699,0.48,324.69
42.031,3.23671,2026-04-11T00:00:00Z,15.25,45.336,36.972,0.22,323.0
42.031,3.23671,2026-04-11T01:09:00Z,15.3,45.673,37.234,0.23,322.73
42.031,3.23671,2026-04-11T02:12:00Z,15.34,46.07,37.562,0.15,323.27
42.031,3.23671,2026-04-11T03:15:00Z,14.76,45.115,37.24,0.2,322.58
42.031,3.23671,2026-04-11T04:18:00Z,14.92,45.838,37.753,0.2,325.42
42.031,3.23671,2026-04-11T05:21:00Z,15.02,45.951,37.764,0.12,322.58
42.031,3.23671,2026-04-11T06:24:00Z,15.01,45.905,37.725,0.06,322.43
42.031,3.23671,2026-04-11T07:27:00Z,15.14,46.067,37.747,0.08,321.74
42.031,3.23671,2026-04-11T08:30:00Z,15.48,46.382,37.708,0.09,319.69
42.031,3.23671,2026-04-11T09:33:00Z,15.7,46.646,37.743,0.11,318.56
42.031,3.23671,2026-04-11T10:36:00Z,15.88,46.844,37.747,0.17,319.58
42.031,3.23671,2026-04-11T11:39:00Z,15.56,46.64,37.866,0.1,319.92
42.031,3.23671,2026-04-11T12:42:00Z,15.37,46.526,37.951,0.2,320.56
42.031,3.23671,2026-04-11T13:45:00Z,15.48,46.647,37.95,0.06,320.12
42.031,3.23671,2026-04-11T14:48:00Z,15.62,46.77,37.931,0.06,319.37
42.031,3.23671,2026-04-11T15:51:00Z,15.57,46.722,37.94,0.07,319.77
42.031,3.23671,2026-04-11T16:54:00Z,15.55,46.709,37.942,0.09,319.39
42.031,3.23671,2026-04-11T17:57:00Z,15.25,46.359,37.917,0.11,319.37
42.031,3.23671,2026-04-11T19:00:00Z,15.16,46.274,37.924,0.14,319.63
42.031,3.23671,2026-04-11T20:00:00Z,15.18,46.316,37.939,0.05,319.16
42.031,3.23671,2026-04-11T21:00:00Z,15.47,46.544,37.872,0.12,319.83
42.031,3.23671,2026-04-11T22:00:00Z,15.52,46.593,37.863,0.09,319.64
42.031,3.23671,2026-04-11T23:00:00Z,15.56,46.622,37.858,0.14,318.41
42.031,3.23671,2026-04-12T00:00:00Z,15.48,46.576,37.887,0.09,318.69
42.031,3.23671,2026-04-12T01:08:00Z,15.03,46.115,37.901,0.05,319.39
42.031,3.23671,2026-04-12T02:11:00Z,14.75,45.791,37.871,0.05,320.86
42.031,3.23671,2026-04-12T03:14:00Z,14.45,45.433,37.833,0.03,321.89
42.031,3.23671,2026-04-12T04:17:00Z,14.4,45.379,37.837,0.07,322.23
42.031,3.23671,2026-04-12T05:20:00Z,14.4,45.377,37.835,0.03,322.43
42.031,3.23671,2026-04-12T06:23:00Z,14.4,45.382,37.839,0.27,322.55
42.031,3.23671,2026-04-12T07:26:00Z,14.55,45.569,37.859,0.1,321.86
42.031,3.23671,2026-04-12T08:29:00Z,14.62,45.64,37.861,0.09,321.38
42.031,3.23671,2026-04-12T09:32:00Z,14.62,45.643,37.861,1.76,321.58
42.031,3.23671,2026-04-12T10:35:00Z,14.6,45.611,37.857,0.08,322.2
42.031,3.23671,2026-04-12T11:38:00Z,14.48,45.487,37.86,0.28,323.45
42.031,3.23671,2026-04-12T12:41:00Z,14.47,45.484,37.866,0.11,323.95
42.031,3.23671,2026-04-12T13:44:00Z,14.45,45.472,37.868,0.11,323.83
42.031,3.23671,2026-04-12T14:47:00Z,14.44,45.461,37.875,0.17,324.43
42.031,3.23671,2026-04-12T15:50:00Z,14.41,45.433,37.876,0.07,324.44
42.031,3.23671,2026-04-12T16:53:00Z,14.4,45.422,37.876,0.07,324.36
42.031,3.23671,2026-04-12T17:56:00Z,14.35,45.394,37.892,0.12,324.14
42.031,3.23671,2026-04-12T18:59:00Z,14.45,45.483,37.879,0.05,323.64
42.031,3.23671,2026-04-12T20:00:00Z,14.47,45.503,37.882,0.03,323.43
42.031,3.23671,2026-04-12T21:00:00Z,14.44,45.455,37.865,0.05,322.75
42.031,3.23671,2026-04-12T22:00:00Z,14.48,45.505,37.874,0.21,322.5
42.031,3.23671,2026-04-12T23:00:00Z,14.52,45.546,37.869,0.09,321.57
42.031,3.23671,2026-04-13T00:00:00Z,14.55,45.586,37.878,0.08,321.92
42.031,3.23671,2026-04-13T01:08:00Z,14.5,45.531,37.876,0.08,322.13
42.031,3.23671,2026-04-13T02:11:00Z,14.41,45.453,37.891,0.06,322.83
42.031,3.23671,2026-04-13T04:17:00Z,14.28,45.329,37.901,0.53,323.48
42.031,3.23671,2026-04-13T05:20:00Z,14.23,45.302,37.926,0.6,321.39
42.031,3.23671,2026-04-13T06:23:00Z,14.2,45.282,37.94,0.38,320.57
42.031,3.23671,2026-04-13T07:26:00Z,14.2,45.27,37.924,0.65,319.24
42.031,3.23671,2026-04-13T08:29:00Z,14.21,45.295,37.936,0.09,319.75
42.031,3.23671,2026-04-13T09:32:00Z,14.19,45.299,37.961,0.04,320.14
42.031,3.23671,2026-04-13T10:35:00Z,14.24,45.313,37.927,0.3,319.27
42.031,3.23671,2026-04-13T11:38:00Z,14.27,45.359,37.945,0.28,319.27
42.031,3.23671,2026-04-13T12:41:00Z,14.29,45.398,37.961,0.13,319.1
42.031,3.23671,2026-04-13T13:44:00Z,14.31,45.425,37.967,0.89,318.98
42.031,3.23671,2026-04-13T14:47:00Z,14.31,45.443,37.983,0.05,318.62
42.031,3.23671,2026-04-13T15:50:00Z,14.3,45.454,38.001,0.08,318.64
42.031,3.23671,2026-04-13T16:53:00Z,14.29,45.435,37.997,0.02,318.27
42.031,3.23671,2026-04-13T17:56:00Z,14.25,45.406,38.002,0.13,318.48
42.031,3.23671,2026-04-13T18:59:00Z,14.14,45.272,37.986,0.01,318.27
42.031,3.23671,2026-04-13T20:00:00Z,13.91,44.987,37.947,0.14,317.83
42.031,3.23671,2026-04-13T21:00:00Z,13.9,44.988,37.954,0.02,317.38
42.031,3.23671,2026-04-13T22:00:00Z,13.92,45.011,37.958,0.16,317.42
42.031,3.23671,2026-04-13T23:00:00Z,14.2,45.239,37.899,0.22,318.0
42.031,3.23671,2026-04-14T00:00:00Z,14.29,45.315,37.876,0.09,318.02
42.031,3.23671,2026-04-14T01:09:00Z,14.31,45.334,37.878,0.1,317.89
42.031,3.23671,2026-04-14T02:12:00Z,14.35,45.365,37.869,0.09,316.7
42.031,3.23671,2026-04-14T03:14:00Z,14.34,45.357,37.87,0.55,316.95
42.031,3.23671,2026-04-14T04:17:00Z,14.36,45.368,37.861,0.93,316.13
42.031,3.23671,2026-04-14T05:20:00Z,14.36,45.369,37.866,0.15,316.08
42.031,3.23671,2026-04-14T06:23:00Z,14.36,45.373,37.865,0.33,316.27
42.031,3.23671,2026-04-14T07:26:00Z,14.34,45.355,37.867,1.01,316.42
42.031,3.23671,2026-04-14T08:29:00Z,14.35,45.369,37.875,0.17,316.42
42.031,3.23671,2026-04-14T09:32:00Z,14.39,45.41,37.873,0.22,316.62
42.031,3.23671,2026-04-14T10:35:00Z,14.41,45.436,37.876,0.13,316.7
42.031,3.23671,2026-04-14T11:38:00Z,14.45,45.487,37.882,0.2,316.77
42.031,3.23671,2026-04-14T12:41:00Z,14.49,45.536,37.887,0.25,317.38
42.031,3.23671,2026-04-14T13:44:00Z,14.49,45.539,37.892,0.16,317.99
42.031,3.23671,2026-04-14T14:47:00Z,14.54,45.59,37.889,0.2,317.66
42.031,3.23671,2026-04-14T15:50:00Z,14.51,45.572,37.909,0.13,318.27
42.031,3.23671,2026-04-14T16:53:00Z,14.49,45.562,37.917,0.1,318.32
42.031,3.23671,2026-04-14T17:56:00Z,14.23,45.309,37.93,0.09,318.64
42.031,3.23671,2026-04-14T18:59:00Z,14.19,45.265,37.932,0.08,318.64
42.031,3.23671,2026-04-14T20:00:00Z,14.17,45.245,37.936,0.08,318.37
42.031,3.23671,2026-04-14T21:00:00Z,14.13,45.212,37.939,0.06,318.29
42.031,3.23671,2026-04-14T22:00:00Z,14.13,45.212,37.942,0.06,318.13
42.031,3.23671,2026-04-14T23:00:00Z,14.12,45.203,37.943,0.05,317.83
42.031,3.23671,2026-04-15T00:00:00Z,14.26,45.32,37.911,0.11,317.17
42.031,3.23671,2026-04-15T01:09:00Z,14.27,45.316,37.904,0.09,317.08
42.031,3.23671,2026-04-15T02:12:00Z,14.27,45.313,37.903,0.11,316.69
42.031,3.23671,2026-04-15T03:15:00Z,14.19,45.255,37.918,0.02,316.87
42.031,3.23671,2026-04-15T04:18:00Z,14.13,45.204,37.93,0.02,316.87
42.031,3.23671,2026-04-15T05:21:00Z,14.16,45.218,37.916,0.08,316.57
42.031,3.23671,2026-04-15T06:24:00Z,14.24,45.286,37.907,0.12,316.79
42.031,3.23671,2026-04-15T07:27:00Z,14.35,45.39,37.893,0.07,316.45
42.031,3.23671,2026-04-15T08:30:00Z,14.51,45.547,37.883,0.06,316.87
42.031,3.23671,2026-04-15T09:33:00Z,14.69,45.726,37.877,0.03,316.85
42.031,3.23671,2026-04-15T10:35:00Z,14.86,45.916,37.887,0.03,316.39
42.031,3.23671,2026-04-15T11:38:00Z,14.76,45.82,37.893,0.1,316.73
42.031,3.23671,2026-04-15T12:41:00Z,14.73,45.786,37.891,0.08,316.92
42.031,3.23671,2026-04-15T13:44:00Z,14.75,45.805,37.887,0.05,316.68
42.031,3.23671,2026-04-15T14:47:00Z,14.69,45.738,37.887,0.04,316.49
42.031,3.23671,2026-04-15T15:50:00Z,14.58,45.623,37.887,0.12,316.95
42.031,3.23671,2026-04-15T16:53:00Z,15.06,45.999,37.762,0.09,316.64
42.031,3.23671,2026-04-15T17:56:00Z,15.06,45.961,37.733,0.09,317.11
42.031,3.23671,2026-04-15T18:59:00Z,15.03,42.705,34.777,0.51,315.7
42.031,3.23671,2026-04-15T20:00:00Z,15.37,44.978,36.538,0.35,315.45
42.031,3.23671,2026-04-15T21:00:00Z,15.1,43.855,35.757,0.4,314.24
42.031,3.23671,2026-04-15T22:00:00Z,15.04,44.93,36.798,0.25,315.32
42.031,3.23671,2026-04-15T23:00:00Z,14.81,44.842,36.94,0.22,315.49
42.031,3.23671,2026-04-16T00:00:00Z,14.7,45.091,37.271,0.18,315.56
42.031,3.23671,2026-04-16T01:09:00Z,14.6,45.218,37.491,0.07,316.26
42.031,3.23671,2026-04-16T02:12:00Z,14.42,45.451,37.876,0.14,317.39
42.031,3.23671,2026-04-16T03:15:00Z,14.42,45.428,37.863,0.05,317.2
42.031,3.23671,2026-04-16T04:18:00Z,14.37,45.391,37.878,0.11,317.12
42.031,3.23671,2026-04-16T05:21:00Z,14.34,45.373,37.886,0.09,317.27
42.031,3.23671,2026-04-16T06:24:00Z,14.34,45.379,37.887,0.04,317.51
42.031,3.23671,2026-04-16T07:27:00Z,14.39,45.429,37.884,0.03,317.27
42.031,3.23671,2026-04-16T08:30:00Z,14.46,45.498,37.885,0.02,317.27
42.031,3.23671,2026-04-16T09:33:00Z,14.65,45.701,37.884,0.06,316.83
42.031,3.23671,2026-04-16T10:36:00Z,15.02,46.089,37.886,0.07,316.79
42.031,3.23671,2026-04-16T11:39:00Z,15.16,46.242,37.889,0.13,316.52
42.031,3.23671,2026-04-16T12:42:00Z,15.01,46.081,37.886,0.09,317.39
42.031,3.23671,2026-04-16T13:45:00Z,15.21,46.285,37.88,0.04,316.93
42.031,3.23671,2026-04-16T14:48:00Z,15.07,46.15,37.895,0.08,317.33
42.031,3.23671,2026-04-16T15:51:00Z,15.03,46.114,37.902,0.05,317.8
42.031,3.23671,2026-04-16T16:54:00Z,14.78,45.866,37.91,0.08,318.6
42.031,3.23671,2026-04-16T17:57:00Z,14.52,45.582,37.907,0.09,318.83
42.031,3.23671,2026-04-16T18:59:00Z,14.62,45.692,37.907,0.05,318.18
42.031,3.23671,2026-04-16T20:00:00Z,15.47,44.251,35.784,0.51,316.64
42.031,3.23671,2026-04-16T21:00:00Z,15.65,43.999,35.392,0.95,318.43
42.031,3.23671,2026-04-16T22:00:00Z,15.48,44.214,35.74,0.56,315.16
42.031,3.23671,2026-04-16T23:00:00Z,15.11,44.078,35.955,0.41,315.11
42.031,3.23671,2026-04-17T00:00:00Z,15.04,45.357,37.191,0.14,317.04
42.031,3.23671,2026-04-17T01:09:00Z,14.94,45.248,37.188,0.18,316.85
42.031,3.23671,2026-04-17T02:12:00Z,14.91,45.619,37.557,0.16,317.39
42.031,3.23671,2026-04-17T03:15:00Z,14.68,45.288,37.47,0.14,316.44
42.031,3.23671,2026-04-17T04:18:00Z,14.52,45.295,37.634,0.07,316.88
42.031,3.23671,2026-04-17T05:21:00Z,14.51,45.421,37.761,0.03,316.79
42.031,3.23671,2026-04-17T06:24:00Z,14.49,45.455,37.814,0.03,316.66
42.031,3.23671,2026-04-17T07:27:00Z,14.67,45.73,37.891,0.09,317.72
42.031,3.23671,2026-04-17T08:30:00Z,15.07,46.122,37.867,0.03,317.85
42.031,3.23671,2026-04-17T09:33:00Z,15.48,46.579,37.891,0.01,316.8
42.031,3.23671,2026-04-17T10:36:00Z,16.13,47.189,37.823,0.06,315.07
42.031,3.23671,2026-04-17T11:39:00Z,15.34,46.364,37.834,0.09,316.73
42.031,3.23671,2026-04-17T12:42:00Z,15.49,46.509,37.818,0.16,315.7
42.031,3.23671,2026-04-17T13:45:00Z,15.65,46.677,37.813,0.12,315.06
42.031,3.23671,2026-04-17T14:48:00Z,16.16,47.254,37.847,0.14,315.17
42.031,3.23671,2026-04-17T15:51:00Z,16.02,47.122,37.869,0.16,316.27
42.031,3.23671,2026-04-17T16:54:00Z,15.32,46.38,37.859,0.07,319.02
42.031,3.23671,2026-04-17T17:57:00Z,15.19,46.245,37.867,0.15,319.7
42.031,3.23671,2026-04-17T19:00:00Z,15.34,46.257,37.732,0.11,319.99
42.031,3.23671,2026-04-17T20:00:00Z,15.15,40.121,32.34,0.9,320.14
42.031,3.23671,2026-04-17T21:00:00Z,16.1,45.461,36.298,0.37,315.11
42.031,3.23671,2026-04-17T22:00:00Z,16.19,44.64,35.478,0.54,314.1
42.031,3.23671,2026-04-17T23:00:00Z,16.17,44.613,35.479,0.48,313.19
42.031,3.23671,2026-04-18T00:00:00Z,15.97,45.301,36.276,0.28,315.2
42.031,3.23671,2026-04-18T01:09:00Z,15.66,45.456,36.703,0.26,315.85
42.031,3.23671,2026-04-18T02:12:00Z,15.42,45.634,37.087,0.16,316.14
42.031,3.23671,2026-04-18T03:15:00Z,15.26,45.816,37.401,0.09,316.48
42.031,3.23671,2026-04-18T04:18:00Z,15.17,45.701,37.381,0.1,316.2
42.031,3.23671,2026-04-18T05:21:00Z,15.03,45.673,37.497,0.06,316.62
42.031,3.23671,2026-04-18T06:24:00Z,14.9,45.709,37.651,0.04,317.79
42.031,3.23671,2026-04-18T07:27:00Z,14.91,45.753,37.681,0.07,317.56
42.031,3.23671,2026-04-18T08:30:00Z,15.26,46.33,37.878,0.04,317.77
42.031,3.23671,2026-04-18T09:33:00Z,15.76,46.837,37.853,0.1,317.2
42.031,3.23671,2026-04-18T10:36:00Z,15.93,47.048,37.88,0.07,316.85
42.031,3.23671,2026-04-18T11:39:00Z,16.23,47.326,37.845,0.09,317.1
42.031,3.23671,2026-04-18T12:42:00Z,16.79,47.979,37.9,0.15,316.02
42.031,3.23671,2026-04-18T13:45:00Z,15.89,47.012,37.892,0.08,318.11
42.031,3.23671,2026-04-18T14:48:00Z,15.7,46.813,37.89,0.06,318.19
42.031,3.23671,2026-04-18T15:51:00Z,15.77,46.875,37.879,0.08,318.26
42.031,3.23671,2026-04-18T16:54:00Z,15.85,46.954,37.874,0.05,317.64
42.031,3.23671,2026-04-18T17:57:00Z,15.67,46.746,37.858,0.03,319.08
42.031,3.23671,2026-04-18T19:00:00Z,15.57,46.161,37.425,0.14,319.39
42.031,3.23671,2026-04-18T20:00:00Z,16.35,44.718,35.404,0.74,318.01
42.031,3.23671,2026-04-18T21:00:00Z,16.15,44.94,35.782,0.55,315.77
42.031,3.23671,2026-04-18T22:00:00Z,15.99,45.339,36.292,0.37,315.91
42.031,3.23671,2026-04-18T23:00:00Z,15.82,45.925,36.974,0.26,317.45
42.031,3.23671,2026-04-19T00:00:00Z,15.57,45.93,37.21,0.17,317.67
42.031,3.23671,2026-04-19T01:09:00Z,15.39,46.185,37.615,0.09,318.54
42.031,3.23671,2026-04-19T02:12:00Z,15.26,46.148,37.708,0.07,318.24
42.031,3.23671,2026-04-19T03:15:00Z,15.26,46.201,37.759,0.03,318.73
42.031,3.23671,2026-04-19T04:18:00Z,15.26,46.216,37.767,0.09,319.24
42.031,3.23671,2026-04-19T05:21:00Z,15.3,46.267,37.78,0.04,318.91
42.031,3.23671,2026-04-19T06:24:00Z,15.36,46.364,37.806,0.04,317.14
42.031,3.23671,2026-04-19T07:27:00Z,15.4,46.393,37.802,0.03,317.7
42.031,3.23671,2026-04-19T08:30:00Z,15.64,46.643,37.792,0.02,317.58
42.031,3.23671,2026-04-19T09:33:00Z,15.58,46.58,37.799,0.07,317.27
42.031,3.23671,2026-04-19T10:36:00Z,15.96,46.986,37.798,0.11,317.27
42.031,3.23671,2026-04-19T11:39:00Z,15.99,47.049,37.827,0.12,317.72
42.031,3.23671,2026-04-19T12:42:00Z,15.89,46.946,37.83,0.15,318.77
42.031,3.23671,2026-04-19T13:45:00Z,16.05,47.109,37.827,0.08,317.45
42.031,3.23671,2026-04-19T14:48:00Z,16.11,47.195,37.846,0.07,317.0
42.031,3.23671,2026-04-19T15:51:00Z,16.19,47.278,37.844,0.06,316.98
42.031,3.23671,2026-04-19T16:54:00Z,16.29,47.313,37.776,0.08,317.22
42.031,3.23671,2026-04-19T17:57:00Z,16.04,47.084,37.815,0.1,317.95
42.031,3.23671,2026-04-19T19:00:00Z,15.77,46.388,37.443,0.17,320.14
42.031,3.23671,2026-04-19T20:00:00Z,15.82,46.346,37.352,0.22,320.69
42.031,3.23671,2026-04-19T21:00:00Z,16.14,45.719,36.492,0.32,317.35
42.031,3.23671,2026-04-19T22:00:00Z,15.94,46.408,37.299,0.22,320.42
42.031,3.23671,2026-04-19T23:00:00Z,15.78,46.298,37.347,0.18,319.75
42.031,3.23671,2026-04-20T00:00:00Z,15.58,46.206,37.455,0.14,319.5
42.031,3.23671,2026-04-20T01:09:00Z,15.42,46.228,37.625,0.04,319.79
42.031,3.23671,2026-04-20T02:12:00Z,15.51,46.387,37.687,0.03,319.02
42.031,3.23671,2026-04-20T03:15:00Z,15.48,46.34,37.669,0.07,316.36
42.031,3.23671,2026-04-20T04:18:00Z,15.43,46.188,37.579,0.03,316.69
42.031,3.23671,2026-04-20T05:21:00Z,15.19,45.697,37.363,0.44,317.18
42.031,3.23671,2026-04-20T06:24:00Z,15.37,46.09,37.552,0.04,317.87
42.031,3.23671,2026-04-20T07:27:00Z,15.46,46.2,37.566,0.06,317.91
42.031,3.23671,2026-04-20T08:30:00Z,15.73,46.49,37.566,0.12,318.72
42.031,3.23671,2026-04-20T09:33:00Z,15.81,46.59,37.584,0.13,318.63
42.031,3.23671,2026-04-20T10:34:00Z,15.98,46.798,37.608,0.11,318.48
42.031,3.23671,2026-04-20T11:37:00Z,16.09,46.852,37.559,0.16,318.52
42.031,3.23671,2026-04-20T12:40:00Z,16.09,46.905,37.599,0.11,318.5
42.031,3.23671,2026-04-20T13:43:00Z,16.2,46.952,37.546,0.14,317.87
42.031,3.23671,2026-04-20T14:46:00Z,15.92,46.766,37.637,0.1,319.16
42.031,3.23671,2026-04-20T15:49:00Z,15.8,46.694,37.685,0.07,319.89
42.031,3.23671,2026-04-20T16:52:00Z,15.76,46.83,37.853,0.15,319.04
42.031,3.23671,2026-04-20T17:55:00Z,15.81,46.829,37.802,0.07,318.2
42.031,3.23671,2026-04-20T18:58:00Z,16.48,45.332,35.838,0.47,315.61
42.031,3.23671,2026-04-20T20:00:00Z,16.54,44.597,35.137,0.47,316.07
42.031,3.23671,2026-04-20T21:00:00Z,16.35,45.8,36.369,0.3,316.44
42.031,3.23671,2026-04-20T22:00:00Z,16.33,45.665,36.265,0.36,316.23
42.031,3.23671,2026-04-20T23:00:00Z,16.25,45.538,36.228,0.35,316.17
42.031,3.23671,2026-04-21T00:00:00Z,16.17,46.213,36.906,0.26,317.98
42.031,3.23671,2026-04-21T01:09:00Z,15.99,45.999,36.884,0.26,317.13
42.031,3.23671,2026-04-21T02:12:00Z,16.0,45.947,36.827,0.24,316.22
42.031,3.23671,2026-04-21T03:15:00Z,15.64,46.175,37.368,0.17,318.25
42.031,3.23671,2026-04-21T04:18:00Z,15.59,46.28,37.511,0.12,318.86
42.031,3.23671,2026-04-21T05:21:00Z,15.52,46.372,37.662,0.05,320.08
42.031,3.23671,2026-04-21T06:24:00Z,15.42,46.366,37.751,0.03,320.73
42.031,3.23671,2026-04-21T07:27:00Z,15.41,46.326,37.73,0.09,321.26
42.031,3.23671,2026-04-21T08:30:00Z,15.64,46.518,37.68,0.45,319.89
42.031,3.23671,2026-04-21T09:33:00Z,15.72,46.609,37.685,0.48,320.45
42.031,3.23671,2026-04-21T10:36:00Z,15.7,46.624,37.718,0.59,321.51
42.031,3.23671,2026-04-21T11:39:00Z,15.73,46.673,37.733,0.06,321.27
42.031,3.23671,2026-04-21T12:42:00Z,15.94,46.894,37.735,0.08,320.56
42.031,3.23671,2026-04-21T13:45:00Z,16.04,47.015,37.748,0.15,321.38
42.031,3.23671,2026-04-21T14:48:00Z,16.19,47.189,37.767,0.11,321.64
42.031,3.23671,2026-04-21T15:51:00Z,16.19,47.182,37.761,0.13,321.08
42.031,3.23671,2026-04-21T16:54:00Z,15.95,46.934,37.766,0.15,320.88
42.031,3.23671,2026-04-21T17:57:00Z,15.84,46.722,37.68,0.13,319.06
42.031,3.23671,2026-04-21T19:00:00Z,15.74,46.69,37.746,0.07,318.77
42.031,3.23671,2026-04-21T20:00:00Z,15.66,46.629,37.76,0.05,319.25
42.031,3.23671,2026-04-21T21:00:00Z,16.26,42.822,33.805,0.67,310.51
42.031,3.23671,2026-04-21T22:00:00Z,16.64,43.383,33.977,0.66,316.38
42.031,3.23671,2026-04-21T23:00:00Z,16.58,43.775,34.377,0.64,319.56
42.031,3.23671,2026-04-22T00:00:00Z,16.05,46.143,36.953,0.21,319.2
42.031,3.23671,2026-04-22T01:09:00Z,15.76,46.49,37.541,0.06,319.69
42.031,3.23671,2026-04-22T02:12:00Z,15.43,46.177,37.577,0.03,318.37
42.031,3.23671,2026-04-22T03:15:00Z,15.79,46.784,37.776,0.11,318.48
42.031,3.23671,2026-04-22T04:18:00Z,15.82,46.779,37.749,0.05,317.04
42.031,3.23671,2026-04-22T05:21:00Z,15.95,46.959,37.787,0.05,316.74
42.031,3.23671,2026-04-22T06:24:00Z,15.88,46.872,37.771,0.16,316.25
42.031,3.23671,2026-04-22T07:27:00Z,15.75,46.658,37.699,0.02,316.7
42.031,3.23671,2026-04-22T08:30:00Z,15.82,46.821,37.781,0.05,318.14
42.031,3.23671,2026-04-22T09:33:00Z,15.95,47.035,37.855,0.07,319.27
42.031,3.23671,2026-04-22T10:36:00Z,15.86,46.944,37.858,0.02,319.12
42.031,3.23671,2026-04-22T11:39:00Z,15.88,46.98,37.869,0.06,319.2
42.031,3.23671,2026-04-22T12:42:00Z,15.84,46.969,37.9,0.04,318.97
42.031,3.23671,2026-04-22T13:45:00Z,15.67,46.818,37.928,0.03,319.27
42.031,3.23671,2026-04-22T14:48:00Z,15.73,46.899,37.94,0.03,319.02
42.031,3.23671,2026-04-22T15:51:00Z,15.75,46.908,37.931,0.04,318.58
42.031,3.23671,2026-04-22T16:54:00Z,15.73,46.867,37.909,0.07,319.44
42.031,3.23671,2026-04-22T17:57:00Z,15.76,46.881,37.9,0.03,319.33
42.031,3.23671,2026-04-22T19:00:00Z,15.68,46.783,37.885,0.05,320.74
42.031,3.23671,2026-04-22T20:00:00Z,15.62,46.729,37.892,0.03,320.95
42.031,3.23671,2026-04-22T21:00:00Z,15.52,46.68,37.942,0.03,319.63
42.031,3.23671,2026-04-22T22:00:00Z,15.41,46.585,37.964,0.03,319.94
42.031,3.23671,2026-04-22T23:00:00Z,15.38,46.594,37.999,0.06,319.04
42.031,3.23671,2026-04-23T00:00:00Z,15.25,46.451,37.993,0.02,319.95
42.031,3.23671,2026-04-23T01:08:00Z,15.22,46.404,37.979,0.03,319.87
42.031,3.23671,2026-04-23T02:11:00Z,15.17,46.319,37.954,0.0,319.81
42.031,3.23671,2026-04-23T03:14:00Z,15.19,46.327,37.946,0.07,319.77
42.031,3.23671,2026-04-23T04:17:00Z,15.17,46.299,37.938,0.04,319.49
42.031,3.23671,2026-04-23T05:20:00Z,15.13,46.246,37.927,0.0,319.83
42.031,3.23671,2026-04-23T06:23:00Z,15.32,46.447,37.923,0.01,320.04
42.031,3.23671,2026-04-23T07:26:00Z,15.43,46.561,37.922,0.03,320.1
42.031,3.23671,2026-04-23T08:29:00Z,15.6,46.735,37.917,0.06,319.82
42.031,3.23671,2026-04-23T09:32:00Z,15.67,46.821,37.929,0.03,319.98
42.031,3.23671,2026-04-23T10:35:00Z,15.91,47.035,37.893,0.08,320.08
42.031,3.23671,2026-04-23T11:38:00Z,16.12,47.244,37.875,0.05,320.39
42.031,3.23671,2026-04-23T12:41:00Z,16.13,47.244,37.87,0.09,321.06
42.031,3.23671,2026-04-23T13:44:00Z,16.25,47.387,37.88,0.1,319.81
42.031,3.23671,2026-04-23T14:47:00Z,16.14,47.281,37.892,0.11,320.82
42.031,3.23671,2026-04-23T15:50:00Z,16.15,47.307,37.91,0.1,320.79
42.031,3.23671,2026-04-23T16:53:00Z,16.11,47.278,37.915,0.09,321.08
42.031,3.23671,2026-04-23T17:56:00Z,16.22,47.371,37.902,0.06,320.85
42.031,3.23671,2026-04-23T18:59:00Z,16.28,47.416,37.88,0.11,321.01
42.031,3.23671,2026-04-23T20:00:00Z,16.17,47.271,37.859,0.11,322.55
42.031,3.23671,2026-04-23T21:00:00Z,16.24,47.352,37.862,0.09,320.92
42.031,3.23671,2026-04-23T22:00:00Z,16.19,47.292,37.857,0.35,321.2
42.031,3.23671,2026-04-23T23:00:00Z,16.17,47.272,37.853,0.07,320.95
42.031,3.23671,2026-04-24T00:00:00Z,16.16,47.189,37.793,0.1,320.1
42.031,3.23671,2026-04-24T01:08:00Z,16.13,47.214,37.843,0.08,320.93
42.031,3.23671,2026-04-24T02:11:00Z,16.01,47.036,37.797,0.11,320.58
42.031,3.23671,2026-04-24T03:14:00Z,16.16,47.193,37.797,0.09,320.06
42.031,3.23671,2026-04-24T04:17:00Z,16.23,47.176,37.717,0.18,319.08
42.031,3.23671,2026-04-24T05:20:00Z,16.24,47.248,37.768,0.11,319.27
42.031,3.23671,2026-04-24T06:23:00Z,16.18,47.161,37.746,0.14,320.77
42.031,3.23671,2026-04-24T07:26:00Z,16.21,47.173,37.727,0.12,321.22
42.031,3.23671,2026-04-24T08:29:00Z,16.46,47.399,37.691,0.22,320.48
42.031,3.23671,2026-04-24T09:32:00Z,16.63,47.559,37.678,0.26,320.19
42.031,3.23671,2026-04-24T10:35:00Z,16.69,47.664,37.712,0.17,320.2
42.031,3.23671,2026-04-24T11:38:00Z,16.71,47.762,37.784,0.12,320.2
42.031,3.23671,2026-04-24T12:41:00Z,16.6,47.681,37.814,0.09,321.14
42.031,3.23671,2026-04-24T13:44:00Z,16.57,47.646,37.807,0.12,321.64
42.031,3.23671,2026-04-24T14:47:00Z,16.58,47.644,37.799,0.14,321.11
42.031,3.23671,2026-04-24T15:50:00Z,16.48,47.548,37.811,0.44,321.89
42.031,3.23671,2026-04-24T16:53:00Z,16.49,47.558,37.809,0.14,321.54
42.031,3.23671,2026-04-24T17:56:00Z,16.49,47.453,37.718,0.19,320.7
42.031,3.23671,2026-04-24T18:59:00Z,16.37,47.319,37.714,0.2,321.77
42.031,3.23671,2026-04-24T20:00:00Z,16.25,47.228,37.741,0.18,322.32
42.031,3.23671,2026-04-24T21:00:00Z,16.25,47.163,37.683,0.19,321.54
42.031,3.23671,2026-04-24T22:00:00Z,15.58,34.198,26.779,1.84,321.6
42.031,3.23671,2026-04-24T23:00:00Z,16.15,41.371,32.62,1.33,318.45
42.031,3.23671,2026-04-25T00:00:00Z,16.35,45.102,35.75,0.72,318.04
42.031,3.23671,2026-04-25T01:09:00Z,15.95,44.191,35.292,0.71,314.52
42.031,3.23671,2026-04-25T02:12:00Z,16.15,46.178,36.893,0.42,316.69
42.031,3.23671,2026-04-25T03:14:00Z,16.17,46.677,37.324,0.37,318.66
42.031,3.23671,2026-04-25T04:17:00Z,15.86,46.412,37.377,0.24,317.95
42.031,3.23671,2026-04-25T05:20:00Z,15.96,46.746,37.583,0.17,318.52
42.031,3.23671,2026-04-25T06:23:00Z,15.78,46.644,37.66,0.14,319.6
42.031,3.23671,2026-04-25T07:26:00Z,15.84,46.813,37.759,0.24,320.35
42.031,3.23671,2026-04-25T08:29:00Z,15.99,46.851,37.651,0.18,320.35
42.031,3.23671,2026-04-25T09:32:00Z,16.17,47.009,37.622,0.28,320.51
42.031,3.23671,2026-04-25T10:35:00Z,16.55,47.375,37.592,0.2,319.7
42.031,3.23671,2026-04-25T11:38:00Z,16.57,47.422,37.61,0.3,319.29
42.031,3.23671,2026-04-25T12:41:00Z,16.79,47.806,37.743,0.15,319.33
42.031,3.23671,2026-04-25T13:44:00Z,16.57,47.608,37.773,0.46,319.64
42.031,3.23671,2026-04-25T14:47:00Z,16.42,47.515,37.837,0.62,318.95
42.031,3.23671,2026-04-25T15:50:00Z,16.26,47.244,37.743,0.3,320.14
42.031,3.23671,2026-04-25T16:53:00Z,16.26,47.049,37.576,0.19,321.73
42.031,3.23671,2026-04-25T17:56:00Z,16.38,46.988,37.406,1.1,322.54
42.031,3.23671,2026-04-25T18:59:00Z,17.07,41.361,31.868,2.68,320.39
42.031,3.23671,2026-04-25T20:00:00Z,16.81,42.258,32.855,1.76,322.7
42.031,3.23671,2026-04-25T21:00:00Z,16.95,43.423,33.75,1.68,317.83
42.031,3.23671,2026-04-25T22:00:00Z,16.94,44.755,34.924,1.12,318.11
42.031,3.23671,2026-04-25T23:00:00Z,16.5,45.556,36.018,3.86,316.51
42.031,3.23671,2026-04-26T00:00:00Z,16.18,46.673,37.311,2.45,322.25
42.031,3.23671,2026-04-26T01:09:00Z,16.06,46.067,36.88,0.26,319.57
42.031,3.23671,2026-04-26T02:12:00Z,16.15,46.754,37.413,0.23,321.41
42.031,3.23671,2026-04-26T03:15:00Z,16.16,46.794,37.438,0.16,321.11
42.031,3.23671,2026-04-26T04:18:00Z,16.03,46.63,37.412,0.22,320.27
42.031,3.23671,2026-04-26T05:21:00Z,16.01,46.599,37.399,0.12,319.2
42.031,3.23671,2026-04-26T06:24:00Z,16.03,46.723,37.499,0.18,319.35
42.031,3.23671,2026-04-26T07:27:00Z,16.07,46.789,37.512,0.21,320.31
42.031,3.23671,2026-04-26T08:30:00Z,16.28,47.03,37.534,1.25,320.74
42.031,3.23671,2026-04-26T09:33:00Z,16.25,47.002,37.543,0.16,321.27
42.031,3.23671,2026-04-26T10:36:00Z,16.36,47.075,37.5,2.12,321.64
42.031,3.23671,2026-04-26T11:38:00Z,16.45,47.206,37.528,0.22,321.8
42.031,3.23671,2026-04-26T12:41:00Z,16.85,47.395,37.329,0.31,320.0
42.031,3.23671,2026-04-26T13:44:00Z,17.05,47.152,36.928,0.36,320.14
42.031,3.23671,2026-04-26T14:47:00Z,16.93,47.06,36.958,0.32,321.61
42.031,3.23671,2026-04-26T15:50:00Z,16.86,47.089,37.043,0.3,322.14
42.031,3.23671,2026-04-26T16:53:00Z,16.85,47.041,37.014,0.43,322.68
42.031,3.23671,2026-04-26T17:56:00Z,16.79,47.17,37.18,0.27,323.12
42.031,3.23671,2026-04-26T18:59:00Z,16.8,47.205,37.205,0.28,322.87
42.031,3.23671,2026-04-26T20:00:00Z,16.92,45.256,35.375,0.57,321.02
42.031,3.23671,2026-04-26T21:00:00Z,16.81,45.321,35.528,0.52,321.41
42.031,3.23671,2026-04-26T22:00:00Z,16.76,42.613,33.205,0.79,324.75
42.031,3.23671,2026-04-26T23:00:00Z,16.67,42.99,33.61,0.66,318.01
42.031,3.23671,2026-04-27T00:00:00Z,16.57,47.082,37.31,0.26,323.73
42.031,3.23671,2026-04-27T01:09:00Z,16.38,45.677,36.234,0.33,319.42
42.031,3.23671,2026-04-27T02:12:00Z,16.26,46.066,36.686,0.38,320.66
42.031,3.23671,2026-04-27T03:15:00Z,16.26,46.343,36.938,0.27,319.73
42.031,3.23671,2026-04-27T04:18:00Z,16.18,46.114,36.811,0.21,319.22
42.031,3.23671,2026-04-27T05:21:00Z,16.05,45.948,36.776,0.28,317.83
42.031,3.23671,2026-04-27T06:24:00Z,16.0,45.951,36.826,0.26,318.08
42.031,3.23671,2026-04-27T07:27:00Z,16.08,46.221,36.992,0.18,319.01
42.031,3.23671,2026-04-27T08:30:00Z,16.32,46.608,37.12,1.02,318.97
42.031,3.23671,2026-04-27T09:33:00Z,17.03,47.355,37.126,0.22,318.67
42.031,3.23671,2026-04-27T10:36:00Z,16.51,46.917,37.219,0.26,321.52
42.031,3.23671,2026-04-27T11:39:00Z,16.49,47.046,37.349,0.25,321.43
42.031,3.23671,2026-04-27T12:42:00Z,16.66,47.24,37.361,0.28,321.06
42.031,3.23671,2026-04-27T13:45:00Z,16.72,47.424,37.474,0.3,320.64
42.031,3.23671,2026-04-27T14:48:00Z,16.84,47.573,37.491,0.23,320.75
42.031,3.23671,2026-04-27T15:51:00Z,16.72,47.616,37.644,0.15,321.19
42.031,3.23671,2026-04-27T16:54:00Z,16.87,47.885,37.741,0.18,318.93
42.031,3.23671,2026-04-27T17:57:00Z,16.69,47.687,37.738,0.12,319.61
42.031,3.23671,2026-04-27T18:59:00Z,16.6,47.6,37.739,0.11,319.0
42.031,3.23671,2026-04-27T20:00:00Z,16.56,47.558,37.74,0.16,320.27
42.031,3.23671,2026-04-27T21:00:00Z,16.58,47.468,37.644,0.13,319.37
42.031,3.23671,2026-04-27T22:00:00Z,16.61,47.562,37.7,0.11,317.85
42.031,3.23671,2026-04-27T23:00:00Z,16.47,47.35,37.64,0.12,318.77
42.031,3.23671,2026-04-28T00:00:00Z,16.42,47.236,37.592,0.15,317.88
42.031,3.23671,2026-04-28T01:09:00Z,16.38,47.157,37.558,0.18,319.95
42.031,3.23671,2026-04-28T02:12:00Z,16.46,46.389,36.798,0.33,320.56
42.031,3.23671,2026-04-28T03:15:00Z,16.3,45.07,35.769,0.38,318.5
42.031,3.23671,2026-04-28T04:18:00Z,16.35,46.226,36.754,0.23,318.08
42.031,3.23671,2026-04-28T05:21:00Z,16.44,46.802,37.176,0.3,318.97
42.031,3.23671,2026-04-28T06:24:00Z,16.48,47.233,37.525,0.13,319.99
42.031,3.23671,2026-04-28T07:27:00Z,16.53,47.367,37.598,0.19,320.31
42.031,3.23671,2026-04-28T08:30:00Z,16.6,47.53,37.675,0.17,321.74
42.031,3.23671,2026-04-28T09:33:00Z,16.77,47.674,37.645,0.13,321.2
42.031,3.23671,2026-04-28T10:36:00Z,16.9,47.776,37.617,0.17,321.41
42.031,3.23671,2026-04-28T11:39:00Z,17.15,48.09,37.659,0.23,319.85
42.031,3.23671,2026-04-28T12:42:00Z,17.04,48.148,37.81,0.12,318.18
42.031,3.23671,2026-04-28T13:45:00Z,16.91,48.023,37.822,0.11,318.66
42.031,3.23671,2026-04-28T14:48:00Z,16.97,48.073,37.817,0.12,318.45
42.031,3.23671,2026-04-28T15:51:00Z,17.02,48.134,37.82,0.15,318.01
42.031,3.23671,2026-04-28T16:54:00Z,16.9,48.026,37.833,0.11,318.58
42.031,3.23671,2026-04-28T17:57:00Z,16.86,47.985,37.841,0.1,318.27
42.031,3.23671,2026-04-28T19:00:00Z,16.99,47.999,37.726,0.13,316.95
42.031,3.23671,2026-04-28T20:00:00Z,16.86,47.824,37.7,0.13,318.08
42.031,3.23671,2026-04-28T21:00:00Z,16.79,47.555,37.522,0.22,319.95
42.031,3.23671,2026-04-28T22:00:00Z,16.84,47.588,37.504,0.21,319.45
42.031,3.23671,2026-04-28T23:00:00Z,16.83,47.506,37.443,0.21,319.97
42.031,3.23671,2026-04-29T00:00:00Z,17.05,47.303,37.06,0.31,318.23
42.031,3.23671,2026-04-29T01:09:00Z,17.06,47.313,37.058,0.28,317.76
42.031,3.23671,2026-04-29T02:12:00Z,16.87,47.653,37.535,0.16,317.88
42.031,3.23671,2026-04-29T03:15:00Z,16.91,47.52,37.384,0.25,318.12
42.031,3.23671,2026-04-29T04:18:00Z,16.76,47.393,37.405,0.17,316.52
42.031,3.23671,2026-04-29T05:21:00Z,16.74,47.522,37.542,0.16,316.52
42.031,3.23671,2026-04-29T06:24:00Z,16.74,47.688,37.687,0.08,316.73
42.031,3.23671,2026-04-29T07:27:00Z,16.7,47.724,37.756,0.1,317.55
42.031,3.23671,2026-04-29T08:30:00Z,16.77,47.812,37.769,0.07,317.47
42.031,3.23671,2026-04-29T09:33:00Z,16.82,47.905,37.804,0.06,317.51
42.031,3.23671,2026-04-29T10:36:00Z,17.07,48.113,37.755,0.1,317.62
42.031,3.23671,2026-04-29T11:39:00Z,17.11,48.12,37.726,0.12,319.85
42.031,3.23671,2026-04-29T12:42:00Z,17.35,48.367,37.716,0.16,319.33
42.031,3.23671,2026-04-29T13:45:00Z,17.36,48.406,37.735,0.15,319.5
42.031,3.23671,2026-04-29T14:48:00Z,17.71,48.764,37.726,0.26,318.79
42.031,3.23671,2026-04-29T15:51:00Z,17.74,48.813,37.737,0.2,317.7
42.031,3.23671,2026-04-29T16:54:00Z,17.81,48.918,37.764,0.25,315.97
42.031,3.23671,2026-04-29T17:57:00Z,17.72,48.789,37.74,0.24,315.42
42.031,3.23671,2026-04-29T19:00:00Z,17.55,48.589,37.719,0.3,315.72
42.031,3.23671,2026-04-29T20:00:00Z,17.47,48.491,37.711,0.24,315.73
42.031,3.23671,2026-04-29T21:00:00Z,17.52,48.483,37.658,0.28,316.1
42.031,3.23671,2026-04-29T22:00:00Z,17.48,48.388,37.613,0.23,315.95
42.031,3.23671,2026-04-29T23:00:00Z,17.48,48.368,37.592,0.26,316.3
42.031,3.23671,2026-04-30T00:00:00Z,17.51,48.282,37.492,0.25,313.95
42.031,3.23671,2026-04-30T01:09:00Z,17.22,47.726,37.273,1.24,314.36
42.031,3.23671,2026-04-30T02:12:00Z,17.18,46.168,35.942,0.43,310.68
42.031,3.23671,2026-04-30T03:15:00Z,17.04,46.385,36.26,0.43,311.24
42.031,3.23671,2026-04-30T04:18:00Z,17.05,46.582,36.424,0.54,310.92
42.031,3.23671,2026-04-30T05:21:00Z,16.94,46.411,36.376,0.38,309.32
42.031,3.23671,2026-04-30T06:24:00Z,17.02,47.012,36.833,0.36,312.5
42.031,3.23671,2026-04-30T07:27:00Z,17.15,47.067,36.757,0.41,311.89
42.031,3.23671,2026-04-30T08:30:00Z,17.18,47.65,37.243,0.26,314.86
42.031,3.23671,2026-04-30T09:33:00Z,17.09,47.632,37.314,0.25,315.69
42.031,3.23671,2026-04-30T10:36:00Z,17.0,47.763,37.51,0.22,318.12
42.031,3.23671,2026-04-30T11:39:00Z,17.08,47.863,37.525,0.23,319.8
42.031,3.23671,2026-04-30T12:42:00Z,17.28,48.115,37.562,0.3,320.39
42.031,3.23671,2026-04-30T13:45:00Z,17.42,48.242,37.543,0.28,320.02
42.031,3.23671,2026-04-30T14:48:00Z,17.39,48.219,37.545,0.3,321.02
42.031,3.23671,2026-04-30T15:51:00Z,17.46,48.358,37.605,0.26,320.35
42.031,3.23671,2026-04-30T16:54:00Z,17.54,48.453,37.609,0.28,320.11
42.031,3.23671,2026-04-30T17:57:00Z,17.45,48.423,37.675,0.28,320.04
42.031,3.23671,2026-04-30T19:00:00Z,17.44,48.415,37.671,0.23,319.0
42.031,3.23671,2026-04-30T20:00:00Z,17.39,48.368,37.681,0.38,319.5
42.031,3.23671,2026-04-30T21:00:00Z,17.33,48.327,37.7,0.21,319.58
42.031,3.23671,2026-04-30T22:00:00Z,17.29,48.32,37.729,0.27,319.3
42.031,3.23671,2026-04-30T23:00:00Z,17.31,48.368,37.75,0.28,318.52
42.031,3.23671,2026-05-01T00:00:00Z,17.28,48.342,37.757,0.2,317.69
42.031,3.23671,2026-05-01T01:09:00Z,17.27,48.336,37.761,0.19,317.58
42.031,3.23671,2026-05-01T02:12:00Z,17.36,48.466,37.794,0.34,316.64
42.031,3.23671,2026-05-01T03:15:00Z,17.4,48.494,37.781,0.19,316.41
42.031,3.23671,2026-05-01T04:18:00Z,17.41,48.475,37.753,0.35,315.91
42.031,3.23671,2026-05-01T05:21:00Z,17.42,48.484,37.752,0.23,315.27
42.031,3.23671,2026-05-01T06:24:00Z,17.47,48.543,37.755,0.24,315.23
42.031,3.23671,2026-05-01T07:27:00Z,17.55,48.666,37.793,0.24,315.02
42.031,3.23671,2026-05-01T08:30:00Z,17.62,48.737,37.786,0.26,315.1
42.031,3.23671,2026-05-01T09:33:00Z,17.69,48.79,37.766,0.32,314.86
42.031,3.23671,2026-05-01T10:36:00Z,17.74,48.832,37.757,0.35,315.1
42.031,3.23671,2026-05-01T11:39:00Z,17.84,48.94,37.762,0.28,314.95
42.031,3.23671,2026-05-01T12:42:00Z,17.87,48.981,37.767,0.31,315.13
42.031,3.23671,2026-05-01T13:45:00Z,17.87,48.994,37.779,0.28,315.58
42.031,3.23671,2026-05-01T14:48:00Z,17.9,49.044,37.793,0.26,315.52
42.031,3.23671,2026-05-01T15:51:00Z,17.93,49.071,37.786,0.37,315.95
42.031,3.23671,2026-05-01T16:54:00Z,17.92,49.047,37.777,0.31,316.93
42.031,3.23671,2026-05-01T17:57:00Z,17.8,48.913,37.776,0.34,318.08
42.031,3.23671,2026-05-01T19:00:00Z,17.77,48.899,37.784,0.36,317.6
42.031,3.23671,2026-05-01T20:00:00Z,17.78,48.913,37.791,0.38,316.83
42.031,3.23671,2026-05-01T21:00:00Z,17.85,49.006,37.803,0.38,315.75
42.031,3.23671,2026-05-01T22:00:00Z,17.76,48.843,37.749,0.41,315.95
42.031,3.23671,2026-05-01T23:00:00Z,17.73,47.53,36.634,0.77,307.97
42.031,3.23671,2026-05-02T00:00:00Z,17.65,45.501,34.958,1.17,307.95
42.031,3.23671,2026-05-02T01:09:00Z,17.71,47.026,36.215,0.93,308.51
42.031,3.23671,2026-05-02T02:12:00Z,17.64,46.953,36.217,1.0,307.23
42.031,3.23671,2026-05-02T03:15:00Z,17.61,47.109,36.377,0.92,306.01
42.031,3.23671,2026-05-02T04:18:00Z,17.59,47.515,36.75,1.0,306.56
42.031,3.23671,2026-05-02T05:21:00Z,17.53,47.309,36.628,0.95,305.73
42.031,3.23671,2026-05-02T06:24:00Z,17.5,47.228,36.579,0.91,308.05
42.031,3.23671,2026-05-02T07:27:00Z,17.63,47.512,36.71,0.75,309.68
42.031,3.23671,2026-05-02T08:30:00Z,17.7,47.794,36.891,0.75,310.99
42.031,3.23671,2026-05-02T09:33:00Z,18.01,48.155,36.927,0.71,309.57
42.031,3.23671,2026-05-02T10:36:00Z,17.92,48.777,37.546,0.49,314.68
42.031,3.23671,2026-05-02T11:39:00Z,18.08,48.939,37.533,0.46,314.47
42.031,3.23671,2026-05-02T12:42:00Z,18.14,49.079,37.601,0.47,314.2
42.031,3.23671,2026-05-02T13:45:00Z,18.17,49.167,37.648,0.4,314.56
42.031,3.23671,2026-05-02T14:48:00Z,18.26,49.04,37.454,0.59,313.33
42.031,3.23671,2026-05-02T15:51:00Z,18.18,49.064,37.549,0.52,314.95
42.031,3.23671,2026-05-02T16:54:00Z,18.07,48.942,37.542,0.5,316.72
42.031,3.23671,2026-05-02T17:57:00Z,18.13,48.866,37.425,0.57,317.55
42.031,3.23671,2026-05-02T19:00:00Z,18.07,48.739,37.368,0.77,316.63
42.031,3.23671,2026-05-02T20:00:00Z,17.97,48.535,37.286,0.61,316.52
42.031,3.23671,2026-05-02T21:00:00Z,18.03,48.523,37.225,0.67,315.66
42.031,3.23671,2026-05-02T22:00:00Z,18.0,48.485,37.221,0.59,314.26
42.031,3.23671,2026-05-02T23:00:00Z,17.84,48.552,37.421,0.71,313.95
42.031,3.23671,2026-05-03T00:00:00Z,17.75,48.491,37.456,0.63,314.02
42.031,3.23671,2026-05-03T01:09:00Z,17.63,48.408,37.487,0.57,314.72
42.031,3.23671,2026-05-03T02:12:00Z,17.52,48.34,37.528,0.57,314.83
42.031,3.23671,2026-05-03T03:15:00Z,17.39,48.242,37.563,0.47,315.83
42.031,3.23671,2026-05-03T04:18:00Z,17.41,48.076,37.404,0.8,314.3
42.031,3.23671,2026-05-03T05:21:00Z,17.43,47.635,37.002,0.65,311.89
42.031,3.23671,2026-05-03T06:24:00Z,17.39,48.032,37.381,1.14,315.1
42.031,3.23671,2026-05-03T07:27:00Z,17.28,48.079,37.527,0.46,318.16
42.031,3.23671,2026-05-03T08:30:00Z,17.16,48.098,37.66,0.41,317.67
42.031,3.23671,2026-05-03T09:33:00Z,17.11,48.137,37.737,0.25,317.32
42.031,3.23671,2026-05-03T10:36:00Z,17.11,48.183,37.777,0.27,316.83
42.031,3.23671,2026-05-03T11:39:00Z,17.23,48.301,37.766,0.32,316.23
42.031,3.23671,2026-05-03T12:42:00Z,17.25,48.325,37.768,0.26,316.62
42.031,3.23671,2026-05-03T13:45:00Z,17.34,48.394,37.746,0.38,315.02
42.031,3.23671,2026-05-03T14:48:00Z,17.4,48.488,37.769,0.23,313.83
42.031,3.23671,2026-05-03T15:51:00Z,17.5,48.423,37.623,0.33,314.33
42.031,3.23671,2026-05-03T16:54:00Z,17.43,48.374,37.646,0.31,315.38
42.031,3.23671,2026-05-03T17:57:00Z,17.32,48.302,37.682,0.28,316.06
42.031,3.23671,2026-05-03T19:00:00Z,17.12,48.073,37.667,0.34,317.89
42.031,3.23671,2026-05-03T20:00:00Z,16.92,47.848,37.665,0.19,319.26
42.031,3.23671,2026-05-03T21:00:00Z,16.96,47.9,37.667,0.3,318.37
42.031,3.23671,2026-05-03T22:00:00Z,17.16,47.991,37.557,0.3,315.64
42.031,3.23671,2026-05-03T23:00:00Z,17.16,47.955,37.529,0.33,315.57
42.031,3.23671,2026-05-04T00:00:00Z,17.13,47.885,37.493,0.34,314.88
42.031,3.23671,2026-05-04T01:09:00Z,16.92,45.663,35.731,0.74,311.37
42.031,3.23671,2026-05-04T02:12:00Z,16.82,46.853,36.872,0.39,314.07
42.031,3.23671,2026-05-04T03:15:00Z,17.17,48.107,37.653,0.2,311.6
42.031,3.23671,2026-05-04T04:18:00Z,17.25,48.231,37.693,0.2,312.01
42.031,3.23671,2026-05-04T05:21:00Z,17.22,48.192,37.686,0.21,311.33
42.031,3.23671,2026-05-04T06:24:00Z,17.21,48.177,37.682,0.21,310.6
42.031,3.23671,2026-05-04T07:27:00Z,17.2,48.16,37.674,0.15,310.97
42.031,3.23671,2026-05-04T08:30:00Z,17.26,48.221,37.672,0.2,311.57
42.031,3.23671,2026-05-04T09:33:00Z,17.25,48.215,37.67,0.15,312.27
42.031,3.23671,2026-05-04T10:36:00Z,17.26,48.221,37.671,0.52,312.11
42.031,3.23671,2026-05-04T11:39:00Z,17.31,48.276,37.67,0.18,312.26
42.031,3.23671,2026-05-04T12:42:00Z,17.36,48.326,37.668,0.22,312.19
42.031,3.23671,2026-05-04T13:45:00Z,17.37,48.333,37.671,0.19,312.36
42.031,3.23671,2026-05-04T14:48:00Z,17.35,48.315,37.67,0.22,312.54
42.031,3.23671,2026-05-04T15:51:00Z,17.34,48.301,37.665,0.2,312.27
42.031,3.23671,2026-05-04T16:54:00Z,17.33,48.274,37.653,0.23,312.39
42.031,3.23671,2026-05-04T17:57:00Z,17.33,48.299,37.676,0.18,312.62
42.031,3.23671,2026-05-04T19:00:00Z,17.28,48.269,37.694,0.21,312.91
42.031,3.23671,2026-05-04T20:00:00Z,17.24,48.243,37.711,0.18,312.97
42.031,3.23671,2026-05-04T21:00:00Z,17.18,48.19,37.715,0.19,313.74
42.031,3.23671,2026-05-04T22:00:00Z,17.03,45.66,35.635,1.12,310.79
42.031,3.23671,2026-05-04T23:00:00Z,17.08,47.295,37.02,0.44,311.22
42.031,3.23671,2026-05-05T00:00:00Z,17.07,47.661,37.353,0.31,311.29
42.031,3.23671,2026-05-05T01:08:00Z,17.05,47.83,37.52,0.19,311.7
42.031,3.23671,2026-05-05T02:11:00Z,16.95,47.883,37.668,0.11,314.2
42.031,3.23671,2026-05-05T03:14:00Z,16.91,47.842,37.666,0.28,313.26
42.031,3.23671,2026-05-05T04:17:00Z,16.92,47.852,37.665,0.12,312.69
42.031,3.23671,2026-05-05T05:20:00Z,16.87,47.797,37.66,0.11,312.72
42.031,3.23671,2026-05-05T06:23:00Z,16.46,45.734,36.211,0.4,311.11
42.031,3.23671,2026-05-05T07:26:00Z,16.79,46.623,36.701,0.3,311.76
42.031,3.23671,2026-05-05T08:29:00Z,16.89,47.045,36.979,0.42,313.54
42.031,3.23671,2026-05-05T09:32:00Z,17.16,46.47,36.228,0.62,311.86
42.031,3.23671,2026-05-05T10:35:00Z,17.32,47.031,36.571,0.33,312.29
42.031,3.23671,2026-05-05T11:38:00Z,17.18,48.089,37.634,0.16,315.06
42.031,3.23671,2026-05-05T12:41:00Z,17.06,47.971,37.637,0.15,315.91
42.031,3.23671,2026-05-05T13:44:00Z,17.01,47.902,37.628,0.17,316.94
42.031,3.23671,2026-05-05T14:47:00Z,17.07,47.969,37.629,0.16,316.77
42.031,3.23671,2026-05-05T15:50:00Z,16.99,47.884,37.629,0.16,317.08
42.031,3.23671,2026-05-05T16:53:00Z,16.97,47.874,37.634,0.14,317.27
42.031,3.23671,2026-05-05T17:56:00Z,16.96,47.864,37.635,0.23,316.83
42.031,3.23671,2026-05-05T18:59:00Z,16.96,47.857,37.632,0.24,316.54
42.031,3.23671,2026-05-05T20:00:00Z,16.95,47.854,37.635,0.17,315.81
42.031,3.23671,2026-05-05T21:00:00Z,16.88,47.78,37.641,0.14,315.48
42.031,3.23671,2026-05-05T22:00:00Z,16.8,47.712,37.648,0.14,315.83
42.031,3.23671,2026-05-05T23:00:00Z,16.72,47.634,37.654,0.11,315.31
42.031,3.23671,2026-05-06T00:00:00Z,16.66,47.575,37.661,0.19,314.88
42.031,3.23671,2026-05-06T01:09:00Z,16.62,47.537,37.663,0.08,314.76
42.031,3.23671,2026-05-06T02:11:00Z,16.57,47.475,37.661,0.11,314.57
42.031,3.23671,2026-05-06T03:14:00Z,16.19,45.829,36.543,0.35,309.19
42.031,3.23671,2026-05-06T04:17:00Z,16.11,45.401,36.238,0.38,310.06
42.031,3.23671,2026-05-06T05:20:00Z,16.03,44.716,35.693,0.53,311.57
42.031,3.23671,2026-05-06T06:23:00Z,15.95,43.361,34.556,0.44,312.26
42.031,3.23671,2026-05-06T07:26:00Z,16.26,43.437,34.352,0.54,310.83
42.031,3.23671,2026-05-06T08:29:00Z,16.76,47.495,37.499,0.15,315.58
42.031,3.23671,2026-05-06T09:32:00Z,16.61,47.502,37.643,0.11,314.95
42.031,3.23671,2026-05-06T10:35:00Z,16.7,47.626,37.666,0.07,315.05
42.031,3.23671,2026-05-06T11:38:00Z,16.67,47.626,37.697,0.09,315.1
42.031,3.23671,2026-05-06T12:41:00Z,16.95,47.914,37.69,0.17,317.14
42.031,3.23671,2026-05-06T13:44:00Z,17.42,48.535,37.798,0.24,316.58
42.031,3.23671,2026-05-06T14:47:00Z,17.54,48.692,37.822,0.34,315.35
42.031,3.23671,2026-05-06T15:50:00Z,17.5,48.654,37.821,0.39,315.87
42.031,3.23671,2026-05-06T16:53:00Z,17.43,48.57,37.818,0.34,317.05
42.031,3.23671,2026-05-06T17:56:00Z,17.43,48.492,37.75,0.31,315.37
42.031,3.23671,2026-05-06T18:59:00Z,17.57,48.693,37.796,0.38,314.83
42.031,3.23671,2026-05-06T20:00:00Z,17.65,48.768,37.783,0.3,312.89
42.031,3.23671,2026-05-06T21:00:00Z,17.32,47.571,37.045,0.3,311.58
42.031,3.23671,2026-05-06T22:00:00Z,17.22,47.763,37.308,0.27,312.38
42.031,3.23671,2026-05-06T23:00:00Z,17.31,47.955,37.39,0.38,311.72
42.031,3.23671,2026-05-07T00:00:00Z,17.28,47.925,37.395,0.28,312.05
42.031,3.23671,2026-05-07T01:09:00Z,17.68,48.708,37.706,0.45,310.87
42.031,3.23671,2026-05-07T02:12:00Z,17.33,48.199,37.582,0.31,312.51
42.031,3.23671,2026-05-07T03:15:00Z,17.26,48.105,37.572,0.3,312.27
42.031,3.23671,2026-05-07T04:18:00Z,17.31,48.303,37.695,0.32,312.83
42.031,3.23671,2026-05-07T05:21:00Z,17.19,48.176,37.696,0.28,313.56
42.031,3.23671,2026-05-07T06:24:00Z,17.12,48.07,37.673,0.23,314.08
42.031,3.23671,2026-05-07T07:27:00Z,17.17,48.1,37.652,0.3,313.77
42.031,3.23671,2026-05-07T08:30:00Z,17.35,48.29,37.646,0.28,314.05
42.031,3.23671,2026-05-07T09:32:00Z,17.48,48.34,37.567,0.34,313.02
42.031,3.23671,2026-05-07T10:35:00Z,17.53,48.411,37.583,0.28,313.35
42.031,3.23671,2026-05-07T11:38:00Z,17.71,48.617,37.602,0.33,313.83
42.031,3.23671,2026-05-07T12:41:00Z,17.59,48.564,37.659,0.39,315.6
42.031,3.23671,2026-05-07T13:44:00Z,17.65,48.595,37.632,0.33,314.14
42.031,3.23671,2026-05-07T14:47:00Z,17.85,48.771,37.606,0.28,312.16
42.031,3.23671,2026-05-07T15:50:00Z,17.9,48.813,37.591,0.28,311.7
42.031,3.23671,2026-05-07T16:53:00Z,17.77,48.68,37.598,0.32,312.69
42.031,3.23671,2026-05-07T17:56:00Z,17.77,48.659,37.576,0.33,312.16
42.031,3.23671,2026-05-07T18:59:00Z,17.67,48.6,37.623,0.43,314.77
42.031,3.23671,2026-05-07T20:00:00Z,17.8,48.624,37.522,0.39,316.35
42.031,3.23671,2026-05-07T21:00:00Z,17.89,48.456,37.292,0.41,315.11
42.031,3.23671,2026-05-07T22:00:00Z,17.23,45.186,35.046,0.75,314.23
42.031,3.23671,2026-05-07T23:00:00Z,17.04,42.519,32.892,1.38,315.91
42.031,3.23671,2026-05-08T00:00:00Z,17.46,45.883,35.453,0.81,314.5
42.031,3.23671,2026-05-08T01:09:00Z,17.21,45.262,35.126,1.7,313.6
42.031,3.23671,2026-05-08T02:12:00Z,17.28,46.63,36.26,0.6,313.7
42.031,3.23671,2026-05-08T03:15:00Z,17.05,45.918,35.844,0.86,311.35
42.031,3.23671,2026-05-08T04:18:00Z,17.15,47.871,37.462,1.44,315.32
42.031,3.23671,2026-05-08T05:21:00Z,17.09,47.966,37.607,0.18,309.99
42.031,3.23671,2026-05-08T06:24:00Z,17.07,47.928,37.588,0.13,310.39
42.031,3.23671,2026-05-08T07:27:00Z,17.22,48.048,37.557,0.18,310.77
42.031,3.23671,2026-05-08T08:30:00Z,17.39,48.195,37.527,0.25,311.16
42.031,3.23671,2026-05-08T09:33:00Z,17.56,48.359,37.515,0.24,310.25
42.031,3.23671,2026-05-08T10:36:00Z,17.45,48.257,37.523,0.26,309.73
42.031,3.23671,2026-05-08T11:39:00Z,17.33,48.135,37.529,0.25,310.93
42.031,3.23671,2026-05-08T12:42:00Z,17.37,48.182,37.531,0.27,310.97
42.031,3.23671,2026-05-08T13:45:00Z,17.41,48.226,37.534,0.3,311.27
42.031,3.23671,2026-05-08T14:48:00Z,17.41,48.228,37.537,0.24,312.06
42.031,3.23671,2026-05-08T15:51:00Z,17.36,48.179,37.539,0.23,313.24
42.031,3.23671,2026-05-08T16:54:00Z,17.46,48.3,37.55,0.25,313.72
42.031,3.23671,2026-05-08T17:56:00Z,17.48,48.35,37.582,0.26,315.99
42.031,3.23671,2026-05-08T18:59:00Z,17.49,48.119,37.368,0.33,314.13
42.031,3.23671,2026-05-08T20:00:00Z,17.4,48.132,37.461,0.3,314.22
42.031,3.23671,2026-05-08T21:00:00Z,17.38,48.115,37.464,0.28,313.68
42.031,3.23671,2026-05-08T22:00:00Z,17.32,48.085,37.493,0.26,313.83
42.031,3.23671,2026-05-08T23:00:00Z,17.28,48.041,37.495,0.36,313.95
42.031,3.23671,2026-05-09T00:00:00Z,16.82,43.477,33.904,0.89,315.89
42.031,3.23671,2026-05-09T01:09:00Z,17.04,44.258,34.405,0.73,315.27
42.031,3.23671,2026-05-09T02:12:00Z,17.03,44.615,34.723,0.64,314.52
42.031,3.23671,2026-05-09T03:15:00Z,17.25,46.751,36.395,0.45,313.99
42.031,3.23671,2026-05-09T04:18:00Z,17.2,46.905,36.574,0.6,310.91
42.031,3.23671,2026-05-09T05:21:00Z,16.92,45.973,36.005,0.49,308.25
42.031,3.23671,2026-05-09T06:24:00Z,17.32,48.049,37.464,0.27,312.41
42.031,3.23671,2026-05-09T07:27:00Z,17.21,47.787,37.335,0.34,312.29
42.031,3.23671,2026-05-09T08:30:00Z,17.23,47.802,37.326,0.28,309.72
42.031,3.23671,2026-05-09T09:33:00Z,17.32,47.931,37.361,0.22,310.61
42.031,3.23671,2026-05-09T10:36:00Z,17.46,48.181,37.453,0.24,311.43
42.031,3.23671,2026-05-09T11:39:00Z,17.46,48.194,37.465,0.28,312.89
42.031,3.23671,2026-05-09T12:42:00Z,17.47,48.29,37.531,0.21,312.83
42.031,3.23671,2026-05-09T13:45:00Z,17.44,48.272,37.546,0.22,311.91
42.031,3.23671,2026-05-09T14:48:00Z,17.38,48.224,37.563,0.41,312.39
42.031,3.23671,2026-05-09T15:51:00Z,17.46,48.344,37.593,0.21,310.43
42.031,3.23671,2026-05-09T16:54:00Z,17.46,48.341,37.587,0.24,308.25
42.031,3.23671,2026-05-09T17:57:00Z,17.41,48.234,37.543,0.22,307.77
42.031,3.23671,2026-05-09T19:00:00Z,17.29,47.86,37.326,0.18,305.89
42.031,3.23671,2026-05-09T20:00:00Z,17.34,48.153,37.532,0.3,308.95
42.031,3.23671,2026-05-09T21:00:00Z,17.28,48.014,37.471,0.3,307.32
42.031,3.23671,2026-05-09T22:00:00Z,17.29,48.043,37.486,0.28,307.67
42.031,3.23671,2026-05-09T23:00:00Z,17.25,47.996,37.479,0.25,308.73
42.031,3.23671,2026-05-10T00:00:00Z,17.27,48.021,37.487,0.22,307.75
42.031,3.23671,2026-05-10T01:09:00Z,17.23,47.979,37.484,0.22,307.87
42.031,3.23671,2026-05-10T02:12:00Z,17.25,48.003,37.492,0.18,307.19
42.031,3.23671,2026-05-10T03:15:00Z,17.22,47.977,37.489,0.22,306.64
42.031,3.23671,2026-05-10T04:18:00Z,17.19,47.942,37.489,0.19,306.95
42.031,3.23671,2026-05-10T05:21:00Z,15.95,42.633,33.906,0.71,306.27
42.031,3.23671,2026-05-10T06:24:00Z,16.46,44.629,35.232,0.49,307.43
42.031,3.23671,2026-05-10T07:27:00Z,16.73,45.473,35.739,0.45,308.35
42.031,3.23671,2026-05-10T08:30:00Z,17.65,44.044,33.704,1.06,306.72
42.031,3.23671,2026-05-10T09:33:00Z,18.25,45.433,34.39,1.03,307.0
42.031,3.23671,2026-05-10T10:36:00Z,18.58,46.945,35.383,0.9,307.27
42.031,3.23671,2026-05-10T11:39:00Z,18.15,48.978,37.507,0.28,306.64
42.031,3.23671,2026-05-10T12:42:00Z,18.4,49.313,37.566,0.3,305.52
42.031,3.23671,2026-05-10T13:45:00Z,17.75,48.582,37.532,0.35,309.66
42.031,3.23671,2026-05-10T14:48:00Z,18.33,48.796,37.185,0.57,308.83
42.031,3.23671,2026-05-10T15:51:00Z,17.88,48.257,37.129,1.33,312.89
42.031,3.23671,2026-05-10T16:54:00Z,17.65,48.264,37.342,0.42,312.89
42.031,3.23671,2026-05-10T17:57:00Z,17.43,48.143,37.44,0.56,314.64
42.031,3.23671,2026-05-10T19:00:00Z,17.27,48.059,37.517,0.28,316.76
42.031,3.23671,2026-05-10T20:00:00Z,17.22,48.021,37.532,0.34,318.33
42.031,3.23671,2026-05-10T21:00:00Z,17.16,47.964,37.539,0.3,319.13
42.031,3.23671,2026-05-10T22:00:00Z,17.14,47.962,37.555,0.43,319.39
42.031,3.23671,2026-05-10T23:00:00Z,17.19,45.631,35.464,1.47,310.29
42.031,3.23671,2026-05-11T00:00:00Z,17.24,45.839,35.604,1.12,312.81
42.031,3.23671,2026-05-11T01:09:00Z,17.08,46.289,36.139,0.98,312.12
42.031,3.23671,2026-05-11T02:12:00Z,16.97,47.201,37.04,0.56,311.95
42.031,3.23671,2026-05-11T03:15:00Z,16.85,47.384,37.314,0.37,312.32
42.031,3.23671,2026-05-11T04:18:00Z,17.27,48.07,37.53,0.35,309.29
42.031,3.23671,2026-05-11T05:21:00Z,17.34,48.182,37.564,0.34,307.62
42.031,3.23671,2026-05-11T06:24:00Z,17.35,48.257,37.623,0.48,306.33
42.031,3.23671,2026-05-11T07:27:00Z,17.36,48.282,37.633,0.31,305.62
42.031,3.23671,2026-05-11T08:30:00Z,17.58,48.544,37.652,0.33,305.08
42.031,3.23671,2026-05-11T09:33:00Z,17.48,48.427,37.641,0.37,307.73
42.031,3.23671,2026-05-11T10:36:00Z,18.09,47.163,35.996,0.68,305.64
42.031,3.23671,2026-05-11T11:39:00Z,18.15,48.445,37.045,0.53,306.23
42.031,3.23671,2026-05-11T12:42:00Z,17.93,48.714,37.476,0.46,307.76
42.031,3.23671,2026-05-11T13:45:00Z,17.84,48.724,37.57,0.4,308.49
42.031,3.23671,2026-05-11T14:48:00Z,17.91,48.793,37.565,0.5,309.35
42.031,3.23671,2026-05-11T15:51:00Z,17.89,48.792,37.581,0.43,309.58
42.031,3.23671,2026-05-11T16:54:00Z,17.95,48.811,37.548,0.47,309.43
42.031,3.23671,2026-05-11T17:57:00Z,17.89,48.742,37.54,0.46,309.64
42.031,3.23671,2026-05-11T19:00:00Z,17.81,48.68,37.561,2.18,309.64
42.031,3.23671,2026-05-11T20:00:00Z,17.73,48.613,37.578,0.42,310.52
42.031,3.23671,2026-05-11T21:00:00Z,17.64,48.437,37.503,0.5,312.72
42.031,3.23671,2026-05-11T22:00:00Z,17.35,44.24,34.125,1.09,313.69
42.031,3.23671,2026-05-11T23:00:00Z,17.38,46.305,35.884,0.81,314.01
42.031,3.23671,2026-05-12T00:00:00Z,16.96,41.545,32.12,1.22,314.86
42.031,3.23671,2026-05-12T01:09:00Z,17.2,45.128,35.026,1.22,313.04
42.031,3.23671,2026-05-12T02:12:00Z,17.32,47.081,36.621,0.71,312.08
42.031,3.23671,2026-05-12T03:15:00Z,17.24,47.602,37.142,0.59,309.39
42.031,3.23671,2026-05-12T04:18:00Z,17.1,47.479,37.168,0.66,306.33
42.031,3.23671,2026-05-12T05:21:00Z,17.29,47.892,37.353,0.71,307.64
42.031,3.23671,2026-05-12T06:24:00Z,17.38,48.066,37.426,0.49,306.87
42.031,3.23671,2026-05-12T07:27:00Z,17.35,48.009,37.4,0.49,307.79
42.031,3.23671,2026-05-12T08:30:00Z,17.66,48.365,37.425,0.41,307.68
42.031,3.23671,2026-05-12T09:33:00Z,17.48,48.384,37.611,0.46,309.92
42.031,3.23671,2026-05-12T10:36:00Z,17.56,48.508,37.638,0.86,310.12
42.031,3.23671,2026-05-12T11:39:00Z,17.94,48.614,37.385,1.55,313.69
42.031,3.23671,2026-05-12T12:42:00Z,17.9,48.676,37.474,0.72,312.36
42.031,3.23671,2026-05-12T13:45:00Z,17.89,48.712,37.514,0.56,311.93
42.031,3.23671,2026-05-12T14:48:00Z,17.88,48.825,37.624,0.46,309.16
42.031,3.23671,2026-05-12T15:51:00Z,17.76,48.731,37.65,0.46,309.95
42.031,3.23671,2026-05-12T16:54:00Z,18.0,48.721,37.424,0.63,319.69
42.031,3.23671,2026-05-12T17:57:00Z,17.93,48.666,37.434,0.53,316.77
42.031,3.23671,2026-05-12T19:00:00Z,18.07,48.645,37.294,0.67,321.24
42.031,3.23671,2026-05-12T20:00:00Z,18.12,48.521,37.136,0.81,323.55
42.031,3.23671,2026-05-12T21:00:00Z,18.19,48.447,37.008,1.01,325.26
42.031,3.23671,2026-05-12T22:00:00Z,18.2,48.476,37.023,0.94,326.6
42.031,3.23671,2026-05-12T23:00:00Z,18.17,48.439,37.023,0.92,324.39
42.031,3.23671,2026-05-13T00:00:00Z,18.37,48.747,37.102,1.14,327.33
42.031,3.23671,2026-05-13T01:09:00Z,18.2,48.649,37.174,0.8,320.79
42.031,3.23671,2026-05-13T02:12:00Z,18.22,48.691,37.193,0.8,318.08
42.031,3.23671,2026-05-13T03:15:00Z,18.15,48.602,37.181,0.64,314.16
42.031,3.23671,2026-05-13T04:18:00Z,18.32,48.682,37.09,1.07,315.72
42.031,3.23671,2026-05-13T05:21:00Z,17.98,48.542,37.285,0.72,311.56
42.031,3.23671,2026-05-13T06:24:00Z,18.16,48.259,36.882,0.56,309.79
42.031,3.23671,2026-05-13T07:27:00Z,18.24,48.362,36.896,0.71,312.47
42.031,3.23671,2026-05-13T08:30:00Z,18.25,48.359,36.884,0.85,315.42
42.031,3.23671,2026-05-13T09:33:00Z,18.25,48.417,36.929,0.73,316.44
42.031,3.23671,2026-05-13T10:36:00Z,18.42,48.598,36.937,1.51,317.64
42.031,3.23671,2026-05-13T11:39:00Z,18.5,48.657,36.907,0.97,317.37
42.031,3.23671,2026-05-13T12:42:00Z,18.55,48.772,36.966,0.84,317.11
42.031,3.23671,2026-05-13T13:45:00Z,18.39,48.624,36.979,0.73,316.69
42.031,3.23671,2026-05-13T14:48:00Z,18.31,48.579,37.012,0.68,315.95
42.031,3.23671,2026-05-13T15:51:00Z,18.34,48.608,37.01,0.97,315.61
42.031,3.23671,2026-05-13T16:54:00Z,18.3,48.565,37.01,0.76,313.72
42.031,3.23671,2026-05-13T17:57:00Z,18.29,48.568,37.029,0.54,315.92
42.031,3.23671,2026-05-13T19:00:00Z,18.24,48.565,37.069,0.61,316.14
42.031,3.23671,2026-05-13T20:00:00Z,18.28,44.951,33.955,1.27,313.32
42.031,3.23671,2026-05-13T21:00:00Z,18.16,43.866,33.133,1.35,311.95
42.031,3.23671,2026-05-13T22:00:00Z,17.73,40.709,30.81,1.38,311.7
42.031,3.23671,2026-05-13T23:00:00Z,17.85,44.446,33.883,2.65,312.6
42.031,3.23671,2026-05-14T00:00:00Z,17.86,46.638,35.749,0.69,310.48
42.031,3.23671,2026-05-14T01:09:00Z,17.91,47.319,36.29,0.7,313.27
42.031,3.23671,2026-05-14T02:12:00Z,18.1,48.107,36.801,0.73,317.77
42.031,3.23671,2026-05-14T03:15:00Z,18.23,48.465,36.994,0.71,317.3
42.031,3.23671,2026-05-14T04:18:00Z,18.1,48.204,36.888,0.75,313.89
42.031,3.23671,2026-05-14T05:21:00Z,18.28,48.467,36.947,0.9,315.33
42.031,3.23671,2026-05-14T06:24:00Z,18.06,48.219,36.934,0.68,312.52
42.031,3.23671,2026-05-14T07:27:00Z,18.15,48.281,36.905,0.72,313.14
42.031,3.23671,2026-05-14T08:30:00Z,18.27,48.272,36.789,0.83,315.93
42.031,3.23671,2026-05-14T09:33:00Z,18.28,48.296,36.804,0.79,318.39
42.031,3.23671,2026-05-14T10:36:00Z,18.29,48.34,36.826,0.74,317.85
42.031,3.23671,2026-05-14T11:39:00Z,18.31,48.457,36.91,1.0,315.94
42.031,3.23671,2026-05-14T12:42:00Z,18.29,48.509,36.969,0.64,314.13
42.031,3.23671,2026-05-14T13:45:00Z,18.14,48.005,36.671,0.68,314.25
42.031,3.23671,2026-05-14T14:48:00Z,18.14,48.244,36.877,0.61,315.66
42.031,3.23671,2026-05-14T15:51:00Z,18.14,48.123,36.778,0.7,315.39
42.031,3.23671,2026-05-14T16:54:00Z,18.12,48.108,36.784,0.67,316.66
42.031,3.23671,2026-05-14T17:57:00Z,18.12,48.151,36.823,0.72,315.5
42.031,3.23671,2026-05-14T19:00:00Z,18.12,48.17,36.836,0.66,313.42
42.031,3.23671,2026-05-14T20:00:00Z,18.08,48.145,36.848,0.64,313.18
42.031,3.23671,2026-05-14T21:00:00Z,18.07,48.143,36.854,0.67,313.04
42.031,3.23671,2026-05-14T22:00:00Z,18.04,48.119,36.869,0.68,312.6
42.031,3.23671,2026-05-14T23:00:00Z,18.0,48.113,36.893,0.72,312.6
42.031,3.23671,2026-05-15T00:00:00Z,17.98,48.108,36.909,0.68,312.26
42.031,3.23671,2026-05-15T01:09:00Z,17.96,48.095,36.918,0.95,312.37
42.031,3.23671,2026-05-15T02:12:00Z,17.93,48.115,36.958,0.62,312.07
42.031,3.23671,2026-05-15T03:15:00Z,17.96,48.22,37.024,0.59,312.88
42.031,3.23671,2026-05-15T04:18:00Z,17.91,48.168,37.022,0.53,311.49
42.031,3.23671,2026-05-15T05:21:00Z,17.89,48.15,37.026,0.52,310.74
42.031,3.23671,2026-05-15T06:24:00Z,17.88,48.128,37.017,0.55,310.27
42.031,3.23671,2026-05-15T07:27:00Z,17.89,48.095,36.975,0.64,312.89
42.031,3.23671,2026-05-15T08:30:00Z,17.86,47.964,36.895,0.66,311.36
42.031,3.23671,2026-05-15T09:33:00Z,17.94,48.054,36.903,1.49,313.33
42.031,3.23671,2026-05-15T10:36:00Z,17.98,48.096,36.896,3.51,310.73
42.031,3.23671,2026-05-15T11:39:00Z,17.99,48.017,36.819,4.36,313.39
42.031,3.23671,2026-05-15T12:42:00Z,18.32,48.414,36.865,0.78,312.91
42.031,3.23671,2026-05-15T13:45:00Z,18.12,48.231,36.886,0.92,315.81
42.031,3.23671,2026-05-15T14:48:00Z,17.94,48.127,36.963,0.88,317.01
42.031,3.23671,2026-05-15T15:51:00Z,17.89,48.176,37.048,1.7,316.51
42.031,3.23671,2026-05-15T16:54:00Z,17.85,48.232,37.136,0.96,316.63
42.031,3.23671,2026-05-15T17:57:00Z,17.83,48.217,37.14,2.84,315.91
42.031,3.23671,2026-05-15T19:00:00Z,17.76,48.167,37.159,0.87,315.74
42.031,3.23671,2026-05-15T20:00:00Z,17.73,48.142,37.171,1.01,315.02
42.031,3.23671,2026-05-15T21:00:00Z,17.69,48.133,37.191,0.8,314.52
42.031,3.23671,2026-05-15T22:00:00Z,17.65,48.106,37.206,0.83,313.77
42.031,3.23671,2026-05-15T23:00:00Z,17.65,48.104,37.21,0.72,313.64
42.031,3.23671,2026-05-16T00:00:00Z,17.61,48.058,37.2,0.73,313.07
42.031,3.23671,2026-05-16T01:09:00Z,17.63,48.082,37.204,0.78,313.06
42.031,3.23671,2026-05-16T02:12:00Z,17.56,47.983,37.181,0.9,311.98
42.031,3.23671,2026-05-16T03:15:00Z,17.52,47.955,37.2,0.75,311.45
42.031,3.23671,2026-05-16T04:18:00Z,17.46,47.862,37.174,0.61,310.94
42.031,3.23671,2026-05-16T05:21:00Z,17.39,47.801,37.176,0.65,309.93
42.031,3.23671,2026-05-16T06:24:00Z,17.4,47.778,37.153,0.54,309.97
42.031,3.23671,2026-05-16T07:27:00Z,17.46,47.89,37.192,0.68,310.37
42.031,3.23671,2026-05-16T08:30:00Z,17.61,47.09,36.362,0.85,311.68
42.031,3.23671,2026-05-16T09:33:00Z,18.06,46.526,35.483,0.88,310.91
42.031,3.23671,2026-05-16T10:36:00Z,18.04,47.384,36.23,1.25,312.14
42.031,3.23671,2026-05-16T11:39:00Z,17.98,48.01,36.828,0.87,312.6
42.031,3.23671,2026-05-16T12:42:00Z,17.85,48.08,37.008,0.83,314.13
42.031,3.23671,2026-05-16T13:45:00Z,17.84,48.197,37.115,0.83,315.47
42.031,3.23671,2026-05-16T14:48:00Z,17.85,48.26,37.158,1.0,315.52
42.031,3.23671,2026-05-16T15:51:00Z,17.84,48.297,37.202,0.69,317.49
42.031,3.23671,2026-05-16T16:54:00Z,17.88,48.311,37.179,0.82,317.72
42.031,3.23671,2026-05-16T17:57:00Z,17.81,48.302,37.228,0.68,318.66
42.031,3.23671,2026-05-16T19:00:00Z,17.81,48.279,37.209,0.57,318.64
42.031,3.23671,2026-05-16T20:00:00Z,17.22,43.305,33.422,1.23,315.64
42.031,3.23671,2026-05-16T21:00:00Z,17.72,46.601,35.845,5.47,312.16
42.031,3.23671,2026-05-16T22:00:00Z,17.77,48.028,37.035,1.02,315.26
42.031,3.23671,2026-05-16T23:00:00Z,17.75,48.189,37.19,0.89,316.29
42.031,3.23671,2026-05-17T00:00:00Z,17.73,48.217,37.227,0.77,313.55
42.031,3.23671,2026-05-17T01:08:00Z,17.45,47.466,36.833,0.64,310.97
42.031,3.23671,2026-05-17T02:11:00Z,17.41,47.4,36.817,0.69,311.26
42.031,3.23671,2026-05-17T03:14:00Z,17.4,47.559,36.959,0.56,311.24
42.031,3.23671,2026-05-17T04:17:00Z,17.55,47.912,37.131,0.56,312.41
42.031,3.23671,2026-05-17T05:20:00Z,17.54,47.911,37.144,0.56,313.91
42.031,3.23671,2026-05-17T06:23:00Z,17.48,47.731,37.042,0.61,314.36
42.031,3.23671,2026-05-17T07:26:00Z,17.53,47.779,37.031,0.73,314.77
42.031,3.23671,2026-05-17T08:29:00Z,17.75,48.015,37.036,0.69,314.81
42.031,3.23671,2026-05-17T09:32:00Z,17.95,48.205,37.023,0.8,316.02
42.031,3.23671,2026-05-17T10:35:00Z,18.02,48.311,37.047,0.79,316.8
42.031,3.23671,2026-05-17T11:38:00Z,18.19,48.502,37.058,0.77,314.24
42.031,3.23671,2026-05-17T12:41:00Z,18.05,48.442,37.137,0.91,315.16
42.031,3.23671,2026-05-17T13:44:00Z,17.99,48.415,37.167,1.02,317.27
42.031,3.23671,2026-05-17T14:47:00Z,17.94,48.4,37.195,0.79,317.02
42.031,3.23671,2026-05-17T15:50:00Z,18.03,48.503,37.204,0.72,317.16
42.031,3.23671,2026-05-17T16:53:00Z,17.97,48.411,37.185,0.94,317.7
42.031,3.23671,2026-05-17T17:56:00Z,17.97,48.425,37.197,0.93,319.36
42.031,3.23671,2026-05-17T18:59:00Z,18.04,48.35,37.06,0.85,320.45
42.031,3.23671,2026-05-17T20:00:00Z,18.05,48.369,37.074,0.79,320.24
42.031,3.23671,2026-05-17T21:00:00Z,17.73,45.282,34.698,1.08,317.7
42.031,3.23671,2026-05-17T22:00:00Z,17.8,45.628,34.937,1.15,315.88
42.031,3.23671,2026-05-17T23:00:00Z,17.94,46.77,35.794,1.29,314.72
42.031,3.23671,2026-05-18T00:00:00Z,17.88,46.267,35.411,1.26,313.39
42.031,3.23671,2026-05-18T01:09:00Z,17.71,46.052,35.374,1.32,312.01
42.031,3.23671,2026-05-18T02:12:00Z,17.78,47.259,36.353,1.34,314.27
42.031,3.23671,2026-05-18T03:15:00Z,17.74,47.524,36.622,1.43,313.08
42.031,3.23671,2026-05-18T04:18:00Z,17.8,47.917,36.903,1.47,310.6
42.031,3.23671,2026-05-18T05:21:00Z,17.85,48.071,36.995,74.64,313.39
42.031,3.23671,2026-05-18T06:24:00Z,17.82,48.053,37.008,2.72,313.23
42.031,3.23671,2026-05-18T07:26:00Z,17.82,48.062,37.017,3.12,314.68
42.031,3.23671,2026-05-18T08:29:00Z,17.88,48.179,37.063,1.86,317.12
42.031,3.23671,2026-05-18T09:32:00Z,17.79,48.213,37.17,1.68,318.29
42.031,3.23671,2026-05-18T10:35:00Z,17.84,48.382,37.27,1.87,320.2
42.031,3.23671,2026-05-18T11:38:00Z,17.81,48.531,37.434,1.66,318.02
42.031,3.23671,2026-05-18T12:41:00Z,17.81,48.526,37.427,2.59,317.45
42.031,3.23671,2026-05-18T13:44:00Z,17.83,48.495,37.38,1.87,318.05
42.031,3.23671,2026-05-18T14:47:00Z,17.85,48.506,37.368,1.9,319.1
42.031,3.23671,2026-05-18T15:50:00Z,17.93,48.286,37.113,2.06,322.42
42.031,3.23671,2026-05-18T16:53:00Z,17.97,48.083,36.899,1.39,323.98
42.031,3.23671,2026-05-18T17:56:00Z,17.95,47.997,36.844,1.26,325.55
42.031,3.23671,2026-05-18T18:59:00Z,17.92,47.953,36.834,1.14,325.88
42.031,3.23671,2026-05-18T20:00:00Z,17.81,47.856,36.844,2.79,323.47
42.031,3.23671,2026-05-18T21:00:00Z,17.56,44.506,34.175,7.17,321.33
42.031,3.23671,2026-05-18T22:00:00Z,17.67,46.393,35.706,1.7,321.58
42.031,3.23671,2026-05-18T23:00:00Z,17.54,46.168,35.624,1.75,320.05
42.031,3.23671,2026-05-19T00:00:00Z,17.44,45.308,34.974,1.31,318.5
42.031,3.23671,2026-05-19T01:09:00Z,17.62,46.954,36.233,1.33,320.39
42.031,3.23671,2026-05-19T02:12:00Z,17.39,45.459,35.142,1.94,318.87
42.031,3.23671,2026-05-19T03:15:00Z,17.63,47.171,36.412,1.46,319.26
42.031,3.23671,2026-05-19T04:18:00Z,17.69,47.614,36.742,1.34,320.23
42.031,3.23671,2026-05-19T05:21:00Z,17.57,47.203,36.501,1.13,318.55
42.031,3.23671,2026-05-19T06:24:00Z,17.26,44.245,34.208,1.07,316.22
42.031,3.23671,2026-05-19T07:27:00Z,17.62,45.517,34.994,NaN,318.91
42.031,3.23671,2026-05-19T08:30:00Z,17.9,47.891,36.792,NaN,321.89
42.031,3.23671,2026-05-19T09:33:00Z,18.23,47.875,36.489,15.74,319.64
42.031,3.23671,2026-05-19T10:36:00Z,18.29,48.574,37.027,20.59,321.44
42.031,3.23671,2026-05-19T11:39:00Z,18.16,48.492,37.074,12.89,322.91
42.031,3.23671,2026-05-19T12:42:00Z,18.31,47.747,36.301,32.56,326.72
42.031,3.23671,2026-05-19T13:45:00Z,18.34,48.024,36.518,13.25,328.05
42.031,3.23671,2026-05-19T14:47:00Z,18.33,48.24,36.703,16.35,329.8
42.031,3.23671,2026-05-19T15:50:00Z,18.3,48.448,36.916,19.27,327.76
42.031,3.23671,2026-05-19T16:53:00Z,18.27,48.552,37.029,19.72,327.39
42.031,3.23671,2026-05-19T17:56:00Z,18.21,48.575,37.105,15.44,326.83
42.031,3.23671,2026-05-19T18:59:00Z,18.15,48.559,37.141,8.9,325.97
42.031,3.23671,2026-05-19T20:00:00Z,17.91,41.069,30.977,10.54,319.95
42.031,3.23671,2026-05-19T21:00:00Z,18.16,44.713,33.853,13.53,322.69
42.031,3.23671,2026-05-19T22:00:00Z,18.21,44.95,34.012,13.46,318.62
42.031,3.23671,2026-05-19T23:00:00Z,18.23,47.196,35.903,30.87,320.67
42.031,3.23671,2026-05-20T00:00:00Z,17.95,47.594,36.493,3.38,319.44
42.031,3.23671,2026-05-20T01:09:00Z,18.02,48.041,36.812,3.46,319.89
42.031,3.23671,2026-05-20T02:12:00Z,17.99,48.16,36.945,4.37,315.7
42.031,3.23671,2026-05-20T03:15:00Z,17.93,47.813,36.698,3.64,316.77
42.031,3.23671,2026-05-20T04:18:00Z,17.89,47.923,36.833,7.51,314.29
42.031,3.23671,2026-05-20T05:21:00Z,17.88,47.904,36.821,7.67,316.7
42.031,3.23671,2026-05-20T06:24:00Z,17.95,47.949,36.8,4.46,318.67
42.031,3.23671,2026-05-20T07:27:00Z,18.02,48.148,36.909,3.69,320.29
42.031,3.23671,2026-05-20T08:30:00Z,18.24,48.42,36.942,3.88,319.26
42.031,3.23671,2026-05-20T09:33:00Z,18.52,48.791,37.012,15.08,319.38
42.031,3.23671,2026-05-20T10:36:00Z,18.79,49.216,37.127,4.88,319.77
42.031,3.23671,2026-05-20T11:39:00Z,19.4,50.015,37.255,3.8,317.68
42.031,3.23671,2026-05-20T12:42:00Z,19.0,49.834,37.463,3.05,311.02
42.031,3.23671,2026-05-20T13:45:00Z,19.93,51.141,37.713,6.82,304.39
42.031,3.23671,2026-05-20T14:48:00Z,19.52,50.458,37.514,8.06,312.98
42.031,3.23671,2026-05-20T15:51:00Z,18.89,49.558,37.33,7.52,315.8
42.031,3.23671,2026-05-20T16:54:00Z,18.69,49.108,37.126,2.31,319.52
42.031,3.23671,2026-05-20T17:57:00Z,18.79,49.066,36.998,2.49,322.77
42.031,3.23671,2026-05-20T19:00:00Z,18.83,49.118,37.01,2.43,322.95
42.031,3.23671,2026-05-20T20:00:00Z,18.87,49.218,37.06,2.9,314.27
42.031,3.23671,2026-05-20T21:00:00Z,18.85,41.946,30.993,4.22,309.08
42.031,3.23671,2026-05-20T22:00:00Z,18.69,44.254,33.035,4.41,312.68
42.031,3.23671,2026-05-20T23:00:00Z,18.46,46.51,35.125,5.51,314.6
42.031,3.23671,2026-05-21T00:00:00Z,18.31,46.489,35.231,3.54,312.67
42.031,3.23671,2026-05-21T01:09:00Z,18.22,47.364,36.057,2.72,316.31
42.031,3.23671,2026-05-21T02:12:00Z,18.29,47.961,36.504,4.9,314.86
42.031,3.23671,2026-05-21T03:15:00Z,18.24,47.88,36.482,12.76,315.56
42.031,3.23671,2026-05-21T04:18:00Z,18.33,48.322,36.78,2.69,314.87
42.031,3.23671,2026-05-21T05:21:00Z,17.75,45.062,34.493,3.12,313.2
42.031,3.23671,2026-05-21T06:24:00Z,18.32,47.738,36.283,8.33,312.77
42.031,3.23671,2026-05-21T07:27:00Z,18.35,47.92,36.418,96.58,316.87
42.031,3.23671,2026-05-21T08:30:00Z,18.49,48.576,36.849,3.48,317.02
42.031,3.23671,2026-05-21T09:33:00Z,18.65,49.061,37.122,3.11,318.81
42.031,3.23671,2026-05-21T10:36:00Z,18.95,49.223,36.99,2.98,319.39
42.031,3.23671,2026-05-21T11:39:00Z,19.3,48.882,36.387,3.37,320.08
42.031,3.23671,2026-05-21T12:42:00Z,19.39,49.184,36.565,2.82,322.83
42.031,3.23671,2026-05-21T13:45:00Z,19.83,49.908,36.781,25.78,322.14
42.031,3.23671,2026-05-21T14:48:00Z,19.59,50.067,37.126,9.88,319.76
42.031,3.23671,2026-05-21T15:51:00Z,19.72,50.753,37.584,2.75,311.55
42.031,3.23671,2026-05-21T16:54:00Z,19.44,50.603,37.71,NaN,307.91
42.031,3.23671,2026-05-21T17:57:00Z,19.35,50.52,37.72,NaN,308.27
42.031,3.23671,2026-05-21T19:00:00Z,19.24,50.233,37.577,9.47,311.64
42.031,3.23671,2026-05-21T20:00:00Z,19.23,50.234,37.585,NaN,309.39
42.031,3.23671,2026-05-21T21:00:00Z,19.17,50.167,37.583,9.67,303.35
42.031,3.23671,2026-05-21T22:00:00Z,19.33,43.914,32.248,3.69,310.49
42.031,3.23671,2026-05-21T23:00:00Z,19.14,47.424,35.308,4.98,317.29
42.031,3.23671,2026-05-22T00:00:00Z,18.84,45.763,34.174,3.92,315.81
42.031,3.23671,2026-05-22T01:09:00Z,18.77,47.467,35.667,3.34,318.45
42.031,3.23671,2026-05-22T02:12:00Z,18.59,45.046,33.779,3.36,311.8
42.031,3.23671,2026-05-22T03:15:00Z,18.58,46.595,35.087,5.39,314.44
42.031,3.23671,2026-05-22T04:18:00Z,18.7,48.117,36.271,7.44,311.14
42.031,3.23671,2026-05-22T05:21:00Z,18.64,48.483,36.636,7.8,308.11
42.031,3.23671,2026-05-22T06:24:00Z,18.86,49.13,36.991,40.0,311.66
42.031,3.23671,2026-05-22T07:27:00Z,18.91,49.194,37.003,27.92,311.11
42.031,3.23671,2026-05-22T08:30:00Z,19.1,49.516,37.105,43.83,317.05
42.031,3.23671,2026-05-22T09:33:00Z,19.08,49.551,37.146,NaN,314.55
42.031,3.23671,2026-05-22T10:36:00Z,19.16,49.677,37.182,NaN,314.69
42.031,3.23671,2026-05-22T11:39:00Z,19.23,49.932,37.331,305.13,314.38
42.031,3.23671,2026-05-22T12:42:00Z,19.35,50.16,37.419,NaN,313.75
42.031,3.23671,2026-05-22T13:45:00Z,19.72,51.052,37.827,20.93,302.67
42.031,3.23671,2026-05-22T14:48:00Z,19.71,51.063,37.851,39.18,301.8
42.031,3.23671,2026-05-22T15:51:00Z,19.59,50.955,37.864,82.32,301.7
42.031,3.23671,2026-05-22T16:54:00Z,19.73,51.117,37.874,30.46,301.31
42.031,3.23671,2026-05-22T17:57:00Z,19.7,51.068,37.859,69.23,300.76
42.031,3.23671,2026-05-22T19:00:00Z,19.53,50.809,37.8,70.06,302.7
42.031,3.23671,2026-05-22T20:00:00Z,19.59,50.659,37.616,107.58,304.17
42.031,3.23671,2026-05-22T21:00:00Z,19.59,50.266,37.288,79.59,309.42
42.031,3.23671,2026-05-22T22:00:00Z,19.82,49.846,36.738,140.78,306.76
42.031,3.23671,2026-05-22T23:00:00Z,19.94,50.0,36.756,NaN,316.29
42.031,3.23671,2026-05-23T00:00:00Z,19.68,48.369,35.638,36.93,309.14
42.031,3.23671,2026-05-23T01:09:00Z,20.05,49.379,36.15,445.86,326.08
42.031,3.23671,2026-05-23T02:12:00Z,19.96,49.236,36.109,89.06,328.29
42.031,3.23671,2026-05-23T03:15:00Z,19.63,48.096,35.45,188.49,323.62
42.031,3.23671,2026-05-23T04:18:00Z,19.38,47.808,35.428,188.78,321.64
42.031,3.23671,2026-05-23T05:21:00Z,19.65,48.561,35.818,NaN,323.19
42.031,3.23671,2026-05-23T06:24:00Z,19.68,48.592,35.823,NaN,330.92
42.031,3.23671,2026-05-23T07:27:00Z,19.64,48.66,35.91,NaN,334.23
42.031,3.23671,2026-05-23T08:30:00Z,19.64,48.703,35.946,26.68,337.55
42.031,3.23671,2026-05-23T09:33:00Z,19.69,49.071,36.214,10.08,342.8
42.031,3.23671,2026-05-23T10:36:00Z,19.77,49.364,36.383,44.35,340.6
42.031,3.23671,2026-05-23T11:39:00Z,19.92,49.248,36.156,498.95,337.25
42.031,3.23671,2026-05-23T12:42:00Z,19.98,49.491,36.306,75.23,337.71
42.031,3.23671,2026-05-23T13:45:00Z,19.96,49.475,36.313,180.52,339.96
42.031,3.23671,2026-05-23T14:48:00Z,20.0,49.458,36.265,5.28,341.66
42.031,3.23671,2026-05-23T15:51:00Z,19.96,49.623,36.431,7.83,342.71
42.031,3.23671,2026-05-23T16:54:00Z,19.89,49.666,36.524,23.44,343.6
42.031,3.23671,2026-05-23T17:57:00Z,19.94,49.624,36.449,21.52,345.66
42.031,3.23671,2026-05-23T19:00:00Z,19.87,49.488,36.396,NaN,344.88
42.031,3.23671,2026-05-23T20:00:00Z,19.74,49.324,36.378,NaN,345.11
42.031,3.23671,2026-05-23T21:00:00Z,19.71,49.316,36.393,3.24,345.19
42.031,3.23671,2026-05-23T22:00:00Z,19.45,43.686,31.97,3.8,329.02
42.031,3.23671,2026-05-23T23:00:00Z,19.26,42.957,31.515,5.5,322.85
42.031,3.23671,2026-05-24T00:00:00Z,19.36,47.803,35.441,3.92,331.7
42.031,3.23671,2026-05-24T01:09:00Z,19.45,48.63,36.047,3.5,336.05
42.031,3.23671,2026-05-24T02:12:00Z,19.52,49.342,36.584,2.91,326.33
42.031,3.23671,2026-05-24T03:15:00Z,19.37,49.072,36.49,3.71,324.7
42.031,3.23671,2026-05-24T04:18:00Z,19.13,48.197,35.968,3.4,331.33
42.031,3.23671,2026-05-24T05:21:00Z,19.14,47.985,35.778,5.3,332.47
42.031,3.23671,2026-05-24T06:24:00Z,18.81,46.83,35.09,3.6,332.66
42.031,3.23671,2026-05-24T07:27:00Z,19.29,48.291,35.907,4.63,340.61
42.031,3.23671,2026-05-24T08:30:00Z,19.64,48.982,36.178,4.26,333.36
42.031,3.23671,2026-05-24T09:33:00Z,20.41,49.807,36.198,5.09,345.43
42.031,3.23671,2026-05-24T10:36:00Z,20.32,49.776,36.246,3.07,341.96
42.031,3.23671,2026-05-24T11:39:00Z,20.43,49.955,36.296,4.32,338.6
42.031,3.23671,2026-05-24T12:42:00Z,20.57,50.066,36.272,5.21,337.0
42.031,3.23671,2026-05-24T13:45:00Z,21.55,51.076,36.25,2.48,342.01
42.031,3.23671,2026-05-24T14:48:00Z,21.14,51.462,36.91,2.86,324.52
42.031,3.23671,2026-05-24T15:51:00Z,21.43,52.773,37.715,1.96,301.16
42.031,3.23671,2026-05-24T16:54:00Z,21.3,52.674,37.753,2.42,300.64
42.031,3.23671,2026-05-24T17:57:00Z,21.57,52.926,37.718,2.94,298.3
42.031,3.23671,2026-05-24T19:00:00Z,21.26,52.541,37.677,1.89,303.77
42.031,3.23671,2026-05-24T20:00:00Z,20.69,49.288,35.532,7.43,352.16
42.031,3.23671,2026-05-24T21:00:00Z,20.92,51.912,37.465,14.57,310.11
42.031,3.23671,2026-05-24T22:00:00Z,20.09,50.984,37.445,13.27,310.22
42.031,3.23671,2026-05-24T23:00:00Z,19.36,42.593,31.144,9.24,329.68
42.031,3.23671,2026-05-25T00:00:00Z,20.01,42.463,30.565,7.66,322.47
42.031,3.23671,2026-05-25T01:09:00Z,19.9,43.697,31.639,10.14,321.83
42.031,3.23671,2026-05-25T02:12:00Z,19.93,46.303,33.73,NaN,326.73
42.031,3.23671,2026-05-25T03:15:00Z,19.69,50.449,37.355,243.9,313.02
42.031,3.23671,2026-05-25T04:18:00Z,19.83,49.898,36.775,3.13,305.67
42.031,3.23671,2026-05-25T05:21:00Z,19.45,48.96,36.329,3.67,312.95
42.031,3.23671,2026-05-25T06:24:00Z,19.66,49.224,36.36,4.98,309.29
42.031,3.23671,2026-05-25T07:27:00Z,19.86,48.931,35.947,11.97,318.68
42.031,3.23671,2026-05-25T08:30:00Z,20.03,49.426,36.212,5.28,323.76
42.031,3.23671,2026-05-25T09:33:00Z,20.6,49.855,36.07,5.09,326.82
42.031,3.23671,2026-05-25T10:36:00Z,20.6,49.804,36.03,16.84,332.09
42.031,3.23671,2026-05-25T11:39:00Z,20.99,50.112,35.947,30.81,333.16
42.031,3.23671,2026-05-25T12:42:00Z,21.18,50.334,35.963,8.65,339.21
42.031,3.23671,2026-05-25T13:45:00Z,21.5,50.736,36.018,34.36,344.66
42.031,3.23671,2026-05-25T14:48:00Z,22.07,51.259,35.964,5.48,337.62
42.031,3.23671,2026-05-25T15:51:00Z,21.77,51.354,36.287,4.76,336.21
42.031,3.23671,2026-05-25T16:54:00Z,21.4,51.476,36.698,5.22,325.54
42.031,3.23671,2026-05-25T17:57:00Z,20.79,51.272,37.063,5.96,320.85
42.031,3.23671,2026-05-25T19:00:00Z,20.94,50.716,36.483,5.72,343.23
42.031,3.23671,2026-05-25T20:00:00Z,22.0,50.474,35.396,4.96,375.23
42.031,3.23671,2026-05-25T21:00:00Z,22.73,50.535,34.857,5.13,393.71
42.031,3.23671,2026-05-25T22:00:00Z,21.24,48.465,34.426,4.51,344.99
42.031,3.23671,2026-05-25T23:00:00Z,20.68,46.714,33.467,5.91,334.97
42.031,3.23671,2026-05-26T00:00:00Z,20.72,47.116,33.76,5.8,340.86
42.031,3.23671,2026-05-26T01:09:00Z,20.71,48.576,34.942,9.09,341.69
42.031,3.23671,2026-05-26T02:12:00Z,20.4,49.807,36.203,6.46,315.82
42.031,3.23671,2026-05-26T03:15:00Z,20.32,49.725,36.201,12.55,320.79
42.031,3.23671,2026-05-26T04:18:00Z,20.54,50.223,36.423,20.37,312.41
42.031,3.23671,2026-05-26T05:21:00Z,19.99,47.326,34.519,3.32,328.29
42.031,3.23671,2026-05-26T06:24:00Z,20.26,48.486,35.246,4.55,330.58
42.031,3.23671,2026-05-26T07:27:00Z,20.52,46.149,33.142,0.0,344.41
42.031,3.23671,2026-05-26T08:30:00Z,20.69,46.151,33.009,0.0,356.42
42.031,3.23671,2026-05-26T09:33:00Z,20.83,49.033,35.214,0.0,347.28
42.031,3.23671,2026-05-26T10:36:00Z,21.5,48.895,34.552,4.63,360.86
42.031,3.23671,2026-05-26T11:39:00Z,21.64,49.075,34.587,5.43,363.7
42.031,3.23671,2026-05-26T12:42:00Z,21.07,51.336,36.871,5.28,304.58
42.031,3.23671,2026-05-26T13:45:00Z,21.19,51.816,37.152,18.19,305.04
42.031,3.23671,2026-05-26T14:48:00Z,21.36,51.999,37.156,4.48,307.04
42.031,3.23671,2026-05-26T15:51:00Z,21.22,51.45,36.833,4.8,307.31
42.031,3.23671,2026-05-26T16:54:00Z,21.27,51.175,36.564,4.9,306.44
42.031,3.23671,2026-05-26T17:57:00Z,21.2,51.275,36.712,3.24,305.43
42.031,3.23671,2026-05-26T19:00:00Z,21.14,50.622,36.236,4.95,313.04
42.031,3.23671,2026-05-26T20:00:00Z,21.19,51.587,36.967,3.86,307.02
42.031,3.23671,2026-05-26T21:00:00Z,21.11,48.44,34.506,7.83,356.74
42.031,3.23671,2026-05-27T08:30:00Z,20.45,48.964,35.476,6.22,303.32
42.031,3.23671,2026-05-27T09:03:00Z,20.58,50.149,36.328,4.88,305.37
42.031,3.23671,2026-05-27T10:00:00Z,20.89,50.538,36.383,11.64,304.61
42.031,3.23671,2026-05-27T11:00:00Z,20.84,50.753,36.596,6.78,306.06
42.031,3.23671,2026-05-27T12:00:00Z,20.71,50.009,36.101,0.0,306.89
42.031,3.23671,2026-05-27T13:00:00Z,20.82,50.824,36.667,0.0,306.89
42.031,3.23671,2026-05-27T14:00:00Z,20.9,50.136,36.048,13.6,307.14
42.031,3.23671,2026-05-27T15:00:00Z,21.02,51.098,36.723,6.7,306.33
42.031,3.23671,2026-05-27T16:00:00Z,21.07,51.262,36.809,7.27,305.52
42.031,3.23671,2026-05-27T17:00:00Z,20.69,51.083,36.993,10.8,307.66
42.031,3.23671,2026-05-27T18:00:00Z,20.43,50.864,37.043,19.38,310.42
42.031,3.23671,2026-05-27T19:00:00Z,21.09,50.326,36.041,39.29,320.56
42.031,3.23671,2026-05-27T20:00:00Z,21.06,49.98,35.78,13.03,316.52
42.031,3.23671,2026-05-27T21:00:00Z,20.96,49.648,35.604,7.23,322.98
42.031,3.23671,2026-05-27T22:00:00Z,20.67,49.641,35.838,10.55,313.56
42.031,3.23671,2026-05-27T23:00:00Z,21.42,48.988,34.692,9.17,316.27
42.031,3.23671,2026-05-28T00:00:00Z,21.14,44.249,31.164,7.91,303.68
42.031,3.23671,2026-05-28T01:09:00Z,20.71,46.81,33.524,8.98,307.67
42.031,3.23671,2026-05-28T02:12:00Z,20.05,46.994,34.2,7.98,308.14
42.031,3.23671,2026-05-28T03:15:00Z,20.08,48.865,35.705,6.79,309.52
42.031,3.23671,2026-05-28T04:18:00Z,19.7,47.986,35.298,6.39,309.68
42.031,3.23671,2026-05-28T05:20:00Z,19.56,48.286,35.672,6.09,311.13
42.031,3.23671,2026-05-28T06:23:00Z,19.63,48.242,35.573,6.55,312.7
42.031,3.23671,2026-05-28T07:26:00Z,19.82,48.894,35.948,6.6,311.14
42.031,3.23671,2026-05-28T08:29:00Z,19.9,49.324,36.235,6.38,304.95
42.031,3.23671,2026-05-28T09:32:00Z,20.29,49.909,36.384,6.31,305.7
42.031,3.23671,2026-05-28T10:35:00Z,21.88,52.282,36.927,8.58,303.83
42.031,3.23671,2026-05-28T11:38:00Z,21.48,51.872,36.943,8.63,306.61
42.031,3.23671,2026-05-28T12:41:00Z,21.14,51.594,37.014,7.83,309.19
42.031,3.23671,2026-05-28T13:44:00Z,21.11,51.36,36.85,9.65,319.58
42.031,3.23671,2026-05-28T14:47:00Z,21.03,51.54,37.067,8.6,308.02
42.031,3.23671,2026-05-28T15:50:00Z,21.15,51.28,36.752,7.73,320.26
42.031,3.23671,2026-05-28T16:53:00Z,21.18,51.28,36.732,10.69,319.98
42.031,3.23671,2026-05-28T17:56:00Z,20.91,50.502,36.333,8.27,311.38
42.031,3.23671,2026-05-28T18:59:00Z,21.14,50.442,36.088,8.02,313.45
42.031,3.23671,2026-05-28T20:00:00Z,21.04,49.834,35.681,9.41,313.92
42.031,3.23671,2026-05-28T21:00:00Z,21.36,50.284,35.776,8.03,302.11
42.031,3.23671,2026-05-28T22:00:00Z,20.97,50.781,36.507,7.34,307.41
42.031,3.23671,2026-05-28T23:00:00Z,21.19,49.851,35.573,11.56,304.49
42.031,3.23671,2026-05-29T00:00:00Z,21.53,49.2,34.775,7.23,299.31
42.031,3.23671,2026-05-29T01:09:00Z,21.05,49.172,35.14,8.07,300.66
42.031,3.23671,2026-05-29T02:12:00Z,20.84,49.391,35.494,7.04,301.86
42.031,3.23671,2026-05-29T03:15:00Z,20.44,50.131,36.435,9.02,315.07
42.031,3.23671,2026-05-29T05:21:00Z,19.88,49.056,36.033,10.89,298.18
42.031,3.23671,2026-05-29T06:24:00Z,19.93,49.773,36.586,10.3,311.04
42.031,3.23671,2026-05-29T07:27:00Z,20.42,49.995,36.338,11.64,311.7
42.031,3.23671,2026-05-29T08:30:00Z,20.33,49.59,36.083,12.92,307.89
42.031,3.23671,2026-05-29T09:33:00Z,20.06,49.32,36.094,12.47,309.87
42.031,3.23671,2026-05-29T10:36:00Z,20.35,49.158,35.716,12.05,308.57
42.031,3.23671,2026-05-29T11:39:00Z,20.53,49.247,35.636,16.6,308.38
42.031,3.23671,2026-05-29T12:41:00Z,20.86,50.421,36.308,13.68,307.13
42.031,3.23671,2026-05-29T13:44:00Z,20.65,49.9,36.07,14.37,307.73
42.031,3.23671,2026-05-29T14:47:00Z,21.04,50.37,36.116,10.25,308.22
42.031,3.23671,2026-05-29T15:50:00Z,21.54,51.191,36.35,10.78,306.2
42.031,3.23671,2026-05-29T16:53:00Z,21.31,51.366,36.688,14.14,308.5
42.031,3.23671,2026-05-29T17:56:00Z,21.46,51.574,36.725,16.79,306.67
42.031,3.23671,2026-05-29T18:59:00Z,21.73,51.91,36.764,15.79,318.01
42.031,3.23671,2026-05-29T20:00:00Z,21.47,51.635,36.765,12.27,322.0
42.031,3.23671,2026-05-29T21:00:00Z,21.1,51.338,36.844,13.28,323.52
42.031,3.23671,2026-05-29T22:00:00Z,21.38,51.496,36.73,14.51,316.7
42.031,3.23671,2026-05-29T23:00:00Z,21.43,51.629,36.798,14.3,314.33
42.031,3.23671,2026-05-30T00:00:00Z,21.29,51.549,36.847,10.48,315.89
42.031,3.23671,2026-05-30T01:09:00Z,21.23,51.412,36.793,11.29,319.37
42.031,3.23671,2026-05-30T02:12:00Z,20.96,51.155,36.819,10.51,318.85
42.031,3.23671,2026-05-30T03:15:00Z,21.01,51.135,36.758,12.85,316.42
42.031,3.23671,2026-05-30T04:18:00Z,21.18,51.366,36.796,13.32,312.39
42.031,3.23671,2026-05-30T05:21:00Z,21.93,51.892,36.576,15.18,314.95
42.031,3.23671,2026-05-30T06:24:00Z,21.82,51.825,36.621,14.82,314.45
42.031,3.23671,2026-05-30T07:27:00Z,21.89,51.795,36.539,16.04,315.77
42.031,3.23671,2026-05-30T08:30:00Z,22.14,52.042,36.52,15.02,313.79
42.031,3.23671,2026-05-30T09:33:00Z,22.27,52.026,36.394,16.17,317.25
42.031,3.23671,2026-05-30T10:36:00Z,22.62,52.558,36.52,16.79,316.16
42.031,3.23671,2026-05-30T11:39:00Z,22.7,52.825,36.667,19.05,315.37
42.031,3.23671,2026-05-30T12:42:00Z,22.63,52.889,36.769,18.93,310.18
42.031,3.23671,2026-05-30T13:45:00Z,23.04,53.081,36.575,17.68,304.18
42.031,3.23671,2026-05-30T14:48:00Z,22.67,52.824,36.686,13.88,304.27
42.031,3.23671,2026-05-30T15:51:00Z,22.78,52.858,36.622,15.9,301.07
42.031,3.23671,2026-05-30T16:54:00Z,22.42,52.49,36.64,13.98,304.54
42.031,3.23671,2026-05-30T17:57:00Z,22.23,52.347,36.687,14.46,309.14
42.031,3.23671,2026-05-30T19:00:00Z,22.21,52.361,36.715,15.73,312.27
42.031,3.23671,2026-05-30T20:00:00Z,22.3,52.54,36.774,16.6,312.0
42.031,3.23671,2026-05-30T21:00:00Z,22.18,52.385,36.756,19.23,314.0
42.031,3.23671,2026-05-30T22:00:00Z,21.75,49.122,34.535,13.42,309.72
42.031,3.23671,2026-05-30T23:00:00Z,21.91,50.387,35.403,13.69,308.75
42.031,3.23671,2026-05-31T00:00:00Z,21.82,49.72,34.951,18.75,304.27
42.031,3.23671,2026-05-31T01:09:00Z,21.98,50.795,35.667,14.03,305.51
42.031,3.23671,2026-05-31T02:12:00Z,21.84,51.517,36.353,12.0,303.0
42.031,3.23671,2026-05-31T03:15:00Z,21.54,51.323,36.457,16.98,295.74
42.031,3.23671,2026-05-31T04:18:00Z,21.37,49.727,35.326,16.89,304.99
42.031,3.23671,2026-05-31T05:21:00Z,21.14,49.828,35.593,23.25,308.75
42.031,3.23671,2026-05-31T06:24:00Z,21.02,49.44,35.385,17.94,303.97
42.031,3.23671,2026-05-31T07:27:00Z,21.1,49.734,35.55,21.88,302.75
42.031,3.23671,2026-05-31T08:30:00Z,21.56,49.782,35.213,16.35,299.98
42.031,3.23671,2026-05-31T10:36:00Z,21.65,50.19,35.458,17.13,306.27
42.031,3.23671,2026-05-31T11:39:00Z,21.6,50.163,35.478,18.34,303.24
42.031,3.23671,2026-05-31T12:42:00Z,21.45,50.044,35.508,19.39,304.92
42.031,3.23671,2026-05-31T13:45:00Z,21.16,49.763,35.529,26.34,308.83
42.031,3.23671,2026-05-31T14:48:00Z,20.89,49.532,35.568,20.07,310.18
42.031,3.23671,2026-05-31T15:51:00Z,20.66,49.362,35.617,24.97,312.45
42.031,3.23671,2026-05-31T16:54:00Z,20.62,49.128,35.463,22.92,312.58
42.031,3.23671,2026-05-31T17:57:00Z,20.6,49.059,35.427,25.24,312.85
42.031,3.23671,2026-05-31T19:00:00Z,20.36,49.039,35.612,23.05,312.95
42.031,3.23671,2026-05-31T20:00:00Z,21.28,49.46,35.187,16.27,303.07
42.031,3.23671,2026-05-31T21:00:00Z,21.29,50.206,35.769,13.28,295.88
42.031,3.23671,2026-05-31T22:00:00Z,21.25,50.397,35.955,22.08,296.64
42.031,3.23671,2026-05-31T23:00:00Z,21.18,48.806,34.74,18.82,302.49
42.031,3.23671,2026-06-01T00:00:00Z,21.08,50.292,36.017,19.95,307.05
42.031,3.23671,2026-06-01T01:09:00Z,21.21,50.501,36.074,18.55,303.17
42.031,3.23671,2026-06-01T02:12:00Z,20.85,49.895,35.896,18.38,304.61
42.031,3.23671,2026-06-01T03:15:00Z,19.76,48.896,36.001,19.23,311.61
42.031,3.23671,2026-06-01T04:18:00Z,20.66,49.84,36.011,17.35,306.3
42.031,3.23671,2026-06-01T05:21:00Z,20.93,50.539,36.347,19.09,303.64
42.031,3.23671,2026-06-01T06:24:00Z,21.01,50.496,36.24,20.11,304.02
42.031,3.23671,2026-06-01T07:27:00Z,21.04,50.642,36.335,21.63,302.89
42.031,3.23671,2026-06-01T08:30:00Z,21.18,50.724,36.285,27.22,301.94
42.031,3.23671,2026-06-01T09:33:00Z,21.78,51.123,36.092,33.84,300.89
42.031,3.23671,2026-06-01T10:36:00Z,21.95,51.205,36.019,20.57,298.44
42.031,3.23671,2026-06-01T11:39:00Z,21.94,51.078,35.921,26.38,299.08
42.031,3.23671,2026-06-01T12:42:00Z,21.85,51.264,36.148,21.2,292.33
42.031,3.23671,2026-06-01T13:45:00Z,21.76,51.266,36.222,19.55,292.72
42.031,3.23671,2026-06-01T14:48:00Z,21.56,51.135,36.286,26.07,296.1
42.031,3.23671,2026-06-01T15:51:00Z,21.63,51.418,36.457,15.93,298.13
42.031,3.23671,2026-06-01T16:54:00Z,21.61,51.174,36.275,27.68,298.95
42.031,3.23671,2026-06-01T17:57:00Z,21.32,50.79,36.215,12.06,302.64
42.031,3.23671,2026-06-01T19:00:00Z,21.23,50.568,36.117,16.07,302.32
42.031,3.23671,2026-06-01T20:00:00Z,21.22,50.68,36.216,14.28,303.41
42.031,3.23671,2026-06-01T21:00:00Z,21.19,50.215,35.868,19.86,304.01
42.031,3.23671,2026-06-01T22:00:00Z,21.02,48.749,34.828,16.86,300.32
42.031,3.23671,2026-06-01T23:00:00Z,20.91,49.322,35.378,23.64,302.39
42.031,3.23671,2026-06-02T00:00:00Z,20.88,49.521,35.566,11.41,303.55
42.031,3.23671,2026-06-02T01:09:00Z,21.48,50.063,35.498,14.37,304.2
42.031,3.23671,2026-06-02T02:12:00Z,21.97,50.504,35.447,26.82,302.07
42.031,3.23671,2026-06-02T03:15:00Z,22.16,50.073,34.956,29.08,301.98
42.031,3.23671,2026-06-02T04:18:00Z,22.22,50.254,35.047,29.11,301.81
42.031,3.23671,2026-06-02T05:21:00Z,22.2,49.672,34.606,31.94,300.93
42.031,3.23671,2026-06-02T07:27:00Z,22.15,50.469,35.274,21.54,301.22
42.031,3.23671,2026-06-02T08:30:00Z,22.51,50.227,34.791,27.34,299.27
42.031,3.23671,2026-06-02T09:33:00Z,22.68,50.247,34.669,25.51,298.12
42.031,3.23671,2026-06-02T10:36:00Z,22.82,51.235,35.326,29.43,296.1
42.031,3.23671,2026-06-02T11:39:00Z,22.18,50.31,35.125,28.93,290.26
42.031,3.23671,2026-06-02T12:42:00Z,22.19,49.881,34.776,38.15,288.13
42.031,3.23671,2026-06-02T13:45:00Z,22.04,49.846,34.875,38.65,292.02
42.031,3.23671,2026-06-02T14:48:00Z,21.93,48.83,34.158,37.39,295.02
42.031,3.23671,2026-06-02T15:51:00Z,21.86,49.533,34.774,21.53,295.54
42.031,3.23671,2026-06-02T16:54:00Z,21.82,49.171,34.519,32.19,296.14
42.031,3.23671,2026-06-02T17:57:00Z,21.92,49.342,34.575,86.54,296.43
42.031,3.23671,2026-06-02T19:00:00Z,21.92,48.955,34.27,64.4,298.18
42.031,3.23671,2026-06-02T20:00:00Z,22.12,48.529,33.78,24.41,298.86
42.031,3.23671,2026-06-02T21:00:00Z,22.01,49.862,34.909,27.98,297.18
42.031,3.23671,2026-06-02T22:00:00Z,21.81,49.022,34.406,42.83,297.61
42.031,3.23671,2026-06-02T23:00:00Z,21.58,48.987,34.565,53.85,298.72
42.031,3.23671,2026-06-03T00:00:00Z,21.48,49.48,35.036,13.02,298.83
42.031,3.23671,2026-06-03T01:09:00Z,21.36,49.174,34.891,17.02,297.75
42.031,3.23671,2026-06-03T02:12:00Z,20.94,49.312,35.349,18.46,298.23
42.031,3.23671,2026-06-03T03:15:00Z,20.92,48.684,34.856,40.61,299.3
42.031,3.23671,2026-06-03T04:18:00Z,20.82,49.052,35.239,20.7,297.51
42.031,3.23671,2026-06-03T05:21:00Z,20.83,48.47,34.761,21.12,296.88
42.031,3.23671,2026-06-03T06:24:00Z,20.82,49.39,35.511,33.72,298.48
42.031,3.23671,2026-06-03T07:27:00Z,21.1,49.243,35.161,16.91,295.75
42.031,3.23671,2026-06-03T08:30:00Z,21.07,49.393,35.303,18.05,294.22
42.031,3.23671,2026-06-03T09:33:00Z,20.79,49.201,35.38,26.46,297.13
42.031,3.23671,2026-06-03T10:36:00Z,20.85,49.242,35.368,0.0,298.86
42.031,3.23671,2026-06-03T11:39:00Z,20.86,50.063,36.021,0.0,297.13
42.031,3.23671,2026-06-03T12:42:00Z,20.85,50.611,36.469,0.0,298.36
42.031,3.23671,2026-06-03T13:45:00Z,20.91,50.768,36.543,0.0,295.86
42.031,3.23671,2026-06-03T14:48:00Z,20.91,50.965,36.706,0.0,294.35
42.031,3.23671,2026-06-03T15:51:00Z,20.98,50.845,36.545,0.0,293.27
42.031,3.23671,2026-06-03T16:54:00Z,20.98,50.793,36.506,0.0,292.07
42.031,3.23671,2026-06-03T17:57:00Z,20.99,50.732,36.452,0.0,292.02
42.031,3.23671,2026-06-03T19:00:00Z,21.0,50.564,36.309,0.0,296.75
42.031,3.23671,2026-06-03T20:00:00Z,21.05,50.52,36.232,0.0,179.57
42.031,3.23671,2026-06-03T21:00:00Z,21.28,50.569,36.073,0.0,294.77
42.031,3.23671,2026-06-03T22:00:00Z,21.31,50.136,35.697,0.0,294.26
42.031,3.23671,2026-06-03T23:00:00Z,20.78,48.824,35.089,0.0,286.43
42.031,3.23671,2026-06-04T00:00:00Z,21.01,49.05,35.077,0.0,290.39
42.031,3.23671,2026-06-04T01:09:00Z,20.83,49.15,35.307,0.0,287.61
42.031,3.23671,2026-06-04T02:12:00Z,20.8,49.018,35.222,0.0,288.08
42.031,3.23671,2026-06-04T03:15:00Z,20.92,49.87,35.816,0.0,291.95
42.031,3.23671,2026-06-04T04:18:00Z,20.75,49.537,35.687,0.0,289.08
42.031,3.23671,2026-06-04T05:21:00Z,20.77,50.121,36.141,0.0,162.44
42.031,3.23671,2026-06-04T06:24:00Z,20.7,50.14,36.218,0.0,273.91
42.031,3.23671,2026-06-04T07:27:00Z,20.71,50.077,36.162,0.0,283.02
42.031,3.23671,2026-06-04T08:30:00Z,20.94,50.237,36.093,0.0,278.11
42.031,3.23671,2026-06-04T09:33:00Z,20.95,50.312,36.147,0.0,287.14
42.031,3.23671,2026-06-04T10:36:00Z,21.03,50.261,36.039,0.0,291.63
42.031,3.23671,2026-06-04T11:39:00Z,20.93,48.752,34.907,0.0,295.54
42.031,3.23671,2026-06-04T12:42:00Z,20.97,48.854,34.955,0.0,295.8
42.031,3.23671,2026-06-04T13:45:00Z,20.95,49.023,35.108,0.0,295.2
42.031,3.23671,2026-06-04T14:48:00Z,20.9,48.79,34.955,0.0,288.22
42.031,3.23671,2026-06-04T15:51:00Z,20.85,48.607,34.853,0.0,290.07
42.031,3.23671,2026-06-04T16:54:00Z,20.61,48.582,35.03,0.0,294.79
42.031,3.23671,2026-06-04T17:57:00Z,19.87,47.392,34.673,16.1,263.93
42.031,3.23671,2026-06-04T19:00:00Z,19.72,44.472,32.406,13.6,296.08
42.031,3.23671,2026-06-04T20:00:00Z,19.51,45.399,33.329,16.09,295.97
42.031,3.23671,2026-06-04T21:00:00Z,19.29,45.314,33.431,13.87,297.61
42.031,3.23671,2026-06-04T22:00:00Z,19.25,45.637,33.73,13.77,296.33
42.031,3.23671,2026-06-04T23:00:00Z,19.2,43.348,31.888,13.02,298.8
42.031,3.23671,2026-06-05T00:00:00Z,19.32,44.151,32.451,15.86,294.38
42.031,3.23671,2026-06-05T01:09:00Z,19.49,44.838,32.885,NaN,297.33
42.031,3.23671,2026-06-05T02:12:00Z,19.53,45.535,33.427,343.39,295.2
42.031,3.23671,2026-06-05T03:15:00Z,19.6,45.995,33.742,NaN,295.38
42.031,3.23671,2026-06-05T04:18:00Z,19.66,44.909,32.807,NaN,294.62
42.031,3.23671,2026-06-05T05:21:00Z,19.6,45.015,32.937,NaN,289.33
42.031,3.23671,2026-06-05T06:24:00Z,19.58,44.83,32.807,NaN,292.39
42.031,3.23671,2026-06-05T07:27:00Z,19.57,44.625,32.648,NaN,290.55
42.031,3.23671,2026-06-05T08:30:00Z,19.52,44.866,32.883,NaN,290.98
42.031,3.23671,2026-06-05T09:33:00Z,19.54,45.136,33.085,NaN,291.97
42.031,3.23671,2026-06-05T10:36:00Z,19.54,45.361,33.274,NaN,290.58
42.031,3.23671,2026-06-05T11:39:00Z,19.58,45.221,33.126,NaN,290.77
42.031,3.23671,2026-06-05T12:42:00Z,19.59,44.625,32.631,NaN,291.67
42.031,3.23671,2026-06-05T13:45:00Z,19.54,45.344,33.256,NaN,291.23
42.031,3.23671,2026-06-05T14:48:00Z,19.52,45.511,33.411,0.0,290.02
42.031,3.23671,2026-06-05T15:51:00Z,19.52,45.084,33.063,0.0,286.8
42.031,3.23671,2026-06-05T16:54:00Z,19.76,46.018,33.631,0.0,286.56
42.031,3.23671,2026-06-05T17:57:00Z,20.34,46.232,33.351,3.94,288.91
42.031,3.23671,2026-06-05T19:00:00Z,20.51,46.908,33.757,6.52,261.14
42.031,3.23671,2026-06-05T20:00:00Z,20.54,46.955,33.775,17.98,289.33
42.031,3.23671,2026-06-05T21:00:00Z,20.55,47.09,33.877,74.13,288.63
42.031,3.23671,2026-06-05T22:00:00Z,20.56,46.817,33.642,10.19,287.68
42.031,3.23671,2026-06-05T23:00:00Z,20.47,46.988,33.857,58.0,287.06
42.031,3.23671,2026-06-06T00:00:00Z,20.4,46.74,33.708,28.37,277.1
42.031,3.23671,2026-06-06T01:09:00Z,19.45,42.845,31.283,60.35,271.45
42.031,3.23671,2026-06-06T02:12:00Z,19.77,43.153,31.293,106.44,242.52
42.031,3.23671,2026-06-06T03:15:00Z,19.88,43.784,31.725,75.59,271.87
42.031,3.23671,2026-06-06T04:18:00Z,19.77,43.123,31.27,233.03,281.13
42.031,3.23671,2026-06-06T05:21:00Z,19.79,44.056,32.014,27.14,278.6
42.031,3.23671,2026-06-06T06:24:00Z,19.78,44.166,32.109,24.09,272.97
42.031,3.23671,2026-06-06T07:27:00Z,19.87,44.526,32.336,33.26,277.42
42.031,3.23671,2026-06-06T08:30:00Z,19.99,44.164,31.945,28.56,272.7
42.031,3.23671,2026-06-06T09:33:00Z,20.24,47.246,34.247,7.77,277.27
42.031,3.23671,2026-06-06T10:36:00Z,20.43,46.726,33.678,6.89,280.11
42.031,3.23671,2026-06-06T11:39:00Z,20.34,46.72,33.745,8.36,286.52
42.031,3.23671,2026-06-06T12:42:00Z,20.11,46.996,34.156,28.01,288.69
42.031,3.23671,2026-06-06T13:45:00Z,20.31,45.347,32.655,NaN,285.74
42.031,3.23671,2026-06-06T14:48:00Z,20.24,47.29,34.283,5.98,287.27
42.031,3.23671,2026-06-06T15:51:00Z,20.28,46.867,33.908,7.39,283.94
42.031,3.23671,2026-06-06T16:54:00Z,20.27,47.124,34.122,502.53,288.23
42.031,3.23671,2026-06-06T17:57:00Z,21.09,45.253,31.987,NaN,286.83
42.031,3.23671,2026-06-06T19:00:00Z,21.29,43.304,30.315,109.43,276.69
42.031,3.23671,2026-06-06T20:00:00Z,21.24,37.935,26.192,7.45,279.92
42.031,3.23671,2026-06-06T21:00:00Z,20.52,46.274,33.243,8.35,276.94
42.031,3.23671,2026-06-06T22:00:00Z,20.43,42.385,30.197,18.29,284.43
42.031,3.23671,2026-06-06T23:00:00Z,20.71,44.498,31.673,4.16,281.73
42.031,3.23671,2026-06-07T00:00:00Z,20.67,44.353,31.59,3.05,269.36
42.031,3.23671,2026-06-07T01:09:00Z,20.67,43.17,30.65,3.22,279.48
42.031,3.23671,2026-06-07T02:12:00Z,19.84,38.084,27.182,3.44,274.89
42.031,3.23671,2026-06-07T03:15:00Z,20.28,41.016,29.219,3.47,257.23
42.031,3.23671,2026-06-07T04:18:00Z,19.76,38.884,27.876,3.31,277.39
42.031,3.23671,2026-06-07T05:21:00Z,20.32,43.206,30.932,3.85,270.63
42.031,3.23671,2026-06-07T06:24:00Z,20.24,42.777,30.644,4.76,269.43
42.031,3.23671,2026-06-07T07:27:00Z,20.36,42.048,29.977,3.78,270.02
42.031,3.23671,2026-06-07T08:30:00Z,20.49,41.924,29.792,3.7,283.06
42.031,3.23671,2026-06-07T09:33:00Z,20.61,42.1,29.847,5.42,282.13
42.031,3.23671,2026-06-07T10:36:00Z,20.49,41.113,29.147,7.59,283.87
42.031,3.23671,2026-06-07T11:39:00Z,20.44,41.742,29.684,4.26,279.72
42.031,3.23671,2026-06-07T12:42:00Z,20.61,42.73,30.342,3.7,276.7
42.031,3.23671,2026-06-07T13:45:00Z,20.46,42.125,29.97,4.03,278.8
42.031,3.23671,2026-06-07T14:48:00Z,20.38,41.563,29.583,5.27,284.35
42.031,3.23671,2026-06-07T15:51:00Z,20.34,45.216,32.529,5.34,289.81
42.031,3.23671,2026-06-07T16:54:00Z,20.5,46.36,33.329,5.98,288.08
42.031,3.23671,2026-06-07T17:57:00Z,20.68,45.39,32.41,5.67,286.83
42.031,3.23671,2026-06-07T19:00:00Z,20.72,45.244,32.26,8.57,291.07
42.031,3.23671,2026-06-07T20:00:00Z,20.79,45.007,32.018,8.86,276.06
42.031,3.23671,2026-06-07T21:00:00Z,20.62,39.907,28.113,13.68,284.27
42.031,3.23671,2026-06-07T22:00:00Z,19.78,34.927,24.732,11.2,274.52
42.031,3.23671,2026-06-07T23:00:00Z,20.21,40.066,28.514,16.48,286.19
42.031,3.23671,2026-06-08T00:00:00Z,19.08,32.274,23.044,21.41,282.83
42.031,3.23671,2026-06-08T01:09:00Z,19.98,38.734,27.606,188.41,278.52
42.031,3.23671,2026-06-08T02:11:00Z,20.37,40.67,28.881,125.05,289.82
42.031,3.23671,2026-06-08T03:14:00Z,20.43,41.427,29.438,255.39,288.14
42.031,3.23671,2026-06-08T04:17:00Z,20.39,44.272,31.733,143.53,284.14
42.031,3.23671,2026-06-08T05:20:00Z,20.46,43.045,30.703,0.0,278.87
42.031,3.23671,2026-06-08T06:23:00Z,20.47,43.453,31.021,0.0,276.91
42.031,3.23671,2026-06-08T07:26:00Z,20.5,42.082,29.912,0.0,280.95
42.031,3.23671,2026-06-08T08:29:00Z,20.59,42.069,29.834,0.0,279.07
42.031,3.23671,2026-06-08T09:32:00Z,20.44,41.003,29.1,0.0,287.72
42.031,3.23671,2026-06-08T10:35:00Z,20.71,39.384,27.643,0.0,292.16
42.031,3.23671,2026-06-08T11:38:00Z,20.36,39.997,28.354,0.0,291.38
42.031,3.23671,2026-06-08T12:41:00Z,20.2,38.963,27.648,0.0,297.39
42.031,3.23671,2026-06-08T13:44:00Z,20.25,38.874,27.547,0.0,297.37
42.031,3.23671,2026-06-08T14:47:00Z,20.63,35.858,24.957,0.0,298.01
42.031,3.23671,2026-06-08T15:50:00Z,20.92,36.037,24.929,0.0,297.44
42.031,3.23671,2026-06-08T16:53:00Z,20.82,38.461,26.855,0.0,299.16
42.031,3.23671,2026-06-08T17:56:00Z,20.75,40.037,28.127,0.0,295.39
42.031,3.23671,2026-06-08T18:59:00Z,20.75,37.335,26.028,0.0,292.45
42.031,3.23671,2026-06-08T20:00:00Z,20.66,42.349,30.009,0.0,283.79
42.031,3.23671,2026-06-08T21:00:00Z,20.63,44.48,31.723,0.0,287.04
42.031,3.23671,2026-06-08T22:00:00Z,20.5,44.072,31.489,0.0,290.61
42.031,3.23671,2026-06-08T23:00:00Z,20.4,42.774,30.528,0.0,284.39
42.031,3.23671,2026-06-09T00:00:00Z,19.97,36.62,25.949,0.0,288.33
42.031,3.23671,2026-06-09T01:09:00Z,20.11,39.706,28.295,0.0,282.77
42.031,3.23671,2026-06-09T02:12:00Z,20.22,43.648,31.359,0.0,286.82
42.031,3.23671,2026-06-09T03:15:00Z,20.15,44.085,31.765,0.0,289.19
42.031,3.23671,2026-06-09T04:18:00Z,20.04,45.205,32.753,0.0,286.37
42.031,3.23671,2026-06-09T05:21:00Z,19.94,43.957,31.817,0.0,287.35
42.031,3.23671,2026-06-09T06:24:00Z,20.16,43.061,30.935,0.0,284.08
42.031,3.23671,2026-06-09T07:27:00Z,20.96,45.842,32.554,0.0,284.25
42.031,3.23671,2026-06-09T08:30:00Z,21.18,45.218,31.898,0.0,284.43
42.031,3.23671,2026-06-09T09:33:00Z,21.26,48.053,34.081,0.0,284.41
42.031,3.23671,2026-06-09T10:35:00Z,20.95,46.998,33.482,0.0,286.49
42.031,3.23671,2026-06-09T11:38:00Z,20.83,47.113,33.667,0.0,285.02
42.031,3.23671,2026-06-09T12:41:00Z,20.71,46.856,33.562,0.0,286.58
42.031,3.23671,2026-06-09T13:44:00Z,20.59,48.158,34.703,0.0,282.93
42.031,3.23671,2026-06-09T14:47:00Z,20.62,47.956,34.517,0.0,285.32
42.031,3.23671,2026-06-09T15:50:00Z,20.57,48.525,35.013,0.0,283.04
42.031,3.23671,2026-06-09T16:53:00Z,20.51,43.695,31.181,0.0,283.35
42.031,3.23671,2026-06-09T17:56:00Z,20.48,43.179,30.796,0.0,283.05
42.031,3.23671,2026-06-09T18:59:00Z,20.33,43.096,30.839,0.0,278.95
42.031,3.23671,2026-06-09T20:00:00Z,20.37,42.99,30.721,0.0,285.39
42.031,3.23671,2026-06-09T21:00:00Z,20.67,42.835,30.387,0.0,280.75
42.031,3.23671,2026-06-09T22:00:00Z,20.73,43.348,30.75,0.0,278.37
42.031,3.23671,2026-06-09T23:00:00Z,20.86,42.187,29.737,0.0,276.51
42.031,3.23671,2026-06-10T00:00:00Z,20.86,42.563,30.033,0.0,280.01
42.031,3.23671,2026-06-10T01:09:00Z,20.82,40.609,28.53,0.0,277.94
42.031,3.23671,2026-06-10T02:12:00Z,20.79,43.211,30.599,0.0,281.26
42.031,3.23671,2026-06-10T03:15:00Z,20.62,44.035,31.373,0.0,276.32
42.031,3.23671,2026-06-10T04:18:00Z,20.23,43.124,30.928,0.0,274.7
42.031,3.23671,2026-06-10T05:21:00Z,20.69,42.658,30.233,0.0,279.62
42.031,3.23671,2026-06-10T06:24:00Z,20.54,42.465,30.183,0.0,277.19
42.031,3.23671,2026-06-10T07:27:00Z,20.58,43.85,31.257,0.0,257.89
42.031,3.23671,2026-06-10T08:30:00Z,20.47,44.288,31.688,0.0,280.77
42.031,3.23671,2026-06-10T09:33:00Z,20.44,44.145,31.591,0.0,268.93
42.031,3.23671,2026-06-10T10:36:00Z,20.68,45.043,32.133,0.0,267.07
42.031,3.23671,2026-06-10T11:39:00Z,20.67,44.888,32.014,0.0,270.29
42.031,3.23671,2026-06-10T12:42:00Z,20.73,44.43,31.602,0.0,265.04
42.031,3.23671,2026-06-10T13:45:00Z,20.81,43.058,30.46,0.0,265.2
42.031,3.23671,2026-06-10T14:48:00Z,20.66,42.289,29.962,0.0,268.39
42.031,3.23671,2026-06-10T15:51:00Z,20.66,44.848,31.993,0.0,280.14
42.031,3.23671,2026-06-10T16:54:00Z,20.56,46.054,33.034,0.0,278.35
42.031,3.23671,2026-06-10T17:56:00Z,20.45,46.494,33.474,0.0,280.55
42.031,3.23671,2026-06-10T18:59:00Z,20.47,45.912,32.985,0.0,287.41
42.031,3.23671,2026-06-10T20:00:00Z,20.48,45.874,32.953,0.0,277.27
42.031,3.23671,2026-06-10T21:00:00Z,20.46,46.759,33.675,0.0,287.64
42.031,3.23671,2026-06-10T22:00:00Z,20.33,46.308,33.419,0.0,286.27
42.031,3.23671,2026-06-10T23:00:00Z,20.45,46.447,33.437,0.0,292.39
42.031,3.23671,2026-06-11T00:00:00Z,20.52,46.293,33.252,0.0,293.08
42.031,3.23671,2026-06-11T01:09:00Z,20.49,46.627,33.551,0.0,292.87
42.031,3.23671,2026-06-11T02:12:00Z,20.52,46.517,33.433,0.0,292.12
42.031,3.23671,2026-06-11T03:15:00Z,20.35,45.335,32.619,0.0,293.02
42.031,3.23671,2026-06-11T04:18:00Z,20.32,46.897,33.905,0.0,292.27
42.031,3.23671,2026-06-11T05:21:00Z,20.28,45.529,32.826,0.0,290.95
42.031,3.23671,2026-06-11T06:24:00Z,20.19,46.256,33.485,0.0,294.38
42.031,3.23671,2026-06-11T07:27:00Z,20.23,45.112,32.526,0.0,293.52
42.031,3.23671,2026-06-11T08:30:00Z,20.33,48.539,35.226,0.0,291.77
42.031,3.23671,2026-06-11T09:33:00Z,20.48,49.197,35.642,0.0,289.64
42.031,3.23671,2026-06-11T10:36:00Z,20.54,48.613,35.111,0.0,285.89
42.031,3.23671,2026-06-11T11:39:00Z,20.5,48.725,35.238,0.0,284.05
42.031,3.23671,2026-06-11T12:42:00Z,20.56,48.344,34.876,0.0,282.85
42.031,3.23671,2026-06-11T13:45:00Z,20.55,48.317,34.861,0.0,284.69
42.031,3.23671,2026-06-11T14:48:00Z,20.5,47.16,33.968,0.0,285.0
42.031,3.23671,2026-06-11T15:51:00Z,20.56,47.522,34.213,0.0,283.82
42.031,3.23671,2026-06-11T16:54:00Z,20.57,47.231,33.97,0.0,284.54
42.031,3.23671,2026-06-11T17:57:00Z,20.59,47.702,34.339,0.0,285.57
42.031,3.23671,2026-06-11T19:00:00Z,20.61,46.864,33.644,0.0,289.87
42.031,3.23671,2026-06-11T20:00:00Z,20.56,47.178,33.935,0.0,283.33
42.031,3.23671,2026-06-11T21:00:00Z,20.61,46.841,33.623,0.0,278.32
42.031,3.23671,2026-06-11T22:00:00Z,20.54,47.416,34.142,0.0,283.86
42.031,3.23671,2026-06-11T23:00:00Z,20.36,46.804,33.794,0.0,284.8
42.031,3.23671,2026-06-12T00:00:00Z,20.32,46.483,33.563,0.0,288.2
42.031,3.23671,2026-06-12T01:09:00Z,20.33,47.639,34.493,0.0,285.38
42.031,3.23671,2026-06-12T02:12:00Z,20.23,47.028,34.076,0.0,288.37
42.031,3.23671,2026-06-12T03:15:00Z,20.21,45.776,33.08,0.0,290.33
42.031,3.23671,2026-06-12T04:18:00Z,20.27,48.327,35.105,0.0,290.05
42.031,3.23671,2026-06-12T05:21:00Z,20.27,48.609,35.332,0.0,287.74
42.031,3.23671,2026-06-12T06:24:00Z,20.3,48.497,35.222,0.0,282.92
42.031,3.23671,2026-06-12T07:27:00Z,20.33,48.931,35.544,0.0,284.2
42.031,3.23671,2026-06-12T08:30:00Z,20.39,48.577,35.207,0.0,284.14
42.031,3.23671,2026-06-12T09:33:00Z,20.57,49.411,35.736,0.0,282.61
42.031,3.23671,2026-06-12T10:36:00Z,21.01,49.839,35.716,0.0,280.26
42.031,3.23671,2026-06-12T11:39:00Z,20.55,49.297,35.658,0.0,283.32
42.031,3.23671,2026-06-12T12:42:00Z,20.76,49.394,35.566,0.0,283.31
42.031,3.23671,2026-06-12T13:45:00Z,20.86,49.713,35.733,0.0,279.45
42.031,3.23671,2026-06-12T14:48:00Z,20.83,49.625,35.687,0.0,279.64
42.031,3.23671,2026-06-12T15:51:00Z,20.84,49.665,35.716,0.0,279.89
42.031,3.23671,2026-06-12T16:54:00Z,20.96,49.359,35.371,0.0,280.1
42.031,3.23671,2026-06-12T17:57:00Z,21.12,50.042,35.787,0.0,280.52
42.031,3.23671,2026-06-12T19:00:00Z,21.23,49.602,35.337,0.0,276.75
42.031,3.23671,2026-06-12T20:00:00Z,21.37,49.718,35.319,0.0,281.44
42.031,3.23671,2026-06-12T21:00:00Z,21.48,50.053,35.491,0.0,274.57
42.031,3.23671,2026-06-12T22:00:00Z,21.53,49.708,35.174,0.0,278.26
42.031,3.23671,2026-06-12T23:00:00Z,21.4,48.532,34.35,0.0,282.75
42.031,3.23671,2026-06-13T00:00:00Z,20.95,47.668,34.017,0.0,278.45
42.031,3.23671,2026-06-13T01:09:00Z,21.0,46.104,32.731,0.0,284.2
42.031,3.23671,2026-06-13T02:12:00Z,20.72,46.298,33.105,0.0,284.1
42.031,3.23671,2026-06-13T03:15:00Z,20.48,45.913,32.979,0.0,281.72
42.031,3.23671,2026-06-13T04:18:00Z,20.47,45.784,32.883,0.0,281.45
42.031,3.23671,2026-06-13T05:21:00Z,20.33,46.236,33.356,0.0,278.99
42.031,3.23671,2026-06-13T06:24:00Z,20.32,46.131,33.282,0.0,281.1
42.031,3.23671,2026-06-13T07:27:00Z,20.45,46.412,33.41,0.0,281.87
42.031,3.23671,2026-06-13T08:30:00Z,20.76,47.13,33.74,0.0,278.37
42.031,3.23671,2026-06-13T09:33:00Z,20.84,47.129,33.672,0.0,278.2
42.031,3.23671,2026-06-13T10:36:00Z,22.19,48.681,33.84,0.0,279.64
42.031,3.23671,2026-06-13T11:39:00Z,21.58,49.688,35.122,0.0,284.95
42.031,3.23671,2026-06-13T12:42:00Z,22.2,50.621,35.353,0.0,280.89
42.031,3.23671,2026-06-13T13:45:00Z,21.61,49.711,35.118,0.0,277.51
42.031,3.23671,2026-06-13T14:48:00Z,21.62,50.321,35.587,0.0,283.6
42.031,3.23671,2026-06-13T15:51:00Z,21.66,50.389,35.612,0.0,279.68
42.031,3.23671,2026-06-13T16:54:00Z,21.31,49.9,35.513,0.0,278.11
42.031,3.23671,2026-06-13T17:57:00Z,21.0,49.461,35.413,0.0,279.38
42.031,3.23671,2026-06-13T19:00:00Z,20.98,48.972,35.042,0.0,278.79
42.031,3.23671,2026-06-13T20:00:00Z,20.92,49.131,35.218,0.0,278.79
42.031,3.23671,2026-06-13T21:00:00Z,21.57,47.821,33.647,0.0,285.81
42.031,3.23671,2026-06-13T22:00:00Z,21.87,46.772,32.596,0.0,282.52
42.031,3.23671,2026-06-13T23:00:00Z,21.59,47.553,33.427,0.0,286.98
42.031,3.23671,2026-06-14T00:00:00Z,21.5,48.122,33.942,0.0,279.93
42.031,3.23671,2026-06-14T01:09:00Z,21.3,49.386,35.112,0.0,274.49
42.031,3.23671,2026-06-14T02:12:00Z,21.22,49.345,35.143,0.0,280.26
42.031,3.23671,2026-06-14T03:15:00Z,21.13,49.061,34.987,0.0,282.31
42.031,3.23671,2026-06-14T04:18:00Z,20.68,48.736,35.094,0.0,282.49
42.031,3.23671,2026-06-14T05:21:00Z,20.66,48.614,35.012,0.0,282.52
42.031,3.23671,2026-06-14T06:24:00Z,20.56,48.555,35.048,0.0,283.12
42.031,3.23671,2026-06-14T07:27:00Z,20.76,48.447,34.797,0.0,282.52
42.031,3.23671,2026-06-14T08:30:00Z,20.91,47.225,33.693,0.0,278.58
42.031,3.23671,2026-06-14T09:33:00Z,21.37,48.899,34.667,0.0,286.02
42.031,3.23671,2026-06-14T10:36:00Z,21.37,49.033,34.772,0.0,284.52
42.031,3.23671,2026-06-14T11:39:00Z,21.94,48.668,34.029,0.0,275.18
42.031,3.23671,2026-06-14T12:42:00Z,22.03,48.286,33.659,0.0,288.58
42.031,3.23671,2026-06-14T13:45:00Z,22.56,50.461,34.935,0.0,284.26
42.031,3.23671,2026-06-14T14:48:00Z,22.36,48.347,33.453,0.0,274.7
42.031,3.23671,2026-06-14T15:51:00Z,22.48,48.534,33.506,0.0,274.41
42.031,3.23671,2026-06-14T16:54:00Z,21.37,46.604,32.846,0.0,269.66
42.031,3.23671,2026-06-14T17:57:00Z,20.97,46.341,32.945,0.0,278.63
42.031,3.23671,2026-06-14T19:00:00Z,21.0,46.453,33.007,0.0,276.44
42.031,3.23671,2026-06-14T20:00:00Z,21.13,46.893,33.257,0.0,285.31
42.031,3.23671,2026-06-14T21:00:00Z,22.18,45.35,31.263,0.0,289.29
42.031,3.23671,2026-06-14T22:00:00Z,22.24,46.591,32.178,0.0,287.45
42.031,3.23671,2026-06-14T23:00:00Z,21.85,44.485,30.831,0.0,284.89
42.031,3.23671,2026-06-15T00:00:00Z,21.67,47.523,33.336,0.0,287.77
42.031,3.23671,2026-06-15T01:09:00Z,21.68,47.763,33.523,0.0,278.86
42.031,3.23671,2026-06-15T02:12:00Z,21.64,44.543,31.03,0.0,276.8
42.031,3.23671,2026-06-15T03:15:00Z,21.52,47.446,33.393,0.0,264.55
42.031,3.23671,2026-06-15T04:18:00Z,21.2,47.35,33.567,0.0,270.77
42.031,3.23671,2026-06-15T05:21:00Z,21.27,47.516,33.643,0.0,273.0
42.031,3.23671,2026-06-15T06:24:00Z,21.19,47.869,33.989,0.0,269.12
42.031,3.23671,2026-06-15T07:27:00Z,21.27,47.549,33.67,0.0,262.72
42.031,3.23671,2026-06-15T08:30:00Z,21.44,47.912,33.828,0.0,264.22
42.031,3.23671,2026-06-15T09:33:00Z,21.56,47.777,33.626,0.0,257.61
42.031,3.23671,2026-06-15T10:36:00Z,21.48,47.194,33.228,0.0,263.49
42.031,3.23671,2026-06-15T11:39:00Z,21.8,49.249,34.594,0.0,269.74
42.031,3.23671,2026-06-15T12:42:00Z,21.85,50.392,35.458,0.0,264.75
42.031,3.23671,2026-06-15T13:45:00Z,23.51,51.496,34.975,0.0,246.65
42.031,3.23671,2026-06-15T14:48:00Z,22.46,50.169,34.791,0.0,241.5
42.031,3.23671,2026-06-15T15:51:00Z,21.32,49.322,35.042,0.0,248.24
42.031,3.23671,2026-06-15T16:54:00Z,21.41,49.618,35.201,0.0,234.27
42.031,3.23671,2026-06-15T17:57:00Z,21.55,50.507,35.795,0.0,240.28
42.031,3.23671,2026-06-15T19:00:00Z,21.52,50.591,35.892,0.0,247.99
42.031,3.23671,2026-06-15T20:00:00Z,21.5,50.091,35.509,0.0,252.88
42.031,3.23671,2026-06-15T21:00:00Z,22.92,50.367,34.58,0.0,289.94
42.031,3.23671,2026-06-15T22:00:00Z,22.99,47.854,32.596,0.0,287.66
42.031,3.23671,2026-06-15T23:00:00Z,22.39,48.952,33.898,0.0,266.97
42.031,3.23671,2026-06-16T00:00:00Z,21.85,48.355,33.851,0.0,259.61
42.031,3.23671,2026-06-16T01:09:00Z,21.61,48.549,34.194,0.0,246.99
42.031,3.23671,2026-06-16T02:12:00Z,21.41,48.468,34.287,0.0,239.87
42.031,3.23671,2026-06-16T03:15:00Z,21.26,48.368,34.326,0.0,242.98
42.031,3.23671,2026-06-16T04:18:00Z,20.94,48.101,34.371,0.0,259.82
42.031,3.23671,2026-06-16T05:21:00Z,20.92,47.588,33.977,0.0,264.55
42.031,3.23671,2026-06-16T06:24:00Z,21.12,47.525,33.768,0.0,268.99
42.031,3.23671,2026-06-16T07:27:00Z,21.21,47.553,33.717,0.0,260.89
42.031,3.23671,2026-06-16T08:30:00Z,21.39,48.139,34.046,0.0,257.11
42.031,3.23671,2026-06-16T09:33:00Z,21.4,48.179,34.071,0.0,235.64
42.031,3.23671,2026-06-16T10:36:00Z,21.88,48.078,33.608,0.0,275.08
42.031,3.23671,2026-06-16T11:39:00Z,21.37,47.901,33.872,0.0,277.76
42.031,3.23671,2026-06-16T12:42:00Z,21.32,48.13,34.089,0.0,273.51
42.031,3.23671,2026-06-16T13:45:00Z,21.52,48.109,33.92,0.0,267.32
42.031,3.23671,2026-06-16T14:48:00Z,21.39,47.867,33.825,0.0,250.23
42.031,3.23671,2026-06-16T15:51:00Z,21.7,48.185,33.839,0.0,260.58
42.031,3.23671,2026-06-16T16:54:00Z,21.72,47.429,33.227,0.0,280.57
42.031,3.23671,2026-06-16T17:57:00Z,21.75,47.369,33.159,0.0,281.54
42.031,3.23671,2026-06-16T19:00:00Z,21.91,47.244,32.935,0.0,282.07
42.031,3.23671,2026-06-16T20:00:00Z,21.98,47.813,33.324,0.0,283.89
42.031,3.23671,2026-06-16T21:00:00Z,21.91,47.653,33.252,0.0,265.47
42.031,3.23671,2026-06-16T22:00:00Z,21.74,47.987,33.646,0.0,280.68
42.031,3.23671,2026-06-16T23:00:00Z,21.71,47.899,33.601,0.0,267.42
42.031,3.23671,2026-06-17T00:00:00Z,21.46,46.689,32.846,0.0,288.29
42.031,3.23671,2026-06-17T01:09:00Z,21.58,46.982,32.981,0.0,275.74
42.031,3.23671,2026-06-17T02:12:00Z,21.34,47.519,33.59,0.0,266.67
42.031,3.23671,2026-06-17T03:15:00Z,21.17,47.558,33.76,0.0,260.88
42.031,3.23671,2026-06-17T04:18:00Z,20.97,47.459,33.835,0.0,268.02
42.031,3.23671,2026-06-17T05:21:00Z,20.92,47.524,33.926,0.0,260.47
42.031,3.23671,2026-06-17T06:24:00Z,20.91,47.748,34.114,0.0,253.0
42.031,3.23671,2026-06-17T07:27:00Z,20.94,47.851,34.171,0.0,259.69
42.031,3.23671,2026-06-17T08:30:00Z,21.39,47.482,33.522,0.0,261.67
42.031,3.23671,2026-06-17T09:33:00Z,21.67,48.165,33.844,0.0,263.83
42.031,3.23671,2026-06-17T10:36:00Z,21.97,48.869,34.162,0.0,256.89
42.031,3.23671,2026-06-17T11:39:00Z,22.15,48.961,34.089,0.0,264.48
42.031,3.23671,2026-06-17T12:42:00Z,21.81,48.174,33.743,0.0,274.94
42.031,3.23671,2026-06-17T13:45:00Z,22.1,48.166,33.508,0.0,281.06
42.031,3.23671,2026-06-17T14:48:00Z,21.71,48.438,34.028,0.0,282.32
42.031,3.23671,2026-06-17T15:51:00Z,21.51,48.2,33.999,0.0,281.05
42.031,3.23671,2026-06-17T16:54:00Z,21.37,48.104,34.034,0.0,280.88
42.031,3.23671,2026-06-17T17:57:00Z,21.15,48.142,34.24,0.0,276.45
42.031,3.23671,2026-06-17T19:00:00Z,21.08,48.433,34.525,0.0,272.86
42.031,3.23671,2026-06-17T20:00:00Z,20.87,47.59,34.017,0.0,281.95
42.031,3.23671,2026-06-17T21:00:00Z,20.92,47.881,34.215,0.0,276.67
42.031,3.23671,2026-06-17T22:00:00Z,20.92,47.726,34.092,0.0,277.43
42.031,3.23671,2026-06-17T23:00:00Z,20.88,47.793,34.174,0.0,277.24
42.031,3.23671,2026-06-18T00:00:00Z,21.1,48.155,34.291,0.0,279.56
42.031,3.23671,2026-06-18T01:09:00Z,21.06,48.679,34.736,0.0,268.51
42.031,3.23671,2026-06-18T02:12:00Z,21.06,48.639,34.707,0.0,272.41
42.031,3.23671,2026-06-18T03:15:00Z,21.06,48.769,34.81,0.0,273.75
42.031,3.23671,2026-06-18T04:18:00Z,21.02,47.825,34.085,0.0,276.94
42.031,3.23671,2026-06-18T05:21:00Z,20.97,47.876,34.171,0.0,288.5
42.031,3.23671,2026-06-18T06:24:00Z,20.99,48.029,34.275,0.0,283.1
42.031,3.23671,2026-06-18T07:27:00Z,21.2,48.363,34.374,0.0,276.02
42.031,3.23671,2026-06-18T08:30:00Z,21.47,48.606,34.347,0.0,279.04
42.031,3.23671,2026-06-18T09:33:00Z,21.75,49.091,34.509,0.0,280.99
42.031,3.23671,2026-06-18T10:36:00Z,21.46,48.854,34.555,0.0,277.58
42.031,3.23671,2026-06-18T11:39:00Z,21.41,48.65,34.434,0.0,278.81
42.031,3.23671,2026-06-18T12:42:00Z,21.67,48.877,34.408,0.0,275.32
42.031,3.23671,2026-06-18T13:45:00Z,21.84,48.992,34.363,0.0,273.39
42.031,3.23671,2026-06-18T14:48:00Z,21.69,48.733,34.272,0.0,275.88
42.031,3.23671,2026-06-18T15:51:00Z,21.92,48.933,34.247,0.0,278.63
42.031,3.23671,2026-06-18T16:54:00Z,21.68,48.799,34.337,0.0,280.0
42.031,3.23671,2026-06-18T17:57:00Z,21.06,47.999,34.198,0.0,288.67
42.031,3.23671,2026-06-18T19:00:00Z,21.42,47.993,33.903,0.0,286.47
42.031,3.23671,2026-06-18T20:00:00Z,21.47,48.409,34.191,0.0,283.98
42.031,3.23671,2026-06-18T21:00:00Z,21.44,48.282,34.115,0.0,286.8
42.031,3.23671,2026-06-18T22:00:00Z,21.42,48.195,34.067,0.0,289.77
42.031,3.23671,2026-06-18T23:00:00Z,21.41,48.124,34.015,0.0,286.83
42.031,3.23671,2026-06-19T00:00:00Z,21.44,47.771,33.71,0.0,289.29
42.031,3.23671,2026-06-19T01:09:00Z,21.49,48.162,33.981,0.0,288.17
42.031,3.23671,2026-06-19T02:12:00Z,21.09,47.092,33.45,0.0,285.06
42.031,3.23671,2026-06-19T03:15:00Z,21.08,47.43,33.725,0.0,281.14
42.031,3.23671,2026-06-19T04:18:00Z,21.1,47.536,33.791,0.0,287.3
42.031,3.23671,2026-06-19T05:21:00Z,21.16,47.747,33.913,0.0,281.1
42.031,3.23671,2026-06-19T06:24:00Z,21.07,47.211,33.561,0.0,286.42
42.031,3.23671,2026-06-19T07:27:00Z,21.41,47.204,33.291,0.0,292.07
42.031,3.23671,2026-06-19T08:30:00Z,21.78,47.388,33.148,0.0,286.01
42.031,3.23671,2026-06-19T09:33:00Z,22.19,48.686,33.843,0.0,278.79
42.031,3.23671,2026-06-19T10:36:00Z,22.19,48.601,33.776,0.0,275.54
42.031,3.23671,2026-06-19T11:39:00Z,22.12,47.133,32.693,0.0,272.62
42.031,3.23671,2026-06-19T12:42:00Z,22.01,47.37,32.957,0.0,278.79
42.031,3.23671,2026-06-19T13:45:00Z,22.09,45.676,31.586,0.0,280.7
42.031,3.23671,2026-06-19T14:48:00Z,22.35,45.473,31.24,0.0,286.81
42.031,3.23671,2026-06-19T15:51:00Z,22.12,44.752,30.845,0.0,289.41
42.031,3.23671,2026-06-19T16:54:00Z,21.88,43.925,30.377,0.0,290.93
42.031,3.23671,2026-06-19T17:57:00Z,21.79,44.473,30.868,0.0,289.45
42.031,3.23671,2026-06-19T19:00:00Z,21.77,45.169,31.421,0.0,281.38
42.031,3.23671,2026-06-19T20:00:00Z,21.65,44.966,31.353,0.0,284.58
42.031,3.23671,2026-06-19T21:00:00Z,21.68,44.546,31.0,0.0,288.99
42.031,3.23671,2026-06-19T22:00:00Z,21.84,44.723,31.027,0.0,288.85
42.031,3.23671,2026-06-19T23:00:00Z,21.77,44.658,31.027,0.0,285.98
42.031,3.23671,2026-06-20T00:00:00Z,21.59,45.516,31.826,0.0,289.93
42.031,3.23671,2026-06-20T01:09:00Z,22.15,43.896,30.167,0.0,303.04
42.031,3.23671,2026-06-20T02:12:00Z,21.53,44.689,31.22,0.0,286.75
42.031,3.23671,2026-06-20T03:15:00Z,21.45,44.5,31.13,0.0,288.35
42.031,3.23671,2026-06-20T04:18:00Z,21.79,45.447,31.628,0.0,283.13
42.031,3.23671,2026-06-20T05:21:00Z,21.75,44.589,30.987,0.0,284.36
42.031,3.23671,2026-06-20T06:24:00Z,21.63,45.956,32.139,0.0,281.73
42.031,3.23671,2026-06-20T07:26:00Z,21.61,46.523,32.601,0.0,279.97
42.031,3.23671,2026-06-20T08:29:00Z,22.35,46.497,32.027,0.0,275.47
42.031,3.23671,2026-06-20T09:32:00Z,22.9,46.504,31.635,0.0,279.45
42.031,3.23671,2026-06-20T10:35:00Z,23.18,45.004,30.3,0.0,277.86
42.031,3.23671,2026-06-20T11:38:00Z,22.69,43.983,29.863,0.0,272.58
42.031,3.23671,2026-06-20T12:41:00Z,22.5,44.016,30.021,0.0,278.85
42.031,3.23671,2026-06-20T13:44:00Z,22.55,44.338,30.231,0.0,275.39
42.031,3.23671,2026-06-20T14:47:00Z,22.56,44.732,30.527,0.0,279.22
42.031,3.23671,2026-06-20T15:50:00Z,22.47,44.234,30.207,0.0,282.1
42.031,3.23671,2026-06-20T16:53:00Z,22.35,44.748,30.684,0.0,278.22
42.031,3.23671,2026-06-20T17:56:00Z,22.33,44.642,30.618,0.0,281.87
42.031,3.23671,2026-06-20T18:59:00Z,22.03,43.262,29.766,0.0,288.58
42.031,3.23671,2026-06-20T20:00:00Z,21.75,44.036,30.555,0.0,290.94
42.031,3.23671,2026-06-20T21:00:00Z,21.55,43.135,29.998,0.0,291.12
42.031,3.23671,2026-06-20T22:00:00Z,21.79,44.649,31.003,0.0,292.91
42.031,3.23671,2026-06-20T23:00:00Z,22.05,43.153,29.668,0.0,286.69
42.031,3.23671,2026-06-21T00:00:00Z,21.98,42.145,28.941,0.0,287.77
42.031,3.23671,2026-06-21T01:09:00Z,21.96,41.089,28.152,0.0,269.05
42.031,3.23671,2026-06-21T02:12:00Z,21.65,43.889,30.516,0.0,274.79
42.031,3.23671,2026-06-21T03:15:00Z,21.53,44.041,30.714,0.0,273.44
42.031,3.23671,2026-06-21T04:18:00Z,21.56,42.906,29.814,0.0,278.83
42.031,3.23671,2026-06-21T05:21:00Z,21.5,43.429,30.259,0.0,267.45
42.031,3.23671,2026-06-21T06:24:00Z,21.57,43.884,30.568,0.0,279.41
42.031,3.23671,2026-06-21T07:27:00Z,21.68,43.306,30.038,0.0,270.42
42.031,3.23671,2026-06-21T08:30:00Z,21.88,43.244,29.858,0.0,277.72
42.031,3.23671,2026-06-21T09:33:00Z,21.98,43.407,29.909,0.0,276.01
42.031,3.23671,2026-06-21T10:36:00Z,22.34,43.757,29.933,0.0,275.63
42.031,3.23671,2026-06-21T11:39:00Z,22.16,44.378,30.53,0.0,281.23
42.031,3.23671,2026-06-21T12:42:00Z,21.92,44.202,30.565,0.0,276.38
42.031,3.23671,2026-06-21T13:45:00Z,21.68,43.907,30.505,0.0,280.52
42.031,3.23671,2026-06-21T14:47:00Z,21.44,43.876,30.653,0.0,282.5
42.031,3.23671,2026-06-21T15:50:00Z,21.53,43.843,30.564,0.0,282.12
42.031,3.23671,2026-06-21T16:53:00Z,21.49,43.89,30.631,0.0,275.52
42.031,3.23671,2026-06-21T17:56:00Z,21.37,43.82,30.658,0.0,285.25
42.031,3.23671,2026-06-21T18:59:00Z,21.29,43.746,30.655,0.0,286.58
42.031,3.23671,2026-06-21T20:00:00Z,21.3,43.497,30.456,0.0,275.3
42.031,3.23671,2026-06-21T21:00:00Z,21.29,43.895,30.773,0.0,289.57
42.031,3.23671,2026-06-21T22:00:00Z,21.3,43.553,30.502,0.0,285.14
42.031,3.23671,2026-06-21T23:00:00Z,21.33,43.66,30.56,0.0,282.72
42.031,3.23671,2026-06-22T00:00:00Z,21.19,43.574,30.594,0.0,286.7
42.031,3.23671,2026-06-22T01:09:00Z,21.02,43.605,30.738,0.0,288.89
42.031,3.23671,2026-06-22T02:12:00Z,21.01,43.067,30.323,0.0,285.2
42.031,3.23671,2026-06-22T03:15:00Z,20.96,43.537,30.73,0.0,280.88
42.031,3.23671,2026-06-22T04:18:00Z,20.93,43.114,30.416,0.0,266.7
42.031,3.23671,2026-06-22T05:21:00Z,20.96,43.26,30.511,0.0,277.42
42.031,3.23671,2026-06-22T06:24:00Z,21.14,43.055,30.224,0.0,278.83
42.031,3.23671,2026-06-22T07:27:00Z,21.17,42.596,29.844,0.0,275.47
42.031,3.23671,2026-06-22T08:30:00Z,21.56,43.486,30.267,0.0,267.37
42.031,3.23671,2026-06-22T09:33:00Z,21.44,43.283,30.188,0.0,267.43
42.031,3.23671,2026-06-22T10:36:00Z,21.3,43.5,30.462,0.0,276.47
42.031,3.23671,2026-06-22T11:39:00Z,21.63,43.33,30.092,0.0,278.31
42.031,3.23671,2026-06-22T12:42:00Z,22.43,44.285,30.276,0.0,280.54
42.031,3.23671,2026-06-22T13:45:00Z,22.98,44.594,30.132,0.0,277.99
42.031,3.23671,2026-06-22T14:48:00Z,23.37,45.142,30.271,0.0,273.92
42.031,3.23671,2026-06-22T15:51:00Z,22.53,43.573,29.665,0.0,272.64
42.031,3.23671,2026-06-22T16:54:00Z,23.77,44.823,29.763,0.0,281.89
42.031,3.23671,2026-06-22T17:57:00Z,23.86,45.1,29.911,0.0,281.14
42.031,3.23671,2026-06-22T19:00:00Z,23.93,45.734,30.333,0.0,281.43
42.031,3.23671,2026-06-22T20:00:00Z,23.62,44.927,29.947,0.0,281.95
42.031,3.23671,2026-06-22T21:00:00Z,23.27,45.078,30.293,0.0,281.95
42.031,3.23671,2026-06-22T22:00:00Z,23.53,46.324,31.049,0.0,272.27
42.031,3.23671,2026-06-22T23:00:00Z,23.35,46.217,31.092,0.0,259.32
42.031,3.23671,2026-06-23T00:00:00Z,22.86,43.528,29.409,0.0,258.61
42.031,3.23671,2026-06-23T01:09:00Z,22.82,45.435,30.877,0.0,276.83
42.031,3.23671,2026-06-23T02:12:00Z,22.65,44.93,30.612,0.0,273.32
42.031,3.23671,2026-06-23T03:15:00Z,22.55,45.288,30.952,0.0,271.61
42.031,3.23671,2026-06-23T04:18:00Z,22.83,43.484,29.396,0.0,285.08
42.031,3.23671,2026-06-23T05:21:00Z,22.68,43.776,29.716,0.0,272.06
42.031,3.23671,2026-06-23T06:24:00Z,23.43,45.156,30.245,0.0,269.67
42.031,3.23671,2026-06-23T07:27:00Z,23.33,45.419,30.508,0.0,268.6
42.031,3.23671,2026-06-23T08:30:00Z,23.48,44.775,29.928,0.0,271.91
42.031,3.23671,2026-06-23T09:33:00Z,24.13,45.511,30.035,0.0,278.11
42.031,3.23671,2026-06-23T10:36:00Z,23.97,45.845,30.391,0.0,276.55
42.031,3.23671,2026-06-23T11:39:00Z,24.64,46.693,30.559,0.0,275.2
42.031,3.23671,2026-06-23T12:42:00Z,24.37,46.632,30.696,0.0,266.81
42.031,3.23671,2026-06-23T13:45:00Z,24.9,48.347,31.585,0.0,274.92
42.031,3.23671,2026-06-23T14:48:00Z,24.81,48.569,31.814,0.0,255.83
42.031,3.23671,2026-06-23T15:51:00Z,24.43,48.476,32.014,0.0,262.55
42.031,3.23671,2026-06-23T16:54:00Z,24.22,46.972,31.053,0.0,265.36
42.031,3.23671,2026-06-23T17:57:00Z,24.26,46.82,30.911,0.0,260.39
42.031,3.23671,2026-06-23T19:00:00Z,24.04,46.903,31.122,0.0,262.54
42.031,3.23671,2026-06-23T20:00:00Z,24.06,46.131,30.541,0.0,274.45
42.031,3.23671,2026-06-23T21:00:00Z,23.73,48.018,32.174,0.0,277.74
42.031,3.23671,2026-06-23T22:00:00Z,23.95,47.469,31.608,0.0,288.14
42.031,3.23671,2026-06-23T23:00:00Z,23.7,46.39,30.983,0.0,286.67
42.031,3.23671,2026-06-24T00:00:00Z,23.76,40.835,26.839,0.0,323.56
42.031,3.23671,2026-06-24T01:09:00Z,24.19,42.715,27.942,0.0,293.47
42.031,3.23671,2026-06-24T02:12:00Z,24.19,45.859,30.252,0.0,283.17
42.031,3.23671,2026-06-24T03:15:00Z,23.89,46.186,30.698,0.0,279.95
42.031,3.23671,2026-06-24T04:18:00Z,23.24,50.066,34.095,0.0,276.02
42.031,3.23671,2026-06-24T05:21:00Z,23.09,49.875,34.062,0.0,276.14
42.031,3.23671,2026-06-24T06:24:00Z,23.16,50.018,34.119,0.0,264.36
42.031,3.23671,2026-06-24T07:27:00Z,22.99,49.811,34.093,0.0,258.64
42.031,3.23671,2026-06-24T08:30:00Z,23.73,50.474,34.03,0.0,254.05
42.031,3.23671,2026-06-24T09:33:00Z,24.2,51.041,34.097,0.0,254.36
42.031,3.23671,2026-06-24T10:36:00Z,23.72,50.609,34.137,0.0,262.69
42.031,3.23671,2026-06-24T11:39:00Z,23.74,51.143,34.524,0.0,269.68
42.031,3.23671,2026-06-24T12:42:00Z,23.72,51.816,35.054,0.0,273.42
42.031,3.23671,2026-06-24T13:45:00Z,23.58,49.748,33.59,0.0,278.43
42.031,3.23671,2026-06-24T14:48:00Z,23.68,48.763,32.772,0.0,287.07
42.031,3.23671,2026-06-24T15:51:00Z,23.81,45.647,30.352,0.0,288.18
42.031,3.23671,2026-06-24T16:54:00Z,23.72,45.114,30.014,0.0,289.22
42.031,3.23671,2026-06-24T17:57:00Z,23.53,44.673,29.815,0.0,286.01
42.031,3.23671,2026-06-24T19:00:00Z,23.42,41.273,27.366,0.0,283.66
42.031,3.23671,2026-06-24T20:00:00Z,23.47,45.423,30.414,0.0,281.31
42.031,3.23671,2026-06-24T21:00:00Z,23.46,45.075,30.163,0.0,283.88
42.031,3.23671,2026-06-24T22:00:00Z,23.84,46.181,30.728,0.0,270.77
42.031,3.23671,2026-06-24T23:00:00Z,23.74,44.472,29.524,0.0,269.27
42.031,3.23671,2026-06-25T00:00:00Z,23.54,43.883,29.223,0.0,279.52
42.031,3.23671,2026-06-25T01:09:00Z,23.14,42.252,28.268,0.0,273.55
42.031,3.23671,2026-06-25T02:12:00Z,23.38,46.911,31.598,0.0,259.92
42.031,3.23671,2026-06-25T03:15:00Z,22.92,45.62,30.947,0.0,254.11
42.031,3.23671,2026-06-25T04:18:00Z,23.53,46.501,31.178,0.0,256.63
42.031,3.23671,2026-06-25T05:21:00Z,23.1,46.196,31.255,0.0,258.42
42.031,3.23671,2026-06-25T06:24:00Z,23.12,45.82,30.957,0.0,257.43
42.031,3.23671,2026-06-25T07:27:00Z,23.17,46.264,31.259,0.0,260.83
42.031,3.23671,2026-06-25T08:30:00Z,23.29,46.615,31.437,0.0,260.08
42.031,3.23671,2026-06-25T09:33:00Z,23.21,45.227,30.448,0.0,268.33
42.031,3.23671,2026-06-25T10:36:00Z,22.97,44.826,30.311,0.0,275.25
42.031,3.23671,2026-06-25T11:39:00Z,22.86,45.078,30.574,0.0,279.13
42.031,3.23671,2026-06-25T12:42:00Z,22.35,44.554,30.537,0.0,280.67
42.031,3.23671,2026-06-25T13:45:00Z,22.0,43.219,29.751,0.0,284.91
42.031,3.23671,2026-06-25T14:48:00Z,22.09,43.494,29.903,0.0,284.58
42.031,3.23671,2026-06-25T15:51:00Z,22.15,43.685,30.01,0.0,286.85
42.031,3.23671,2026-06-25T16:54:00Z,21.75,42.949,29.714,0.0,289.06
42.031,3.23671,2026-06-25T17:57:00Z,21.96,44.642,30.88,0.0,286.99
42.031,3.23671,2026-06-25T19:00:00Z,22.41,43.696,29.836,0.0,279.68
42.031,3.23671,2026-06-25T20:00:00Z,22.34,44.551,30.542,0.0,275.36
42.031,3.23671,2026-06-25T21:00:00Z,22.22,45.228,31.14,0.0,276.89
42.031,3.23671,2026-06-25T22:00:00Z,22.08,44.236,30.478,0.0,280.72
42.031,3.23671,2026-06-25T23:00:00Z,21.83,43.691,30.234,0.0,283.62
42.031,3.23671,2026-06-26T00:00:00Z,21.49,44.312,30.955,0.0,284.69
42.031,3.23671,2026-06-26T01:09:00Z,21.19,43.645,30.648,0.0,285.08
42.031,3.23671,2026-06-26T02:12:00Z,21.21,43.8,30.758,0.0,285.13
42.031,3.23671,2026-06-26T03:15:00Z,21.53,43.784,30.519,0.0,281.55
42.031,3.23671,2026-06-26T04:18:00Z,21.63,42.473,29.43,0.0,277.42
42.031,3.23671,2026-06-26T05:21:00Z,21.48,45.421,31.83,0.0,272.95
42.031,3.23671,2026-06-26T06:24:00Z,21.33,44.74,31.406,0.0,269.27
42.031,3.23671,2026-06-26T07:27:00Z,21.49,45.104,31.579,0.0,269.83
42.031,3.23671,2026-06-26T08:30:00Z,21.99,44.084,30.423,0.0,277.87
42.031,3.23671,2026-06-26T09:33:00Z,22.36,44.796,30.714,0.0,269.58
42.031,3.23671,2026-06-26T10:36:00Z,22.44,44.7,30.583,0.0,279.61
42.031,3.23671,2026-06-26T11:39:00Z,21.31,43.779,30.67,0.0,283.23
42.031,3.23671,2026-06-26T12:42:00Z,21.14,43.802,30.807,0.0,288.26
42.031,3.23671,2026-06-26T13:45:00Z,21.32,44.244,31.028,0.0,286.58
42.031,3.23671,2026-06-26T14:48:00Z,21.37,44.094,30.872,0.0,292.27
42.031,3.23671,2026-06-26T15:51:00Z,21.17,43.879,30.85,0.0,292.61
42.031,3.23671,2026-06-26T16:54:00Z,21.15,43.57,30.619,0.0,295.26
42.031,3.23671,2026-06-26T17:57:00Z,21.37,44.337,31.065,0.0,292.95
42.031,3.23671,2026-06-26T19:00:00Z,21.3,44.373,31.141,0.0,288.16
42.031,3.23671,2026-06-26T20:00:00Z,20.9,44.474,31.516,0.0,289.64
42.031,3.23671,2026-06-26T21:00:00Z,20.97,43.788,30.918,0.0,291.14
42.031,3.23671,2026-06-26T22:00:00Z,21.4,44.392,31.082,0.0,286.38
42.031,3.23671,2026-06-26T23:00:00Z,21.33,44.1,30.907,0.0,280.7
42.031,3.23671,2026-06-27T00:00:00Z,21.21,43.732,30.701,0.0,278.08
42.031,3.23671,2026-06-27T01:09:00Z,21.29,43.495,30.465,0.0,281.06
42.031,3.23671,2026-06-27T02:12:00Z,21.05,43.108,30.33,0.0,280.64
42.031,3.23671,2026-06-27T03:15:00Z,20.89,44.77,31.754,0.0,284.64
42.031,3.23671,2026-06-27T04:18:00Z,20.78,44.861,31.908,0.0,281.16
42.031,3.23671,2026-06-27T05:21:00Z,20.59,43.313,30.823,0.0,276.2
42.031,3.23671,2026-06-27T06:24:00Z,20.35,43.22,30.923,0.0,284.95
42.031,3.23671,2026-06-27T07:27:00Z,20.36,43.919,31.472,0.0,287.35
42.031,3.23671,2026-06-27T08:30:00Z,20.69,43.695,31.049,0.0,290.47
42.031,3.23671,2026-06-27T09:33:00Z,21.32,44.52,31.247,0.0,288.47
42.031,3.23671,2026-06-27T10:36:00Z,21.84,42.015,28.935,0.0,285.26
42.031,3.23671,2026-06-27T11:39:00Z,22.16,45.254,31.207,0.0,284.41
42.031,3.23671,2026-06-27T12:42:00Z,22.35,45.021,30.896,0.0,282.0
42.031,3.23671,2026-06-27T13:45:00Z,22.24,45.363,31.235,0.0,284.39
42.031,3.23671,2026-06-27T14:48:00Z,21.98,44.982,31.125,0.0,286.99
42.031,3.23671,2026-06-27T15:51:00Z,21.48,44.792,31.338,0.0,287.57
42.031,3.23671,2026-06-27T16:54:00Z,21.28,44.651,31.375,0.0,284.38
42.031,3.23671,2026-06-27T17:57:00Z,21.0,44.066,31.118,0.0,290.45
42.031,3.23671,2026-06-27T19:00:00Z,20.68,43.798,31.14,0.0,291.51
42.031,3.23671,2026-06-27T20:00:00Z,20.43,44.592,31.956,0.0,289.42
42.031,3.23671,2026-06-27T21:00:00Z,20.26,42.453,30.377,0.0,291.41
42.031,3.23671,2026-06-27T22:00:00Z,20.09,41.198,29.493,0.0,293.98
42.031,3.23671,2026-06-27T23:00:00Z,19.87,44.316,32.16,0.0,295.44
42.031,3.23671,2026-06-28T00:00:00Z,19.67,43.723,31.833,0.0,293.12
42.031,3.23671,2026-06-28T01:09:00Z,19.77,41.352,29.843,0.0,290.31
42.031,3.23671,2026-06-28T02:12:00Z,19.61,40.734,29.46,0.0,281.14
42.031,3.23671,2026-06-28T03:15:00Z,19.47,42.992,31.386,0.0,298.2
42.031,3.23671,2026-06-28T04:18:00Z,19.4,39.43,28.554,0.0,297.95
42.031,3.23671,2026-06-28T05:21:00Z,19.4,40.079,29.073,0.0,299.76
42.031,3.23671,2026-06-28T06:24:00Z,19.49,40.603,29.437,0.0,287.2
42.031,3.23671,2026-06-28T07:27:00Z,19.67,41.064,29.681,0.0,286.7
42.031,3.23671,2026-06-28T08:30:00Z,20.29,40.964,29.167,0.0,296.74
42.031,3.23671,2026-06-28T09:33:00Z,21.59,42.911,29.796,0.0,298.39
42.031,3.23671,2026-06-28T10:36:00Z,23.04,44.203,29.792,0.0,295.5
42.031,3.23671,2026-06-28T11:39:00Z,23.36,43.63,29.154,0.0,290.11
42.031,3.23671,2026-06-28T12:42:00Z,24.06,43.318,28.471,0.0,286.11
42.031,3.23671,2026-06-28T13:45:00Z,24.2,43.889,28.799,0.0,284.82
42.031,3.23671,2026-06-28T14:48:00Z,24.68,45.28,29.502,0.0,284.39
42.031,3.23671,2026-06-28T15:51:00Z,24.78,45.005,29.238,0.0,285.0
42.031,3.23671,2026-06-28T16:54:00Z,24.43,45.599,29.896,0.0,282.91
42.031,3.23671,2026-06-28T17:57:00Z,24.45,45.469,29.792,0.0,283.89
42.031,3.23671,2026-06-28T19:00:00Z,24.16,44.143,29.006,0.0,284.56
42.031,3.23671,2026-06-28T20:00:00Z,23.94,45.004,29.786,0.0,284.39
42.031,3.23671,2026-06-28T21:00:00Z,23.83,44.533,29.513,0.0,279.52
42.031,3.23671,2026-06-28T22:00:00Z,23.08,44.224,29.781,0.0,280.57
42.031,3.23671,2026-06-28T23:00:00Z,22.37,43.769,29.921,0.0,279.22
42.031,3.23671,2026-06-29T00:00:00Z,22.36,46.349,31.905,0.0,278.41
42.031,3.23671,2026-06-29T01:09:00Z,22.41,46.081,31.666,0.0,276.94
42.031,3.23671,2026-06-29T02:12:00Z,22.3,46.824,32.319,0.0,277.52
42.031,3.23671,2026-06-29T03:15:00Z,21.53,46.857,32.922,0.0,284.42
42.031,3.23671,2026-06-29T04:18:00Z,22.63,45.362,30.957,0.0,279.27
42.031,3.23671,2026-06-29T05:21:00Z,23.36,43.246,28.866,0.0,281.66
42.031,3.23671,2026-06-29T06:24:00Z,23.32,43.183,28.842,0.0,280.22
42.031,3.23671,2026-06-29T07:27:00Z,23.44,42.638,28.363,0.0,283.7
42.031,3.23671,2026-06-29T08:30:00Z,23.9,43.747,28.888,0.0,276.26
42.031,3.23671,2026-06-29T09:33:00Z,24.46,44.629,29.169,0.0,273.95
42.031,3.23671,2026-06-29T10:36:00Z,24.93,45.075,29.189,0.0,273.07
42.031,3.23671,2026-06-29T11:39:00Z,25.05,48.261,31.422,0.0,266.43
42.031,3.23671,2026-06-29T12:42:00Z,24.6,47.679,31.305,0.0,273.66
42.031,3.23671,2026-06-29T13:45:00Z,24.54,47.167,30.972,0.0,271.76
42.031,3.23671,2026-06-29T14:48:00Z,24.85,48.681,31.868,0.0,269.57
42.031,3.23671,2026-06-29T15:51:00Z,25.01,49.005,31.995,0.0,263.31
42.031,3.23671,2026-06-29T16:54:00Z,24.79,49.299,32.367,0.0,270.04
42.031,3.23671,2026-06-29T17:57:00Z,24.51,48.337,31.856,0.0,271.74
42.031,3.23671,2026-06-29T19:00:00Z,24.27,48.777,32.357,0.0,268.51
42.031,3.23671,2026-06-29T20:00:00Z,24.24,47.958,31.768,0.0,272.32
42.031,3.23671,2026-06-29T21:00:00Z,24.26,48.866,32.426,0.0,273.08
42.031,3.23671,2026-06-29T22:00:00Z,24.25,47.639,31.521,0.0,268.36
42.031,3.23671,2026-06-29T23:00:00Z,23.74,47.106,31.489,0.0,271.45
42.031,3.23671,2026-06-30T00:00:00Z,23.35,47.491,32.055,0.0,271.72
42.031,3.23671,2026-06-30T01:09:00Z,22.95,47.499,32.355,0.0,271.87
42.031,3.23671,2026-06-30T02:12:00Z,23.34,47.417,32.008,0.0,268.95
42.031,3.23671,2026-06-30T03:15:00Z,23.28,47.819,32.352,0.0,275.58
42.031,3.23671,2026-06-30T04:18:00Z,23.22,47.217,31.944,0.0,275.3
42.031,3.23671,2026-06-30T05:21:00Z,23.51,47.416,31.881,0.0,262.82
42.031,3.23671,2026-06-30T06:24:00Z,23.8,47.334,31.617,0.0,255.22
42.031,3.23671,2026-06-30T07:27:00Z,23.59,47.793,32.11,0.0,236.46
42.031,3.23671,2026-06-30T08:30:00Z,23.9,47.484,31.658,0.0,243.53
42.031,3.23671,2026-06-30T09:33:00Z,23.97,46.939,31.204,0.0,263.25
42.031,3.23671,2026-06-30T10:36:00Z,24.14,47.772,31.699,0.0,262.02
42.031,3.23671,2026-06-30T11:39:00Z,24.26,47.702,31.564,0.0,263.27
42.031,3.23671,2026-06-30T12:42:00Z,24.98,48.981,31.999,0.0,263.47
42.031,3.23671,2026-06-30T13:45:00Z,25.27,49.079,31.864,0.0,258.52
42.031,3.23671,2026-06-30T14:48:00Z,24.87,48.427,31.669,0.0,266.19
42.031,3.23671,2026-06-30T15:51:00Z,24.59,48.326,31.794,0.0,256.61
42.031,3.23671,2026-06-30T16:54:00Z,24.2,47.8,31.676,0.0,267.64
42.031,3.23671,2026-06-30T17:57:00Z,24.16,47.757,31.675,0.0,262.6
42.031,3.23671,2026-06-30T19:00:00Z,24.08,47.545,31.575,0.0,264.41
42.031,3.23671,2026-06-30T20:00:00Z,23.95,47.375,31.536,0.0,261.94
42.031,3.23671,2026-06-30T21:00:00Z,23.98,47.43,31.56,0.0,270.27
42.031,3.23671,2026-06-30T22:00:00Z,24.19,47.213,31.253,0.0,273.27
42.031,3.23671,2026-06-30T23:00:00Z,24.05,45.706,30.23,0.0,271.31
42.031,3.23671,2026-07-01T00:00:00Z,23.6,45.551,30.42,0.0,274.27
